<?xml version="1.0" encoding="UTF-8"?>
<questestinterop xmlns="http://www.imsglobal.org/xsd/ims_qtiasiv1p2" xmlns:xsi="http://www.w3.org/2001/XMLSchema-instance" xsi:schemaLocation="http://www.imsglobal.org/xsd/ims_qtiasiv1p2 http://www.imsglobal.org/xsd/ims_qtiasiv1p2p1.xsd">
  <assessment ident="text2qti_assessment_195e0ed5b281796250355661b38ee88ade699f6d480062dd79b3816d23a7cbd1" title="First Program">
    <qtimetadata>
      <qtimetadatafield>
        <fieldlabel>cc_maxattempts</fieldlabel>
        <fieldentry>1</fieldentry>
      </qtimetadatafield>
    </qtimetadata>
    <section ident="root_section">
      <item ident="text2qti_question_f147c7ff92b79206dd56184451d1b5d508a798f401df4fa959989842cf3c1b4b" title="Question">
        <itemmetadata>
          <qtimetadata>
            <qtimetadatafield>
              <fieldlabel>question_type</fieldlabel>
              <fieldentry>multiple_choice_question</fieldentry>
            </qtimetadatafield>
            <qtimetadatafield>
              <fieldlabel>points_possible</fieldlabel>
              <fieldentry>1</fieldentry>
            </qtimetadatafield>
            <qtimetadatafield>
              <fieldlabel>original_answer_ids</fieldlabel>
              <fieldentry>text2qti_choice_1e4b6fd6f1dc09ada92172393d784069639fa018bf4f18013111f8b1d4ca8c70,text2qti_choice_6f68c3eae3e9955f927394f8523df337d1112543056df54d7b17690199413cd7,text2qti_choice_0d3ecacc42e016d68fca2a426763f3b9777f26fd56ae27302edfa92120ee8e4d</fieldentry>
            </qtimetadatafield>
            <qtimetadatafield>
              <fieldlabel>assessment_question_identifierref</fieldlabel>
              <fieldentry>text2qti_question_ref_f147c7ff92b79206dd56184451d1b5d508a798f401df4fa959989842cf3c1b4b</fieldentry>
            </qtimetadatafield>
          </qtimetadata>
        </itemmetadata>
        <presentation>
          <material>
            <mattext texttype="text/html">&lt;p&gt;Which function runs once at the start of your Arduino program?&lt;/p&gt;</mattext>
          </material>
          <response_lid ident="response1" rcardinality="Single">
            <render_choice>
              <response_label ident="text2qti_choice_1e4b6fd6f1dc09ada92172393d784069639fa018bf4f18013111f8b1d4ca8c70">
                <material>
                  <mattext texttype="text/html">&lt;p&gt;setup()&lt;/p&gt;</mattext>
                </material>
              </response_label>
              <response_label ident="text2qti_choice_6f68c3eae3e9955f927394f8523df337d1112543056df54d7b17690199413cd7">
                <material>
                  <mattext texttype="text/html">&lt;p&gt;loop()&lt;/p&gt;</mattext>
                </material>
              </response_label>
              <response_label ident="text2qti_choice_0d3ecacc42e016d68fca2a426763f3b9777f26fd56ae27302edfa92120ee8e4d">
                <material>
                  <mattext texttype="text/html">&lt;p&gt;main()&lt;/p&gt;</mattext>
                </material>
              </response_label>
            </render_choice>
          </response_lid>
        </presentation>
        <resprocessing>
          <outcomes>
            <decvar maxvalue="100" minvalue="0" varname="SCORE" vartype="Decimal"/>
          </outcomes>
          <respcondition continue="Yes">
            <conditionvar>
              <other/>
            </conditionvar>
            <displayfeedback feedbacktype="Response" linkrefid="general_fb"/>
          </respcondition>
          <respcondition continue="Yes">
            <conditionvar>
              <varequal respident="response1">text2qti_choice_1e4b6fd6f1dc09ada92172393d784069639fa018bf4f18013111f8b1d4ca8c70</varequal>
            </conditionvar>
            <displayfeedback feedbacktype="Response" linkrefid="text2qti_choice_1e4b6fd6f1dc09ada92172393d784069639fa018bf4f18013111f8b1d4ca8c70_fb"/>
          </respcondition>
          <respcondition continue="No">
            <conditionvar>
              <varequal respident="response1">text2qti_choice_1e4b6fd6f1dc09ada92172393d784069639fa018bf4f18013111f8b1d4ca8c70</varequal>
            </conditionvar>
            <setvar action="Set" varname="SCORE">100</setvar>
          </respcondition>
        </resprocessing>
        <itemfeedback ident="general_fb">
          <flow_mat>
            <material>
              <mattext texttype="text/html">&lt;p&gt;This function is called before &lt;code&gt;loop()&lt;/code&gt;.&lt;/p&gt;</mattext>
            </material>
          </flow_mat>
        </itemfeedback>
        <itemfeedback ident="text2qti_choice_1e4b6fd6f1dc09ada92172393d784069639fa018bf4f18013111f8b1d4ca8c70_fb">
          <flow_mat>
            <material>
              <mattext texttype="text/html">&lt;p&gt;Correct. &lt;code&gt;setup()&lt;/code&gt; runs a single time.&lt;/p&gt;</mattext>
            </material>
          </flow_mat>
        </itemfeedback>
      </item>
      <item ident="text2qti_question_273310c6f4104d485bf76419cd99dcba7558f8be7b7d1bf522561a7b08c09926" title="Question">
        <itemmetadata>
          <qtimetadata>
            <qtimetadatafield>
              <fieldlabel>question_type</fieldlabel>
              <fieldentry>essay_question</fieldentry>
            </qtimetadatafield>
            <qtimetadatafield>
              <fieldlabel>points_possible</fieldlabel>
              <fieldentry>1</fieldentry>
            </qtimetadatafield>
            <qtimetadatafield>
              <fieldlabel>original_answer_ids</fieldlabel>
              <fieldentry></fieldentry>
            </qtimetadatafield>
            <qtimetadatafield>
              <fieldlabel>assessment_question_identifierref</fieldlabel>
              <fieldentry>text2qti_question_ref_273310c6f4104d485bf76419cd99dcba7558f8be7b7d1bf522561a7b08c09926</fieldentry>
            </qtimetadatafield>
          </qtimetadata>
        </itemmetadata>
        <presentation>
          <material>
            <mattext texttype="text/html">&lt;p&gt;Where should you set &lt;code&gt;pinMode()&lt;/code&gt; calls?&lt;/p&gt;</mattext>
          </material>
          <response_str ident="response1" rcardinality="Single">
            <render_fib>
              <response_label ident="answer1" rshuffle="No"/>
            </render_fib>
          </response_str>
        </presentation>
        <resprocessing>
          <outcomes>
            <decvar maxvalue="100" minvalue="0" varname="SCORE" vartype="Decimal"/>
          </outcomes>
          <respcondition continue="No">
            <conditionvar>
              <other/>
            </conditionvar>
          </respcondition>
        </resprocessing>
      </item>
      <item ident="text2qti_question_3af6b8cb27994c7acf5ce2be4a9c90daac299f929b247231167fe88590d8ee44" title="Question">
        <itemmetadata>
          <qtimetadata>
            <qtimetadatafield>
              <fieldlabel>question_type</fieldlabel>
              <fieldentry>multiple_choice_question</fieldentry>
            </qtimetadatafield>
            <qtimetadatafield>
              <fieldlabel>points_possible</fieldlabel>
              <fieldentry>1</fieldentry>
            </qtimetadatafield>
            <qtimetadatafield>
              <fieldlabel>original_answer_ids</fieldlabel>
              <fieldentry>text2qti_choice_d46c4235feec95a5f4f67fcf0e84ecbefaab0b5a87817557e2f2269a9741a547,text2qti_choice_9b3e5003ba2d3cded90a99f706ee28b3b5da63b8189af59b855f08b6c543fccf,text2qti_choice_077db1d99670ca3a51f4d8d66c52e100b7c3eeaa1758d452e710edacab54377f</fieldentry>
            </qtimetadatafield>
            <qtimetadatafield>
              <fieldlabel>assessment_question_identifierref</fieldlabel>
              <fieldentry>text2qti_question_ref_3af6b8cb27994c7acf5ce2be4a9c90daac299f929b247231167fe88590d8ee44</fieldentry>
            </qtimetadatafield>
          </qtimetadata>
        </itemmetadata>
        <presentation>
          <material>
            <mattext texttype="text/html">&lt;p&gt;What will the built-in LED do in this program?&lt;/p&gt;</mattext>
          </material>
          <response_lid ident="response1" rcardinality="Single">
            <render_choice>
              <response_label ident="text2qti_choice_d46c4235feec95a5f4f67fcf0e84ecbefaab0b5a87817557e2f2269a9741a547">
                <material>
                  <mattext texttype="text/html">&lt;p&gt;It turns on and stays on.&lt;/p&gt;</mattext>
                </material>
              </response_label>
              <response_label ident="text2qti_choice_9b3e5003ba2d3cded90a99f706ee28b3b5da63b8189af59b855f08b6c543fccf">
                <material>
                  <mattext texttype="text/html">&lt;p&gt;It blinks forever.&lt;/p&gt;</mattext>
                </material>
              </response_label>
              <response_label ident="text2qti_choice_077db1d99670ca3a51f4d8d66c52e100b7c3eeaa1758d452e710edacab54377f">
                <material>
                  <mattext texttype="text/html">&lt;p&gt;It never turns on.&lt;/p&gt;</mattext>
                </material>
              </response_label>
            </render_choice>
          </response_lid>
        </presentation>
        <resprocessing>
          <outcomes>
            <decvar maxvalue="100" minvalue="0" varname="SCORE" vartype="Decimal"/>
          </outcomes>
          <respcondition continue="Yes">
            <conditionvar>
              <varequal respident="response1">text2qti_choice_d46c4235feec95a5f4f67fcf0e84ecbefaab0b5a87817557e2f2269a9741a547</varequal>
            </conditionvar>
            <displayfeedback feedbacktype="Response" linkrefid="text2qti_choice_d46c4235feec95a5f4f67fcf0e84ecbefaab0b5a87817557e2f2269a9741a547_fb"/>
          </respcondition>
          <respcondition continue="No">
            <conditionvar>
              <varequal respident="response1">text2qti_choice_d46c4235feec95a5f4f67fcf0e84ecbefaab0b5a87817557e2f2269a9741a547</varequal>
            </conditionvar>
            <setvar action="Set" varname="SCORE">100</setvar>
          </respcondition>
        </resprocessing>
        <itemfeedback ident="text2qti_choice_d46c4235feec95a5f4f67fcf0e84ecbefaab0b5a87817557e2f2269a9741a547_fb">
          <flow_mat>
            <material>
              <mattext texttype="text/html">&lt;p&gt;&lt;code&gt;digitalWrite&lt;/code&gt; sets the LED HIGH and &lt;code&gt;loop()&lt;/code&gt; does nothing else.&lt;/p&gt;</mattext>
            </material>
          </flow_mat>
        </itemfeedback>
      </item>
    </section>
  </assessment>
</questestinterop>
