<?xml version="1.0" encoding="UTF-8"?>
<questestinterop xmlns="http://www.imsglobal.org/xsd/ims_qtiasiv1p2" xmlns:xsi="http://www.w3.org/2001/XMLSchema-instance" xsi:schemaLocation="http://www.imsglobal.org/xsd/ims_qtiasiv1p2 http://www.imsglobal.org/xsd/ims_qtiasiv1p2p1.xsd">
  <assessment ident="text2qti_assessment_3ced1848a53acc3443b2ba462a9e70fbd66b9bcc232190d01d656d59d6c61a43" title="Track 1 Final Quiz: 3D Printing">
    <qtimetadata>
      <qtimetadatafield>
        <fieldlabel>cc_maxattempts</fieldlabel>
        <fieldentry>1</fieldentry>
      </qtimetadatafield>
    </qtimetadata>
    <section ident="root_section">
      <item ident="text2qti_question_f344d06ba49aa59c6d70c7074b8f570340a9a87f06fad44c1332a0b2f0d7b42e" title="Question">
        <itemmetadata>
          <qtimetadata>
            <qtimetadatafield>
              <fieldlabel>question_type</fieldlabel>
              <fieldentry>multiple_choice_question</fieldentry>
            </qtimetadatafield>
            <qtimetadatafield>
              <fieldlabel>points_possible</fieldlabel>
              <fieldentry>1</fieldentry>
            </qtimetadatafield>
            <qtimetadatafield>
              <fieldlabel>original_answer_ids</fieldlabel>
              <fieldentry>text2qti_choice_ccfbca1751575dcd07801909a9126f351975eac86fcfee1f2fa1d64bd944f369,text2qti_choice_413651862090cb8ed131edff06a30830963c97650121da4b69d35189f50258bc,text2qti_choice_3d8da2002d4fb788e9381b6087174289531710fc0ce013dd4dc243c9a7b7c42e</fieldentry>
            </qtimetadatafield>
            <qtimetadatafield>
              <fieldlabel>assessment_question_identifierref</fieldlabel>
              <fieldentry>text2qti_question_ref_f344d06ba49aa59c6d70c7074b8f570340a9a87f06fad44c1332a0b2f0d7b42e</fieldentry>
            </qtimetadatafield>
          </qtimetadata>
        </itemmetadata>
        <presentation>
          <material>
            <mattext texttype="text/html">&lt;p&gt;Which file format is most commonly exported from Tinkercad for 3D printing?&lt;/p&gt;</mattext>
          </material>
          <response_lid ident="response1" rcardinality="Single">
            <render_choice>
              <response_label ident="text2qti_choice_ccfbca1751575dcd07801909a9126f351975eac86fcfee1f2fa1d64bd944f369">
                <material>
                  <mattext texttype="text/html">&lt;p&gt;STL&lt;/p&gt;</mattext>
                </material>
              </response_label>
              <response_label ident="text2qti_choice_413651862090cb8ed131edff06a30830963c97650121da4b69d35189f50258bc">
                <material>
                  <mattext texttype="text/html">&lt;p&gt;DOCX&lt;/p&gt;</mattext>
                </material>
              </response_label>
              <response_label ident="text2qti_choice_3d8da2002d4fb788e9381b6087174289531710fc0ce013dd4dc243c9a7b7c42e">
                <material>
                  <mattext texttype="text/html">&lt;p&gt;PSD&lt;/p&gt;</mattext>
                </material>
              </response_label>
            </render_choice>
          </response_lid>
        </presentation>
        <resprocessing>
          <outcomes>
            <decvar maxvalue="100" minvalue="0" varname="SCORE" vartype="Decimal"/>
          </outcomes>
          <respcondition continue="Yes">
            <conditionvar>
              <varequal respident="response1">text2qti_choice_ccfbca1751575dcd07801909a9126f351975eac86fcfee1f2fa1d64bd944f369</varequal>
            </conditionvar>
            <displayfeedback feedbacktype="Response" linkrefid="text2qti_choice_ccfbca1751575dcd07801909a9126f351975eac86fcfee1f2fa1d64bd944f369_fb"/>
          </respcondition>
          <respcondition continue="No">
            <conditionvar>
              <varequal respident="response1">text2qti_choice_ccfbca1751575dcd07801909a9126f351975eac86fcfee1f2fa1d64bd944f369</varequal>
            </conditionvar>
            <setvar action="Set" varname="SCORE">100</setvar>
          </respcondition>
        </resprocessing>
        <itemfeedback ident="text2qti_choice_ccfbca1751575dcd07801909a9126f351975eac86fcfee1f2fa1d64bd944f369_fb">
          <flow_mat>
            <material>
              <mattext texttype="text/html">&lt;p&gt;STL files are widely supported by slicers and are the standard for FDM printing.&lt;/p&gt;</mattext>
            </material>
          </flow_mat>
        </itemfeedback>
      </item>
      <item ident="text2qti_question_1283b5428ff224c7a6733b447dfa93aa634d046f3b2c5819afe818e1204e02db" title="Question">
        <itemmetadata>
          <qtimetadata>
            <qtimetadatafield>
              <fieldlabel>question_type</fieldlabel>
              <fieldentry>multiple_choice_question</fieldentry>
            </qtimetadatafield>
            <qtimetadatafield>
              <fieldlabel>points_possible</fieldlabel>
              <fieldentry>1</fieldentry>
            </qtimetadatafield>
            <qtimetadatafield>
              <fieldlabel>original_answer_ids</fieldlabel>
              <fieldentry>text2qti_choice_a235a2b2cb73a8edaaa48716b860a6d14a050c93dbaf52b82438e48e4ab5fdb0,text2qti_choice_9a364533f5f1557db4da90c9fdfc4bb237c4e1632464293ba1d949ee5bf614f4,text2qti_choice_f412fbc7871046866e602af20c277fc22f5fc727d7b9346c1153efdb9165bc1c</fieldentry>
            </qtimetadatafield>
            <qtimetadatafield>
              <fieldlabel>assessment_question_identifierref</fieldlabel>
              <fieldentry>text2qti_question_ref_1283b5428ff224c7a6733b447dfa93aa634d046f3b2c5819afe818e1204e02db</fieldentry>
            </qtimetadatafield>
          </qtimetadata>
        </itemmetadata>
        <presentation>
          <material>
            <mattext texttype="text/html">&lt;p&gt;To avoid sagging overhangs without supports, what design guideline should you follow?&lt;/p&gt;</mattext>
          </material>
          <response_lid ident="response1" rcardinality="Single">
            <render_choice>
              <response_label ident="text2qti_choice_a235a2b2cb73a8edaaa48716b860a6d14a050c93dbaf52b82438e48e4ab5fdb0">
                <material>
                  <mattext texttype="text/html">&lt;p&gt;Keep overhang angles at or above 45 degrees&lt;/p&gt;</mattext>
                </material>
              </response_label>
              <response_label ident="text2qti_choice_9a364533f5f1557db4da90c9fdfc4bb237c4e1632464293ba1d949ee5bf614f4">
                <material>
                  <mattext texttype="text/html">&lt;p&gt;Use a 90-degree overhang on every edge&lt;/p&gt;</mattext>
                </material>
              </response_label>
              <response_label ident="text2qti_choice_f412fbc7871046866e602af20c277fc22f5fc727d7b9346c1153efdb9165bc1c">
                <material>
                  <mattext texttype="text/html">&lt;p&gt;Increase layer height to 0.5 mm&lt;/p&gt;</mattext>
                </material>
              </response_label>
            </render_choice>
          </response_lid>
        </presentation>
        <resprocessing>
          <outcomes>
            <decvar maxvalue="100" minvalue="0" varname="SCORE" vartype="Decimal"/>
          </outcomes>
          <respcondition continue="Yes">
            <conditionvar>
              <varequal respident="response1">text2qti_choice_a235a2b2cb73a8edaaa48716b860a6d14a050c93dbaf52b82438e48e4ab5fdb0</varequal>
            </conditionvar>
            <displayfeedback feedbacktype="Response" linkrefid="text2qti_choice_a235a2b2cb73a8edaaa48716b860a6d14a050c93dbaf52b82438e48e4ab5fdb0_fb"/>
          </respcondition>
          <respcondition continue="No">
            <conditionvar>
              <varequal respident="response1">text2qti_choice_a235a2b2cb73a8edaaa48716b860a6d14a050c93dbaf52b82438e48e4ab5fdb0</varequal>
            </conditionvar>
            <setvar action="Set" varname="SCORE">100</setvar>
          </respcondition>
        </resprocessing>
        <itemfeedback ident="text2qti_choice_a235a2b2cb73a8edaaa48716b860a6d14a050c93dbaf52b82438e48e4ab5fdb0_fb">
          <flow_mat>
            <material>
              <mattext texttype="text/html">&lt;p&gt;Angles steeper than 45° usually require supports to print successfully.&lt;/p&gt;</mattext>
            </material>
          </flow_mat>
        </itemfeedback>
      </item>
      <item ident="text2qti_question_b049aaa04c561474c58139f325531141c2a45dce34cb9f0cb262a37ec28e9c52" title="Question">
        <itemmetadata>
          <qtimetadata>
            <qtimetadatafield>
              <fieldlabel>question_type</fieldlabel>
              <fieldentry>multiple_choice_question</fieldentry>
            </qtimetadatafield>
            <qtimetadatafield>
              <fieldlabel>points_possible</fieldlabel>
              <fieldentry>1</fieldentry>
            </qtimetadatafield>
            <qtimetadatafield>
              <fieldlabel>original_answer_ids</fieldlabel>
              <fieldentry>text2qti_choice_20a0b7836c87dd5f14626af7ed0c9bcc3a5f5672167a6fb8bced905d28f27f18,text2qti_choice_40f2578ac5ef84e7fcef6cc5b4645655b77bf7d28027e5a58a76d4416c497f41,text2qti_choice_e52f6752a8f06dbbcfe7380e6ee3a4e9eac2f0cf5144810db87ae96a021bc7b6</fieldentry>
            </qtimetadatafield>
            <qtimetadatafield>
              <fieldlabel>assessment_question_identifierref</fieldlabel>
              <fieldentry>text2qti_question_ref_b049aaa04c561474c58139f325531141c2a45dce34cb9f0cb262a37ec28e9c52</fieldentry>
            </qtimetadatafield>
          </qtimetadata>
        </itemmetadata>
        <presentation>
          <material>
            <mattext texttype="text/html">&lt;p&gt;You need two parts to slide together easily but stay aligned. Which fit and clearance should you design for?&lt;/p&gt;</mattext>
          </material>
          <response_lid ident="response1" rcardinality="Single">
            <render_choice>
              <response_label ident="text2qti_choice_20a0b7836c87dd5f14626af7ed0c9bcc3a5f5672167a6fb8bced905d28f27f18">
                <material>
                  <mattext texttype="text/html">&lt;p&gt;Press fit with 0.1 mm clearance&lt;/p&gt;</mattext>
                </material>
              </response_label>
              <response_label ident="text2qti_choice_40f2578ac5ef84e7fcef6cc5b4645655b77bf7d28027e5a58a76d4416c497f41">
                <material>
                  <mattext texttype="text/html">&lt;p&gt;Slip fit with 0.2 mm clearance&lt;/p&gt;</mattext>
                </material>
              </response_label>
              <response_label ident="text2qti_choice_e52f6752a8f06dbbcfe7380e6ee3a4e9eac2f0cf5144810db87ae96a021bc7b6">
                <material>
                  <mattext texttype="text/html">&lt;p&gt;Loose clearance fit with 0.5 mm clearance&lt;/p&gt;</mattext>
                </material>
              </response_label>
            </render_choice>
          </response_lid>
        </presentation>
        <resprocessing>
          <outcomes>
            <decvar maxvalue="100" minvalue="0" varname="SCORE" vartype="Decimal"/>
          </outcomes>
          <respcondition continue="Yes">
            <conditionvar>
              <varequal respident="response1">text2qti_choice_40f2578ac5ef84e7fcef6cc5b4645655b77bf7d28027e5a58a76d4416c497f41</varequal>
            </conditionvar>
            <displayfeedback feedbacktype="Response" linkrefid="text2qti_choice_40f2578ac5ef84e7fcef6cc5b4645655b77bf7d28027e5a58a76d4416c497f41_fb"/>
          </respcondition>
          <respcondition continue="No">
            <conditionvar>
              <varequal respident="response1">text2qti_choice_40f2578ac5ef84e7fcef6cc5b4645655b77bf7d28027e5a58a76d4416c497f41</varequal>
            </conditionvar>
            <setvar action="Set" varname="SCORE">100</setvar>
          </respcondition>
        </resprocessing>
        <itemfeedback ident="text2qti_choice_40f2578ac5ef84e7fcef6cc5b4645655b77bf7d28027e5a58a76d4416c497f41_fb">
          <flow_mat>
            <material>
              <mattext texttype="text/html">&lt;p&gt;A slip fit allows easy assembly and disassembly while maintaining alignment.&lt;/p&gt;</mattext>
            </material>
          </flow_mat>
        </itemfeedback>
      </item>
      <item ident="text2qti_question_deb47b005611ca07f844311f3dd41396ca602768c19a23f8145bc8faba38579e" title="Question">
        <itemmetadata>
          <qtimetadata>
            <qtimetadatafield>
              <fieldlabel>question_type</fieldlabel>
              <fieldentry>multiple_choice_question</fieldentry>
            </qtimetadatafield>
            <qtimetadatafield>
              <fieldlabel>points_possible</fieldlabel>
              <fieldentry>1</fieldentry>
            </qtimetadatafield>
            <qtimetadatafield>
              <fieldlabel>original_answer_ids</fieldlabel>
              <fieldentry>text2qti_choice_5bc350a6dea9a941b5a52b5fa2ecad5f93bb7bc24afc88eac0bd095384309a63,text2qti_choice_294e4af578336cd2c12dca5016950ccd1bbf62379e6bbf4df9980f44683b8c0e,text2qti_choice_9c86cf0c32b4ad8fd72f04a8c72c4ed734cda42c8e0b6a5a287051ed4b0afc13</fieldentry>
            </qtimetadatafield>
            <qtimetadatafield>
              <fieldlabel>assessment_question_identifierref</fieldlabel>
              <fieldentry>text2qti_question_ref_deb47b005611ca07f844311f3dd41396ca602768c19a23f8145bc8faba38579e</fieldentry>
            </qtimetadatafield>
          </qtimetadata>
        </itemmetadata>
        <presentation>
          <material>
            <mattext texttype="text/html">&lt;p&gt;When naming your G-code file for submission at USF, which example follows the required format?&lt;/p&gt;</mattext>
          </material>
          <response_lid ident="response1" rcardinality="Single">
            <render_choice>
              <response_label ident="text2qti_choice_5bc350a6dea9a941b5a52b5fa2ecad5f93bb7bc24afc88eac0bd095384309a63">
                <material>
                  <mattext texttype="text/html">&lt;p&gt;Project1.gcode&lt;/p&gt;</mattext>
                </material>
              </response_label>
              <response_label ident="text2qti_choice_294e4af578336cd2c12dca5016950ccd1bbf62379e6bbf4df9980f44683b8c0e">
                <material>
                  <mattext texttype="text/html">&lt;p&gt;Garcia_M_SEC2_Brace.gcode&lt;/p&gt;</mattext>
                </material>
              </response_label>
              <response_label ident="text2qti_choice_9c86cf0c32b4ad8fd72f04a8c72c4ed734cda42c8e0b6a5a287051ed4b0afc13">
                <material>
                  <mattext texttype="text/html">&lt;p&gt;gear.gcode&lt;/p&gt;</mattext>
                </material>
              </response_label>
            </render_choice>
          </response_lid>
        </presentation>
        <resprocessing>
          <outcomes>
            <decvar maxvalue="100" minvalue="0" varname="SCORE" vartype="Decimal"/>
          </outcomes>
          <respcondition continue="Yes">
            <conditionvar>
              <varequal respident="response1">text2qti_choice_294e4af578336cd2c12dca5016950ccd1bbf62379e6bbf4df9980f44683b8c0e</varequal>
            </conditionvar>
            <displayfeedback feedbacktype="Response" linkrefid="text2qti_choice_294e4af578336cd2c12dca5016950ccd1bbf62379e6bbf4df9980f44683b8c0e_fb"/>
          </respcondition>
          <respcondition continue="No">
            <conditionvar>
              <varequal respident="response1">text2qti_choice_294e4af578336cd2c12dca5016950ccd1bbf62379e6bbf4df9980f44683b8c0e</varequal>
            </conditionvar>
            <setvar action="Set" varname="SCORE">100</setvar>
          </respcondition>
        </resprocessing>
        <itemfeedback ident="text2qti_choice_294e4af578336cd2c12dca5016950ccd1bbf62379e6bbf4df9980f44683b8c0e_fb">
          <flow_mat>
            <material>
              <mattext texttype="text/html">&lt;p&gt;The required format is LastName_FirstInitial_ProfessorSection_Model.gcode.&lt;/p&gt;</mattext>
            </material>
          </flow_mat>
        </itemfeedback>
      </item>
      <item ident="text2qti_question_851823b386d0d2d668aaaf16cb8be902f32468f0a84d81e6740987dbb1e0b07c" title="Question">
        <itemmetadata>
          <qtimetadata>
            <qtimetadatafield>
              <fieldlabel>question_type</fieldlabel>
              <fieldentry>multiple_choice_question</fieldentry>
            </qtimetadatafield>
            <qtimetadatafield>
              <fieldlabel>points_possible</fieldlabel>
              <fieldentry>1</fieldentry>
            </qtimetadatafield>
            <qtimetadatafield>
              <fieldlabel>original_answer_ids</fieldlabel>
              <fieldentry>text2qti_choice_1132f2a5e7922b90a90695711ce579546e6d0c7c0b8b13af5a19e68b59c09c0d,text2qti_choice_2d6bbce8a116d376bd7a80dcb01701bc0be1908eb1abe8363dda9b68884112f4,text2qti_choice_c6d279ef038a26220d01da0c5d3c1b372e5b44ecbdf710345650dfc969228fcb</fieldentry>
            </qtimetadatafield>
            <qtimetadatafield>
              <fieldlabel>assessment_question_identifierref</fieldlabel>
              <fieldentry>text2qti_question_ref_851823b386d0d2d668aaaf16cb8be902f32468f0a84d81e6740987dbb1e0b07c</fieldentry>
            </qtimetadatafield>
          </qtimetadata>
        </itemmetadata>
        <presentation>
          <material>
            <mattext texttype="text/html">&lt;p&gt;Why should you preview the sliced model before exporting the G-code?&lt;/p&gt;</mattext>
          </material>
          <response_lid ident="response1" rcardinality="Single">
            <render_choice>
              <response_label ident="text2qti_choice_1132f2a5e7922b90a90695711ce579546e6d0c7c0b8b13af5a19e68b59c09c0d">
                <material>
                  <mattext texttype="text/html">&lt;p&gt;It automatically starts the print&lt;/p&gt;</mattext>
                </material>
              </response_label>
              <response_label ident="text2qti_choice_2d6bbce8a116d376bd7a80dcb01701bc0be1908eb1abe8363dda9b68884112f4">
                <material>
                  <mattext texttype="text/html">&lt;p&gt;To catch missing supports or adhesion issues ahead of time&lt;/p&gt;</mattext>
                </material>
              </response_label>
              <response_label ident="text2qti_choice_c6d279ef038a26220d01da0c5d3c1b372e5b44ecbdf710345650dfc969228fcb">
                <material>
                  <mattext texttype="text/html">&lt;p&gt;It changes the filament color&lt;/p&gt;</mattext>
                </material>
              </response_label>
            </render_choice>
          </response_lid>
        </presentation>
        <resprocessing>
          <outcomes>
            <decvar maxvalue="100" minvalue="0" varname="SCORE" vartype="Decimal"/>
          </outcomes>
          <respcondition continue="Yes">
            <conditionvar>
              <varequal respident="response1">text2qti_choice_2d6bbce8a116d376bd7a80dcb01701bc0be1908eb1abe8363dda9b68884112f4</varequal>
            </conditionvar>
            <displayfeedback feedbacktype="Response" linkrefid="text2qti_choice_2d6bbce8a116d376bd7a80dcb01701bc0be1908eb1abe8363dda9b68884112f4_fb"/>
          </respcondition>
          <respcondition continue="No">
            <conditionvar>
              <varequal respident="response1">text2qti_choice_2d6bbce8a116d376bd7a80dcb01701bc0be1908eb1abe8363dda9b68884112f4</varequal>
            </conditionvar>
            <setvar action="Set" varname="SCORE">100</setvar>
          </respcondition>
        </resprocessing>
        <itemfeedback ident="text2qti_choice_2d6bbce8a116d376bd7a80dcb01701bc0be1908eb1abe8363dda9b68884112f4_fb">
          <flow_mat>
            <material>
              <mattext texttype="text/html">&lt;p&gt;Previewing helps identify problems before you waste time and filament on a failed print.&lt;/p&gt;</mattext>
            </material>
          </flow_mat>
        </itemfeedback>
      </item>
      <item ident="text2qti_question_4caeb251d81d25040286033ac4214ba9366f6cc3681d11a4e4fc548df92c01f3" title="Question">
        <itemmetadata>
          <qtimetadata>
            <qtimetadatafield>
              <fieldlabel>question_type</fieldlabel>
              <fieldentry>multiple_choice_question</fieldentry>
            </qtimetadatafield>
            <qtimetadatafield>
              <fieldlabel>points_possible</fieldlabel>
              <fieldentry>1</fieldentry>
            </qtimetadatafield>
            <qtimetadatafield>
              <fieldlabel>original_answer_ids</fieldlabel>
              <fieldentry>text2qti_choice_a3a2330870a9cad40755e0ef454ac7aba7eeb0eec21e0097b19ad7095a1ba44e,text2qti_choice_9ac845c7257404d6b87edcc6312247a352c53e6d183a29cb807a03c1182aec50,text2qti_choice_6949c948027d22238d1dedacd8cbcf873187a2c2bf10f5c5459ebb6ca501f713</fieldentry>
            </qtimetadatafield>
            <qtimetadatafield>
              <fieldlabel>assessment_question_identifierref</fieldlabel>
              <fieldentry>text2qti_question_ref_4caeb251d81d25040286033ac4214ba9366f6cc3681d11a4e4fc548df92c01f3</fieldentry>
            </qtimetadatafield>
          </qtimetadata>
        </itemmetadata>
        <presentation>
          <material>
            <mattext texttype="text/html">&lt;p&gt;After a print completes, what is the first step before removing the part from the bed?&lt;/p&gt;</mattext>
          </material>
          <response_lid ident="response1" rcardinality="Single">
            <render_choice>
              <response_label ident="text2qti_choice_a3a2330870a9cad40755e0ef454ac7aba7eeb0eec21e0097b19ad7095a1ba44e">
                <material>
                  <mattext texttype="text/html">&lt;p&gt;Allow the bed to cool to room temperature&lt;/p&gt;</mattext>
                </material>
              </response_label>
              <response_label ident="text2qti_choice_9ac845c7257404d6b87edcc6312247a352c53e6d183a29cb807a03c1182aec50">
                <material>
                  <mattext texttype="text/html">&lt;p&gt;Flex the plate immediately while it&amp;rsquo;s hot&lt;/p&gt;</mattext>
                </material>
              </response_label>
              <response_label ident="text2qti_choice_6949c948027d22238d1dedacd8cbcf873187a2c2bf10f5c5459ebb6ca501f713">
                <material>
                  <mattext texttype="text/html">&lt;p&gt;Turn off the printer and walk away&lt;/p&gt;</mattext>
                </material>
              </response_label>
            </render_choice>
          </response_lid>
        </presentation>
        <resprocessing>
          <outcomes>
            <decvar maxvalue="100" minvalue="0" varname="SCORE" vartype="Decimal"/>
          </outcomes>
          <respcondition continue="Yes">
            <conditionvar>
              <varequal respident="response1">text2qti_choice_a3a2330870a9cad40755e0ef454ac7aba7eeb0eec21e0097b19ad7095a1ba44e</varequal>
            </conditionvar>
            <displayfeedback feedbacktype="Response" linkrefid="text2qti_choice_a3a2330870a9cad40755e0ef454ac7aba7eeb0eec21e0097b19ad7095a1ba44e_fb"/>
          </respcondition>
          <respcondition continue="No">
            <conditionvar>
              <varequal respident="response1">text2qti_choice_a3a2330870a9cad40755e0ef454ac7aba7eeb0eec21e0097b19ad7095a1ba44e</varequal>
            </conditionvar>
            <setvar action="Set" varname="SCORE">100</setvar>
          </respcondition>
        </resprocessing>
        <itemfeedback ident="text2qti_choice_a3a2330870a9cad40755e0ef454ac7aba7eeb0eec21e0097b19ad7095a1ba44e_fb">
          <flow_mat>
            <material>
              <mattext texttype="text/html">&lt;p&gt;Cooling lets the plastic harden and release naturally, protecting both the print and the build plate.&lt;/p&gt;</mattext>
            </material>
          </flow_mat>
        </itemfeedback>
      </item>
      <item ident="text2qti_question_93ac3c063770fa01ff5088f0cf97e984a5718f43da827d6905584257d664fd36" title="Question">
        <itemmetadata>
          <qtimetadata>
            <qtimetadatafield>
              <fieldlabel>question_type</fieldlabel>
              <fieldentry>multiple_choice_question</fieldentry>
            </qtimetadatafield>
            <qtimetadatafield>
              <fieldlabel>points_possible</fieldlabel>
              <fieldentry>1</fieldentry>
            </qtimetadatafield>
            <qtimetadatafield>
              <fieldlabel>original_answer_ids</fieldlabel>
              <fieldentry>text2qti_choice_c57918060a7c816191a2d9e4c5602354d3abf0001f45f8f543d3d570608a429a,text2qti_choice_2d9c93a8750142e9d2cab53c5a0adaa64b9e1b0d4389bf3d275545b537ed6630,text2qti_choice_240e8cf6ecaddb0acf1339aa7554097150354f74ce210c5004a44350c371ba26</fieldentry>
            </qtimetadatafield>
            <qtimetadatafield>
              <fieldlabel>assessment_question_identifierref</fieldlabel>
              <fieldentry>text2qti_question_ref_93ac3c063770fa01ff5088f0cf97e984a5718f43da827d6905584257d664fd36</fieldentry>
            </qtimetadatafield>
          </qtimetadata>
        </itemmetadata>
        <presentation>
          <material>
            <mattext texttype="text/html">&lt;p&gt;While printing, the corners of your part are lifting off the bed. What is the recommended first adjustment?&lt;/p&gt;</mattext>
          </material>
          <response_lid ident="response1" rcardinality="Single">
            <render_choice>
              <response_label ident="text2qti_choice_c57918060a7c816191a2d9e4c5602354d3abf0001f45f8f543d3d570608a429a">
                <material>
                  <mattext texttype="text/html">&lt;p&gt;Add a one-layer brim in the slicer&lt;/p&gt;</mattext>
                </material>
              </response_label>
              <response_label ident="text2qti_choice_2d9c93a8750142e9d2cab53c5a0adaa64b9e1b0d4389bf3d275545b537ed6630">
                <material>
                  <mattext texttype="text/html">&lt;p&gt;Switch to a metal filament&lt;/p&gt;</mattext>
                </material>
              </response_label>
              <response_label ident="text2qti_choice_240e8cf6ecaddb0acf1339aa7554097150354f74ce210c5004a44350c371ba26">
                <material>
                  <mattext texttype="text/html">&lt;p&gt;Increase print speed by 50%&lt;/p&gt;</mattext>
                </material>
              </response_label>
            </render_choice>
          </response_lid>
        </presentation>
        <resprocessing>
          <outcomes>
            <decvar maxvalue="100" minvalue="0" varname="SCORE" vartype="Decimal"/>
          </outcomes>
          <respcondition continue="Yes">
            <conditionvar>
              <varequal respident="response1">text2qti_choice_c57918060a7c816191a2d9e4c5602354d3abf0001f45f8f543d3d570608a429a</varequal>
            </conditionvar>
            <displayfeedback feedbacktype="Response" linkrefid="text2qti_choice_c57918060a7c816191a2d9e4c5602354d3abf0001f45f8f543d3d570608a429a_fb"/>
          </respcondition>
          <respcondition continue="No">
            <conditionvar>
              <varequal respident="response1">text2qti_choice_c57918060a7c816191a2d9e4c5602354d3abf0001f45f8f543d3d570608a429a</varequal>
            </conditionvar>
            <setvar action="Set" varname="SCORE">100</setvar>
          </respcondition>
        </resprocessing>
        <itemfeedback ident="text2qti_choice_c57918060a7c816191a2d9e4c5602354d3abf0001f45f8f543d3d570608a429a_fb">
          <flow_mat>
            <material>
              <mattext texttype="text/html">&lt;p&gt;A brim increases surface area on the bed, improving adhesion and reducing warping.&lt;/p&gt;</mattext>
            </material>
          </flow_mat>
        </itemfeedback>
      </item>
      <item ident="text2qti_question_24d4103c6df7ae7283b2d949767d1a79509a22cd8c105d996c7c075a37cadff6" title="Question">
        <itemmetadata>
          <qtimetadata>
            <qtimetadatafield>
              <fieldlabel>question_type</fieldlabel>
              <fieldentry>multiple_choice_question</fieldentry>
            </qtimetadatafield>
            <qtimetadatafield>
              <fieldlabel>points_possible</fieldlabel>
              <fieldentry>1</fieldentry>
            </qtimetadatafield>
            <qtimetadatafield>
              <fieldlabel>original_answer_ids</fieldlabel>
              <fieldentry>text2qti_choice_c83bb9ef30a7b57e18f911fd67e502bc3c5d3e35a1e168d6a3ea13cb86bc4b30,text2qti_choice_b517d32c5df333f3080f824a55a11cc4c56d73c6e567cdad4100dd91ca943347,text2qti_choice_5e21fbd062eb4787524bab9aefa0030f6489643c24e747151e53d92335e813e2</fieldentry>
            </qtimetadatafield>
            <qtimetadatafield>
              <fieldlabel>assessment_question_identifierref</fieldlabel>
              <fieldentry>text2qti_question_ref_24d4103c6df7ae7283b2d949767d1a79509a22cd8c105d996c7c075a37cadff6</fieldentry>
            </qtimetadatafield>
          </qtimetadata>
        </itemmetadata>
        <presentation>
          <material>
            <mattext texttype="text/html">&lt;p&gt;Thin plastic hairs appear between features of your print. What change often helps reduce this stringing?&lt;/p&gt;</mattext>
          </material>
          <response_lid ident="response1" rcardinality="Single">
            <render_choice>
              <response_label ident="text2qti_choice_c83bb9ef30a7b57e18f911fd67e502bc3c5d3e35a1e168d6a3ea13cb86bc4b30">
                <material>
                  <mattext texttype="text/html">&lt;p&gt;Lower the nozzle temperature by 5–10 °C&lt;/p&gt;</mattext>
                </material>
              </response_label>
              <response_label ident="text2qti_choice_b517d32c5df333f3080f824a55a11cc4c56d73c6e567cdad4100dd91ca943347">
                <material>
                  <mattext texttype="text/html">&lt;p&gt;Disable cooling fans entirely&lt;/p&gt;</mattext>
                </material>
              </response_label>
              <response_label ident="text2qti_choice_5e21fbd062eb4787524bab9aefa0030f6489643c24e747151e53d92335e813e2">
                <material>
                  <mattext texttype="text/html">&lt;p&gt;Double the infill percentage&lt;/p&gt;</mattext>
                </material>
              </response_label>
            </render_choice>
          </response_lid>
        </presentation>
        <resprocessing>
          <outcomes>
            <decvar maxvalue="100" minvalue="0" varname="SCORE" vartype="Decimal"/>
          </outcomes>
          <respcondition continue="Yes">
            <conditionvar>
              <varequal respident="response1">text2qti_choice_c83bb9ef30a7b57e18f911fd67e502bc3c5d3e35a1e168d6a3ea13cb86bc4b30</varequal>
            </conditionvar>
            <displayfeedback feedbacktype="Response" linkrefid="text2qti_choice_c83bb9ef30a7b57e18f911fd67e502bc3c5d3e35a1e168d6a3ea13cb86bc4b30_fb"/>
          </respcondition>
          <respcondition continue="No">
            <conditionvar>
              <varequal respident="response1">text2qti_choice_c83bb9ef30a7b57e18f911fd67e502bc3c5d3e35a1e168d6a3ea13cb86bc4b30</varequal>
            </conditionvar>
            <setvar action="Set" varname="SCORE">100</setvar>
          </respcondition>
        </resprocessing>
        <itemfeedback ident="text2qti_choice_c83bb9ef30a7b57e18f911fd67e502bc3c5d3e35a1e168d6a3ea13cb86bc4b30_fb">
          <flow_mat>
            <material>
              <mattext texttype="text/html">&lt;p&gt;High nozzle temperatures can cause filament to ooze and form strings between travel moves.&lt;/p&gt;</mattext>
            </material>
          </flow_mat>
        </itemfeedback>
      </item>
      <item ident="text2qti_question_f7e9626e109f101637702e0bcfcb75d1aace57aad3db4ee37a1d397f662f71a2" title="Question">
        <itemmetadata>
          <qtimetadata>
            <qtimetadatafield>
              <fieldlabel>question_type</fieldlabel>
              <fieldentry>multiple_choice_question</fieldentry>
            </qtimetadatafield>
            <qtimetadatafield>
              <fieldlabel>points_possible</fieldlabel>
              <fieldentry>1</fieldentry>
            </qtimetadatafield>
            <qtimetadatafield>
              <fieldlabel>original_answer_ids</fieldlabel>
              <fieldentry>text2qti_choice_84bfa7e7d57d87959dc2d46fb211ed7c7b258f3e2dbcd03386a8dd55f34fae48,text2qti_choice_ca0f6515fde80d20caf933b8e259ba159da4e46491137a18495dd99e3f0193cf,text2qti_choice_a2fde3c58acd136ab90b26ea94869a5907b5e1f72d943ad9b2488704306f7391</fieldentry>
            </qtimetadatafield>
            <qtimetadatafield>
              <fieldlabel>assessment_question_identifierref</fieldlabel>
              <fieldentry>text2qti_question_ref_f7e9626e109f101637702e0bcfcb75d1aace57aad3db4ee37a1d397f662f71a2</fieldentry>
            </qtimetadatafield>
          </qtimetadata>
        </itemmetadata>
        <presentation>
          <material>
            <mattext texttype="text/html">&lt;p&gt;During normal operations, when is the DFX lab generally open?&lt;/p&gt;</mattext>
          </material>
          <response_lid ident="response1" rcardinality="Single">
            <render_choice>
              <response_label ident="text2qti_choice_84bfa7e7d57d87959dc2d46fb211ed7c7b258f3e2dbcd03386a8dd55f34fae48">
                <material>
                  <mattext texttype="text/html">&lt;p&gt;Monday through Friday, 8 am–5 pm&lt;/p&gt;</mattext>
                </material>
              </response_label>
              <response_label ident="text2qti_choice_ca0f6515fde80d20caf933b8e259ba159da4e46491137a18495dd99e3f0193cf">
                <material>
                  <mattext texttype="text/html">&lt;p&gt;24/7 access, including holidays&lt;/p&gt;</mattext>
                </material>
              </response_label>
              <response_label ident="text2qti_choice_a2fde3c58acd136ab90b26ea94869a5907b5e1f72d943ad9b2488704306f7391">
                <material>
                  <mattext texttype="text/html">&lt;p&gt;Weekends only, 9 am–3 pm&lt;/p&gt;</mattext>
                </material>
              </response_label>
            </render_choice>
          </response_lid>
        </presentation>
        <resprocessing>
          <outcomes>
            <decvar maxvalue="100" minvalue="0" varname="SCORE" vartype="Decimal"/>
          </outcomes>
          <respcondition continue="Yes">
            <conditionvar>
              <varequal respident="response1">text2qti_choice_84bfa7e7d57d87959dc2d46fb211ed7c7b258f3e2dbcd03386a8dd55f34fae48</varequal>
            </conditionvar>
            <displayfeedback feedbacktype="Response" linkrefid="text2qti_choice_84bfa7e7d57d87959dc2d46fb211ed7c7b258f3e2dbcd03386a8dd55f34fae48_fb"/>
          </respcondition>
          <respcondition continue="No">
            <conditionvar>
              <varequal respident="response1">text2qti_choice_84bfa7e7d57d87959dc2d46fb211ed7c7b258f3e2dbcd03386a8dd55f34fae48</varequal>
            </conditionvar>
            <setvar action="Set" varname="SCORE">100</setvar>
          </respcondition>
        </resprocessing>
        <itemfeedback ident="text2qti_choice_84bfa7e7d57d87959dc2d46fb211ed7c7b258f3e2dbcd03386a8dd55f34fae48_fb">
          <flow_mat>
            <material>
              <mattext texttype="text/html">&lt;p&gt;These are the standard hours when the University is open.&lt;/p&gt;</mattext>
            </material>
          </flow_mat>
        </itemfeedback>
      </item>
      <item ident="text2qti_question_6ff763d16d5517514ec9afd18cbbf8d8fdf9fc7bc36f76194ff992edf4f7a4b9" title="Question">
        <itemmetadata>
          <qtimetadata>
            <qtimetadatafield>
              <fieldlabel>question_type</fieldlabel>
              <fieldentry>multiple_choice_question</fieldentry>
            </qtimetadatafield>
            <qtimetadatafield>
              <fieldlabel>points_possible</fieldlabel>
              <fieldentry>1</fieldentry>
            </qtimetadatafield>
            <qtimetadatafield>
              <fieldlabel>original_answer_ids</fieldlabel>
              <fieldentry>text2qti_choice_ea83433bbfec58f3be0186dc1a83f140d2c200a537c6f5da6a28e0017894d0b3,text2qti_choice_2b9f5c342d8f3b6c56779c010fe56176fc8ecc8318da3e96daf2b9a4b9c2ae90,text2qti_choice_cf3b9f4be2d5adfc8e006ec09f9c0a117ced4df29a8829121ffb890840cc64b7</fieldentry>
            </qtimetadatafield>
            <qtimetadatafield>
              <fieldlabel>assessment_question_identifierref</fieldlabel>
              <fieldentry>text2qti_question_ref_6ff763d16d5517514ec9afd18cbbf8d8fdf9fc7bc36f76194ff992edf4f7a4b9</fieldentry>
            </qtimetadatafield>
          </qtimetadata>
        </itemmetadata>
        <presentation>
          <material>
            <mattext texttype="text/html">&lt;p&gt;Why should you keep your USB drive with you while the printer is running?&lt;/p&gt;</mattext>
          </material>
          <response_lid ident="response1" rcardinality="Single">
            <render_choice>
              <response_label ident="text2qti_choice_ea83433bbfec58f3be0186dc1a83f140d2c200a537c6f5da6a28e0017894d0b3">
                <material>
                  <mattext texttype="text/html">&lt;p&gt;You may need it to restart or adjust the print without re-slicing&lt;/p&gt;</mattext>
                </material>
              </response_label>
              <response_label ident="text2qti_choice_2b9f5c342d8f3b6c56779c010fe56176fc8ecc8318da3e96daf2b9a4b9c2ae90">
                <material>
                  <mattext texttype="text/html">&lt;p&gt;The printer will erase the drive when finished&lt;/p&gt;</mattext>
                </material>
              </response_label>
              <response_label ident="text2qti_choice_cf3b9f4be2d5adfc8e006ec09f9c0a117ced4df29a8829121ffb890840cc64b7">
                <material>
                  <mattext texttype="text/html">&lt;p&gt;To keep it warm for the next print&lt;/p&gt;</mattext>
                </material>
              </response_label>
            </render_choice>
          </response_lid>
        </presentation>
        <resprocessing>
          <outcomes>
            <decvar maxvalue="100" minvalue="0" varname="SCORE" vartype="Decimal"/>
          </outcomes>
          <respcondition continue="Yes">
            <conditionvar>
              <varequal respident="response1">text2qti_choice_ea83433bbfec58f3be0186dc1a83f140d2c200a537c6f5da6a28e0017894d0b3</varequal>
            </conditionvar>
            <displayfeedback feedbacktype="Response" linkrefid="text2qti_choice_ea83433bbfec58f3be0186dc1a83f140d2c200a537c6f5da6a28e0017894d0b3_fb"/>
          </respcondition>
          <respcondition continue="No">
            <conditionvar>
              <varequal respident="response1">text2qti_choice_ea83433bbfec58f3be0186dc1a83f140d2c200a537c6f5da6a28e0017894d0b3</varequal>
            </conditionvar>
            <setvar action="Set" varname="SCORE">100</setvar>
          </respcondition>
        </resprocessing>
        <itemfeedback ident="text2qti_choice_ea83433bbfec58f3be0186dc1a83f140d2c200a537c6f5da6a28e0017894d0b3_fb">
          <flow_mat>
            <material>
              <mattext texttype="text/html">&lt;p&gt;Having the drive nearby allows quick intervention if something goes wrong.&lt;/p&gt;</mattext>
            </material>
          </flow_mat>
        </itemfeedback>
      </item>
      <item ident="text2qti_question_b2d1cfa3227a5084656d45f22465c5ab4496073f2f8fb913c1ff5403486ee47a" title="Question">
        <itemmetadata>
          <qtimetadata>
            <qtimetadatafield>
              <fieldlabel>question_type</fieldlabel>
              <fieldentry>multiple_choice_question</fieldentry>
            </qtimetadatafield>
            <qtimetadatafield>
              <fieldlabel>points_possible</fieldlabel>
              <fieldentry>1</fieldentry>
            </qtimetadatafield>
            <qtimetadatafield>
              <fieldlabel>original_answer_ids</fieldlabel>
              <fieldentry>text2qti_choice_d0c5fa28722ccec1e7a5f195eb58c3997bd34a6491c87f5ec1a03d7c68bb5ccf,text2qti_choice_a8ed8a71c66c51e08e8c30808f0e41c7e6a38d91badb24450a75aaefeadc80ac,text2qti_choice_1d69ff78e50339301c5541ae721d81899e58ed8783b9116405dcb8fe5ebb9ff1</fieldentry>
            </qtimetadatafield>
            <qtimetadatafield>
              <fieldlabel>assessment_question_identifierref</fieldlabel>
              <fieldentry>text2qti_question_ref_b2d1cfa3227a5084656d45f22465c5ab4496073f2f8fb913c1ff5403486ee47a</fieldentry>
            </qtimetadatafield>
          </qtimetadata>
        </itemmetadata>
        <presentation>
          <material>
            <mattext texttype="text/html">&lt;p&gt;The slicer automatically created a second build plate when you imported multiple models. What does this indicate?&lt;/p&gt;</mattext>
          </material>
          <response_lid ident="response1" rcardinality="Single">
            <render_choice>
              <response_label ident="text2qti_choice_d0c5fa28722ccec1e7a5f195eb58c3997bd34a6491c87f5ec1a03d7c68bb5ccf">
                <material>
                  <mattext texttype="text/html">&lt;p&gt;The parts do not fit on one plate with their current orientation&lt;/p&gt;</mattext>
                </material>
              </response_label>
              <response_label ident="text2qti_choice_a8ed8a71c66c51e08e8c30808f0e41c7e6a38d91badb24450a75aaefeadc80ac">
                <material>
                  <mattext texttype="text/html">&lt;p&gt;The slicer detected a filament jam&lt;/p&gt;</mattext>
                </material>
              </response_label>
              <response_label ident="text2qti_choice_1d69ff78e50339301c5541ae721d81899e58ed8783b9116405dcb8fe5ebb9ff1">
                <material>
                  <mattext texttype="text/html">&lt;p&gt;Your computer is low on memory&lt;/p&gt;</mattext>
                </material>
              </response_label>
            </render_choice>
          </response_lid>
        </presentation>
        <resprocessing>
          <outcomes>
            <decvar maxvalue="100" minvalue="0" varname="SCORE" vartype="Decimal"/>
          </outcomes>
          <respcondition continue="Yes">
            <conditionvar>
              <varequal respident="response1">text2qti_choice_d0c5fa28722ccec1e7a5f195eb58c3997bd34a6491c87f5ec1a03d7c68bb5ccf</varequal>
            </conditionvar>
            <displayfeedback feedbacktype="Response" linkrefid="text2qti_choice_d0c5fa28722ccec1e7a5f195eb58c3997bd34a6491c87f5ec1a03d7c68bb5ccf_fb"/>
          </respcondition>
          <respcondition continue="No">
            <conditionvar>
              <varequal respident="response1">text2qti_choice_d0c5fa28722ccec1e7a5f195eb58c3997bd34a6491c87f5ec1a03d7c68bb5ccf</varequal>
            </conditionvar>
            <setvar action="Set" varname="SCORE">100</setvar>
          </respcondition>
        </resprocessing>
        <itemfeedback ident="text2qti_choice_d0c5fa28722ccec1e7a5f195eb58c3997bd34a6491c87f5ec1a03d7c68bb5ccf_fb">
          <flow_mat>
            <material>
              <mattext texttype="text/html">&lt;p&gt;Multiple plates are generated when models exceed the build area together.&lt;/p&gt;</mattext>
            </material>
          </flow_mat>
        </itemfeedback>
      </item>
      <item ident="text2qti_question_6230b0aaf02fe964999307b36383c81b9703ca6e9dedc4fe1f03e066e1a4a2f8" title="Question">
        <itemmetadata>
          <qtimetadata>
            <qtimetadatafield>
              <fieldlabel>question_type</fieldlabel>
              <fieldentry>multiple_choice_question</fieldentry>
            </qtimetadatafield>
            <qtimetadatafield>
              <fieldlabel>points_possible</fieldlabel>
              <fieldentry>1</fieldentry>
            </qtimetadatafield>
            <qtimetadatafield>
              <fieldlabel>original_answer_ids</fieldlabel>
              <fieldentry>text2qti_choice_228743498e0add365604e9b6195def41b963fa3d808b0545b48cb66b40d78a6f,text2qti_choice_77e087cf88db9881d0348d519bbc704211756171c544fb035ab888d4c780b241,text2qti_choice_6e6c9054fda50925df46b38f5c9b2a280684922462e2954eba3b93bdd08872bf</fieldentry>
            </qtimetadatafield>
            <qtimetadatafield>
              <fieldlabel>assessment_question_identifierref</fieldlabel>
              <fieldentry>text2qti_question_ref_6230b0aaf02fe964999307b36383c81b9703ca6e9dedc4fe1f03e066e1a4a2f8</fieldentry>
            </qtimetadatafield>
          </qtimetadata>
        </itemmetadata>
        <presentation>
          <material>
            <mattext texttype="text/html">&lt;p&gt;A design requires a bridge spanning 30 mm. What modification would most improve print success?&lt;/p&gt;</mattext>
          </material>
          <response_lid ident="response1" rcardinality="Single">
            <render_choice>
              <response_label ident="text2qti_choice_228743498e0add365604e9b6195def41b963fa3d808b0545b48cb66b40d78a6f">
                <material>
                  <mattext texttype="text/html">&lt;p&gt;Redesign to shorten the span or add supports&lt;/p&gt;</mattext>
                </material>
              </response_label>
              <response_label ident="text2qti_choice_77e087cf88db9881d0348d519bbc704211756171c544fb035ab888d4c780b241">
                <material>
                  <mattext texttype="text/html">&lt;p&gt;Increase layer height to 0.3 mm&lt;/p&gt;</mattext>
                </material>
              </response_label>
              <response_label ident="text2qti_choice_6e6c9054fda50925df46b38f5c9b2a280684922462e2954eba3b93bdd08872bf">
                <material>
                  <mattext texttype="text/html">&lt;p&gt;Disable retraction settings entirely&lt;/p&gt;</mattext>
                </material>
              </response_label>
            </render_choice>
          </response_lid>
        </presentation>
        <resprocessing>
          <outcomes>
            <decvar maxvalue="100" minvalue="0" varname="SCORE" vartype="Decimal"/>
          </outcomes>
          <respcondition continue="Yes">
            <conditionvar>
              <varequal respident="response1">text2qti_choice_228743498e0add365604e9b6195def41b963fa3d808b0545b48cb66b40d78a6f</varequal>
            </conditionvar>
            <displayfeedback feedbacktype="Response" linkrefid="text2qti_choice_228743498e0add365604e9b6195def41b963fa3d808b0545b48cb66b40d78a6f_fb"/>
          </respcondition>
          <respcondition continue="No">
            <conditionvar>
              <varequal respident="response1">text2qti_choice_228743498e0add365604e9b6195def41b963fa3d808b0545b48cb66b40d78a6f</varequal>
            </conditionvar>
            <setvar action="Set" varname="SCORE">100</setvar>
          </respcondition>
        </resprocessing>
        <itemfeedback ident="text2qti_choice_228743498e0add365604e9b6195def41b963fa3d808b0545b48cb66b40d78a6f_fb">
          <flow_mat>
            <material>
              <mattext texttype="text/html">&lt;p&gt;Bridges longer than about 20 mm are unreliable without redesign or support.&lt;/p&gt;</mattext>
            </material>
          </flow_mat>
        </itemfeedback>
      </item>
      <item ident="text2qti_question_2a25c7f03c4b4e6f68a879ed45c0e973c5fb6fb0b182872e2edf273d22079040" title="Question">
        <itemmetadata>
          <qtimetadata>
            <qtimetadatafield>
              <fieldlabel>question_type</fieldlabel>
              <fieldentry>multiple_choice_question</fieldentry>
            </qtimetadatafield>
            <qtimetadatafield>
              <fieldlabel>points_possible</fieldlabel>
              <fieldentry>1</fieldentry>
            </qtimetadatafield>
            <qtimetadatafield>
              <fieldlabel>original_answer_ids</fieldlabel>
              <fieldentry>text2qti_choice_d0a4065ca5b3867154e7120aeb519c723906bba0658d88c204c823dfe1d8c7cc,text2qti_choice_558d794ed39d4dab3e6fd59fd2b534b0ba180e8d0d5b8f2496f7d00a278a3f77,text2qti_choice_38b3d3350fb566a33874af35ad3de89eca4fb913984120720a565c6a3c55009c</fieldentry>
            </qtimetadatafield>
            <qtimetadatafield>
              <fieldlabel>assessment_question_identifierref</fieldlabel>
              <fieldentry>text2qti_question_ref_2a25c7f03c4b4e6f68a879ed45c0e973c5fb6fb0b182872e2edf273d22079040</fieldentry>
            </qtimetadatafield>
          </qtimetadata>
        </itemmetadata>
        <presentation>
          <material>
            <mattext texttype="text/html">&lt;p&gt;In an FDM printer, which component pushes filament toward the hotend?&lt;/p&gt;</mattext>
          </material>
          <response_lid ident="response1" rcardinality="Single">
            <render_choice>
              <response_label ident="text2qti_choice_d0a4065ca5b3867154e7120aeb519c723906bba0658d88c204c823dfe1d8c7cc">
                <material>
                  <mattext texttype="text/html">&lt;p&gt;Extruder&lt;/p&gt;</mattext>
                </material>
              </response_label>
              <response_label ident="text2qti_choice_558d794ed39d4dab3e6fd59fd2b534b0ba180e8d0d5b8f2496f7d00a278a3f77">
                <material>
                  <mattext texttype="text/html">&lt;p&gt;Heated bed&lt;/p&gt;</mattext>
                </material>
              </response_label>
              <response_label ident="text2qti_choice_38b3d3350fb566a33874af35ad3de89eca4fb913984120720a565c6a3c55009c">
                <material>
                  <mattext texttype="text/html">&lt;p&gt;Cooling fan&lt;/p&gt;</mattext>
                </material>
              </response_label>
            </render_choice>
          </response_lid>
        </presentation>
        <resprocessing>
          <outcomes>
            <decvar maxvalue="100" minvalue="0" varname="SCORE" vartype="Decimal"/>
          </outcomes>
          <respcondition continue="Yes">
            <conditionvar>
              <varequal respident="response1">text2qti_choice_d0a4065ca5b3867154e7120aeb519c723906bba0658d88c204c823dfe1d8c7cc</varequal>
            </conditionvar>
            <displayfeedback feedbacktype="Response" linkrefid="text2qti_choice_d0a4065ca5b3867154e7120aeb519c723906bba0658d88c204c823dfe1d8c7cc_fb"/>
          </respcondition>
          <respcondition continue="No">
            <conditionvar>
              <varequal respident="response1">text2qti_choice_d0a4065ca5b3867154e7120aeb519c723906bba0658d88c204c823dfe1d8c7cc</varequal>
            </conditionvar>
            <setvar action="Set" varname="SCORE">100</setvar>
          </respcondition>
        </resprocessing>
        <itemfeedback ident="text2qti_choice_d0a4065ca5b3867154e7120aeb519c723906bba0658d88c204c823dfe1d8c7cc_fb">
          <flow_mat>
            <material>
              <mattext texttype="text/html">&lt;p&gt;The extruder feeds filament into the hotend where it is melted.&lt;/p&gt;</mattext>
            </material>
          </flow_mat>
        </itemfeedback>
      </item>
      <item ident="text2qti_question_ae96f08242e222318e08ef4c4578010b6e988de9e9b5679623ac560384c9bf27" title="Question">
        <itemmetadata>
          <qtimetadata>
            <qtimetadatafield>
              <fieldlabel>question_type</fieldlabel>
              <fieldentry>multiple_choice_question</fieldentry>
            </qtimetadatafield>
            <qtimetadatafield>
              <fieldlabel>points_possible</fieldlabel>
              <fieldentry>1</fieldentry>
            </qtimetadatafield>
            <qtimetadatafield>
              <fieldlabel>original_answer_ids</fieldlabel>
              <fieldentry>text2qti_choice_4ef840457fe3a57732990a90d329b89219381617fe67310cb3a0e1b5f4da9b1d,text2qti_choice_c58511e5577b4c1db889a51cde90fade8f97f5a50f84b5d665b2f530d5d0daff,text2qti_choice_de93ab9f53d4d75b225117d2b83132376a4c9c4b640b8329bdedb925ed89c0be</fieldentry>
            </qtimetadatafield>
            <qtimetadatafield>
              <fieldlabel>assessment_question_identifierref</fieldlabel>
              <fieldentry>text2qti_question_ref_ae96f08242e222318e08ef4c4578010b6e988de9e9b5679623ac560384c9bf27</fieldentry>
            </qtimetadatafield>
          </qtimetadata>
        </itemmetadata>
        <presentation>
          <material>
            <mattext texttype="text/html">&lt;p&gt;Compared to subtractive methods, what is a primary advantage of additive manufacturing?&lt;/p&gt;</mattext>
          </material>
          <response_lid ident="response1" rcardinality="Single">
            <render_choice>
              <response_label ident="text2qti_choice_4ef840457fe3a57732990a90d329b89219381617fe67310cb3a0e1b5f4da9b1d">
                <material>
                  <mattext texttype="text/html">&lt;p&gt;It creates complex parts with minimal material waste&lt;/p&gt;</mattext>
                </material>
              </response_label>
              <response_label ident="text2qti_choice_c58511e5577b4c1db889a51cde90fade8f97f5a50f84b5d665b2f530d5d0daff">
                <material>
                  <mattext texttype="text/html">&lt;p&gt;It requires cutting away more material&lt;/p&gt;</mattext>
                </material>
              </response_label>
              <response_label ident="text2qti_choice_de93ab9f53d4d75b225117d2b83132376a4c9c4b640b8329bdedb925ed89c0be">
                <material>
                  <mattext texttype="text/html">&lt;p&gt;It limits design flexibility&lt;/p&gt;</mattext>
                </material>
              </response_label>
            </render_choice>
          </response_lid>
        </presentation>
        <resprocessing>
          <outcomes>
            <decvar maxvalue="100" minvalue="0" varname="SCORE" vartype="Decimal"/>
          </outcomes>
          <respcondition continue="Yes">
            <conditionvar>
              <varequal respident="response1">text2qti_choice_4ef840457fe3a57732990a90d329b89219381617fe67310cb3a0e1b5f4da9b1d</varequal>
            </conditionvar>
            <displayfeedback feedbacktype="Response" linkrefid="text2qti_choice_4ef840457fe3a57732990a90d329b89219381617fe67310cb3a0e1b5f4da9b1d_fb"/>
          </respcondition>
          <respcondition continue="No">
            <conditionvar>
              <varequal respident="response1">text2qti_choice_4ef840457fe3a57732990a90d329b89219381617fe67310cb3a0e1b5f4da9b1d</varequal>
            </conditionvar>
            <setvar action="Set" varname="SCORE">100</setvar>
          </respcondition>
        </resprocessing>
        <itemfeedback ident="text2qti_choice_4ef840457fe3a57732990a90d329b89219381617fe67310cb3a0e1b5f4da9b1d_fb">
          <flow_mat>
            <material>
              <mattext texttype="text/html">&lt;p&gt;Additive processes build objects layer by layer, using only the material needed.&lt;/p&gt;</mattext>
            </material>
          </flow_mat>
        </itemfeedback>
      </item>
      <item ident="text2qti_question_3cacd98d2fd45aef597d6a48a8cf22d704b5bf3e843ec523c7766e56740f2aed" title="Question">
        <itemmetadata>
          <qtimetadata>
            <qtimetadatafield>
              <fieldlabel>question_type</fieldlabel>
              <fieldentry>multiple_choice_question</fieldentry>
            </qtimetadatafield>
            <qtimetadatafield>
              <fieldlabel>points_possible</fieldlabel>
              <fieldentry>1</fieldentry>
            </qtimetadatafield>
            <qtimetadatafield>
              <fieldlabel>original_answer_ids</fieldlabel>
              <fieldentry>text2qti_choice_774fed889c4c91f10bf86bdfd616fc63feb5458e10a7904c981b39d398445a97,text2qti_choice_3246d1777ed6f15e567d949b81e3d7e94f136e24a895d1c7981ab2edfbb7fcea,text2qti_choice_60a7c235d062843bb98b65b325b47cafc450574c11eeb92f03380c88bae10bfa</fieldentry>
            </qtimetadatafield>
            <qtimetadatafield>
              <fieldlabel>assessment_question_identifierref</fieldlabel>
              <fieldentry>text2qti_question_ref_3cacd98d2fd45aef597d6a48a8cf22d704b5bf3e843ec523c7766e56740f2aed</fieldentry>
            </qtimetadatafield>
          </qtimetadata>
        </itemmetadata>
        <presentation>
          <material>
            <mattext texttype="text/html">&lt;p&gt;Why should you choose the bottom face of your model early in the design process?&lt;/p&gt;</mattext>
          </material>
          <response_lid ident="response1" rcardinality="Single">
            <render_choice>
              <response_label ident="text2qti_choice_774fed889c4c91f10bf86bdfd616fc63feb5458e10a7904c981b39d398445a97">
                <material>
                  <mattext texttype="text/html">&lt;p&gt;To minimize bad overhangs and ensure good bed adhesion&lt;/p&gt;</mattext>
                </material>
              </response_label>
              <response_label ident="text2qti_choice_3246d1777ed6f15e567d949b81e3d7e94f136e24a895d1c7981ab2edfbb7fcea">
                <material>
                  <mattext texttype="text/html">&lt;p&gt;To make the slicer run faster&lt;/p&gt;</mattext>
                </material>
              </response_label>
              <response_label ident="text2qti_choice_60a7c235d062843bb98b65b325b47cafc450574c11eeb92f03380c88bae10bfa">
                <material>
                  <mattext texttype="text/html">&lt;p&gt;To reduce the STL file size&lt;/p&gt;</mattext>
                </material>
              </response_label>
            </render_choice>
          </response_lid>
        </presentation>
        <resprocessing>
          <outcomes>
            <decvar maxvalue="100" minvalue="0" varname="SCORE" vartype="Decimal"/>
          </outcomes>
          <respcondition continue="Yes">
            <conditionvar>
              <varequal respident="response1">text2qti_choice_774fed889c4c91f10bf86bdfd616fc63feb5458e10a7904c981b39d398445a97</varequal>
            </conditionvar>
            <displayfeedback feedbacktype="Response" linkrefid="text2qti_choice_774fed889c4c91f10bf86bdfd616fc63feb5458e10a7904c981b39d398445a97_fb"/>
          </respcondition>
          <respcondition continue="No">
            <conditionvar>
              <varequal respident="response1">text2qti_choice_774fed889c4c91f10bf86bdfd616fc63feb5458e10a7904c981b39d398445a97</varequal>
            </conditionvar>
            <setvar action="Set" varname="SCORE">100</setvar>
          </respcondition>
        </resprocessing>
        <itemfeedback ident="text2qti_choice_774fed889c4c91f10bf86bdfd616fc63feb5458e10a7904c981b39d398445a97_fb">
          <flow_mat>
            <material>
              <mattext texttype="text/html">&lt;p&gt;Knowing the orientation from the start helps you avoid troublesome overhangs.&lt;/p&gt;</mattext>
            </material>
          </flow_mat>
        </itemfeedback>
      </item>
      <item ident="text2qti_question_b654d60c2abcd98721fc7f5ada20f183f5ae4cdef6e8ffcb1d607d74753225bb" title="Question">
        <itemmetadata>
          <qtimetadata>
            <qtimetadatafield>
              <fieldlabel>question_type</fieldlabel>
              <fieldentry>multiple_choice_question</fieldentry>
            </qtimetadatafield>
            <qtimetadatafield>
              <fieldlabel>points_possible</fieldlabel>
              <fieldentry>1</fieldentry>
            </qtimetadatafield>
            <qtimetadatafield>
              <fieldlabel>original_answer_ids</fieldlabel>
              <fieldentry>text2qti_choice_892bdbfbf1cbf1b037c138a2370dc6841974481826704e9061a32f909c8aeb0c,text2qti_choice_801d47ce9e5aee096bae81390922eddfd8a3f007d74bc7f515adca29d326c660,text2qti_choice_5c89ad7ae78278fae86ae7047f95d9d819a1daf766acfeb6453e113c1f2ee046</fieldentry>
            </qtimetadatafield>
            <qtimetadatafield>
              <fieldlabel>assessment_question_identifierref</fieldlabel>
              <fieldentry>text2qti_question_ref_b654d60c2abcd98721fc7f5ada20f183f5ae4cdef6e8ffcb1d607d74753225bb</fieldentry>
            </qtimetadatafield>
          </qtimetadata>
        </itemmetadata>
        <presentation>
          <material>
            <mattext texttype="text/html">&lt;p&gt;Your model must be exactly 5.5 mm tall, but you plan to slice at 0.2 mm layer height. How can you improve Z‑accuracy?&lt;/p&gt;</mattext>
          </material>
          <response_lid ident="response1" rcardinality="Single">
            <render_choice>
              <response_label ident="text2qti_choice_892bdbfbf1cbf1b037c138a2370dc6841974481826704e9061a32f909c8aeb0c">
                <material>
                  <mattext texttype="text/html">&lt;p&gt;Adjust the layer height so the model height divides evenly&lt;/p&gt;</mattext>
                </material>
              </response_label>
              <response_label ident="text2qti_choice_801d47ce9e5aee096bae81390922eddfd8a3f007d74bc7f515adca29d326c660">
                <material>
                  <mattext texttype="text/html">&lt;p&gt;Increase infill to 50%&lt;/p&gt;</mattext>
                </material>
              </response_label>
              <response_label ident="text2qti_choice_5c89ad7ae78278fae86ae7047f95d9d819a1daf766acfeb6453e113c1f2ee046">
                <material>
                  <mattext texttype="text/html">&lt;p&gt;Switch to tree supports&lt;/p&gt;</mattext>
                </material>
              </response_label>
            </render_choice>
          </response_lid>
        </presentation>
        <resprocessing>
          <outcomes>
            <decvar maxvalue="100" minvalue="0" varname="SCORE" vartype="Decimal"/>
          </outcomes>
          <respcondition continue="Yes">
            <conditionvar>
              <varequal respident="response1">text2qti_choice_892bdbfbf1cbf1b037c138a2370dc6841974481826704e9061a32f909c8aeb0c</varequal>
            </conditionvar>
            <displayfeedback feedbacktype="Response" linkrefid="text2qti_choice_892bdbfbf1cbf1b037c138a2370dc6841974481826704e9061a32f909c8aeb0c_fb"/>
          </respcondition>
          <respcondition continue="No">
            <conditionvar>
              <varequal respident="response1">text2qti_choice_892bdbfbf1cbf1b037c138a2370dc6841974481826704e9061a32f909c8aeb0c</varequal>
            </conditionvar>
            <setvar action="Set" varname="SCORE">100</setvar>
          </respcondition>
        </resprocessing>
        <itemfeedback ident="text2qti_choice_892bdbfbf1cbf1b037c138a2370dc6841974481826704e9061a32f909c8aeb0c_fb">
          <flow_mat>
            <material>
              <mattext texttype="text/html">&lt;p&gt;Matching layer height to model height avoids rounding errors during slicing.&lt;/p&gt;</mattext>
            </material>
          </flow_mat>
        </itemfeedback>
      </item>
      <item ident="text2qti_question_a2cf6b3314c153d0e5dbd90c411f53350f3b545c71a4a69c01cb702e9a3dc17b" title="Question">
        <itemmetadata>
          <qtimetadata>
            <qtimetadatafield>
              <fieldlabel>question_type</fieldlabel>
              <fieldentry>multiple_choice_question</fieldentry>
            </qtimetadatafield>
            <qtimetadatafield>
              <fieldlabel>points_possible</fieldlabel>
              <fieldentry>1</fieldentry>
            </qtimetadatafield>
            <qtimetadatafield>
              <fieldlabel>original_answer_ids</fieldlabel>
              <fieldentry>text2qti_choice_e7f928412f70265cb4d3e4d51e4b1cd973f0b4cf5014616558c1552ffee7e18e,text2qti_choice_f1c8d07aa9d6bb45738bff045063be1998b6b119a4c3c91d16f36f9b2a992afa,text2qti_choice_037ebfd23cef74c880fbf6bf18e06e338e5a338c14a875037150fc339185360b</fieldentry>
            </qtimetadatafield>
            <qtimetadatafield>
              <fieldlabel>assessment_question_identifierref</fieldlabel>
              <fieldentry>text2qti_question_ref_a2cf6b3314c153d0e5dbd90c411f53350f3b545c71a4a69c01cb702e9a3dc17b</fieldentry>
            </qtimetadatafield>
          </qtimetadata>
        </itemmetadata>
        <presentation>
          <material>
            <mattext texttype="text/html">&lt;p&gt;At USF, what infill density is recommended for most functional prints?&lt;/p&gt;</mattext>
          </material>
          <response_lid ident="response1" rcardinality="Single">
            <render_choice>
              <response_label ident="text2qti_choice_e7f928412f70265cb4d3e4d51e4b1cd973f0b4cf5014616558c1552ffee7e18e">
                <material>
                  <mattext texttype="text/html">&lt;p&gt;15%&lt;/p&gt;</mattext>
                </material>
              </response_label>
              <response_label ident="text2qti_choice_f1c8d07aa9d6bb45738bff045063be1998b6b119a4c3c91d16f36f9b2a992afa">
                <material>
                  <mattext texttype="text/html">&lt;p&gt;5%&lt;/p&gt;</mattext>
                </material>
              </response_label>
              <response_label ident="text2qti_choice_037ebfd23cef74c880fbf6bf18e06e338e5a338c14a875037150fc339185360b">
                <material>
                  <mattext texttype="text/html">&lt;p&gt;50%&lt;/p&gt;</mattext>
                </material>
              </response_label>
            </render_choice>
          </response_lid>
        </presentation>
        <resprocessing>
          <outcomes>
            <decvar maxvalue="100" minvalue="0" varname="SCORE" vartype="Decimal"/>
          </outcomes>
          <respcondition continue="Yes">
            <conditionvar>
              <varequal respident="response1">text2qti_choice_e7f928412f70265cb4d3e4d51e4b1cd973f0b4cf5014616558c1552ffee7e18e</varequal>
            </conditionvar>
            <displayfeedback feedbacktype="Response" linkrefid="text2qti_choice_e7f928412f70265cb4d3e4d51e4b1cd973f0b4cf5014616558c1552ffee7e18e_fb"/>
          </respcondition>
          <respcondition continue="No">
            <conditionvar>
              <varequal respident="response1">text2qti_choice_e7f928412f70265cb4d3e4d51e4b1cd973f0b4cf5014616558c1552ffee7e18e</varequal>
            </conditionvar>
            <setvar action="Set" varname="SCORE">100</setvar>
          </respcondition>
        </resprocessing>
        <itemfeedback ident="text2qti_choice_e7f928412f70265cb4d3e4d51e4b1cd973f0b4cf5014616558c1552ffee7e18e_fb">
          <flow_mat>
            <material>
              <mattext texttype="text/html">&lt;p&gt;This density balances strength and material use for typical parts.&lt;/p&gt;</mattext>
            </material>
          </flow_mat>
        </itemfeedback>
      </item>
      <item ident="text2qti_question_8963ce9f75242011129c291ca41dbd99e43efee2cee5e724a535ac3f7b592101" title="Question">
        <itemmetadata>
          <qtimetadata>
            <qtimetadatafield>
              <fieldlabel>question_type</fieldlabel>
              <fieldentry>multiple_choice_question</fieldentry>
            </qtimetadatafield>
            <qtimetadatafield>
              <fieldlabel>points_possible</fieldlabel>
              <fieldentry>1</fieldentry>
            </qtimetadatafield>
            <qtimetadatafield>
              <fieldlabel>original_answer_ids</fieldlabel>
              <fieldentry>text2qti_choice_0b21fa6aab99efb87d0c524451cf10d35640f967b73290080dcb4185da1bb4e4,text2qti_choice_4a2897c4cb7d5ee05b73ec80abb7dbc244c15b4c999540f8199c89ecec8066cc,text2qti_choice_0b3ce82246a9116ee9f2d4abaf948bd367ade0bd2bec8e8ebb5620aab186ee1d</fieldentry>
            </qtimetadatafield>
            <qtimetadatafield>
              <fieldlabel>assessment_question_identifierref</fieldlabel>
              <fieldentry>text2qti_question_ref_8963ce9f75242011129c291ca41dbd99e43efee2cee5e724a535ac3f7b592101</fieldentry>
            </qtimetadatafield>
          </qtimetadata>
        </itemmetadata>
        <presentation>
          <material>
            <mattext texttype="text/html">&lt;p&gt;Which Orca Flashforge tools automatically rotate and position parts for optimal printing?&lt;/p&gt;</mattext>
          </material>
          <response_lid ident="response1" rcardinality="Single">
            <render_choice>
              <response_label ident="text2qti_choice_0b21fa6aab99efb87d0c524451cf10d35640f967b73290080dcb4185da1bb4e4">
                <material>
                  <mattext texttype="text/html">&lt;p&gt;Auto Orient and Arrange All Objects&lt;/p&gt;</mattext>
                </material>
              </response_label>
              <response_label ident="text2qti_choice_4a2897c4cb7d5ee05b73ec80abb7dbc244c15b4c999540f8199c89ecec8066cc">
                <material>
                  <mattext texttype="text/html">&lt;p&gt;Tree Supports and Gyroid&lt;/p&gt;</mattext>
                </material>
              </response_label>
              <response_label ident="text2qti_choice_0b3ce82246a9116ee9f2d4abaf948bd367ade0bd2bec8e8ebb5620aab186ee1d">
                <material>
                  <mattext texttype="text/html">&lt;p&gt;Preheat Bed and Extruder&lt;/p&gt;</mattext>
                </material>
              </response_label>
            </render_choice>
          </response_lid>
        </presentation>
        <resprocessing>
          <outcomes>
            <decvar maxvalue="100" minvalue="0" varname="SCORE" vartype="Decimal"/>
          </outcomes>
          <respcondition continue="Yes">
            <conditionvar>
              <varequal respident="response1">text2qti_choice_0b21fa6aab99efb87d0c524451cf10d35640f967b73290080dcb4185da1bb4e4</varequal>
            </conditionvar>
            <displayfeedback feedbacktype="Response" linkrefid="text2qti_choice_0b21fa6aab99efb87d0c524451cf10d35640f967b73290080dcb4185da1bb4e4_fb"/>
          </respcondition>
          <respcondition continue="No">
            <conditionvar>
              <varequal respident="response1">text2qti_choice_0b21fa6aab99efb87d0c524451cf10d35640f967b73290080dcb4185da1bb4e4</varequal>
            </conditionvar>
            <setvar action="Set" varname="SCORE">100</setvar>
          </respcondition>
        </resprocessing>
        <itemfeedback ident="text2qti_choice_0b21fa6aab99efb87d0c524451cf10d35640f967b73290080dcb4185da1bb4e4_fb">
          <flow_mat>
            <material>
              <mattext texttype="text/html">&lt;p&gt;These features analyze models to find the best orientation and layout on the build plate.&lt;/p&gt;</mattext>
            </material>
          </flow_mat>
        </itemfeedback>
      </item>
      <item ident="text2qti_question_1cac0d853638e583b22a7eba36cba60818d10f86028efcf4a2a421112127ecec" title="Question">
        <itemmetadata>
          <qtimetadata>
            <qtimetadatafield>
              <fieldlabel>question_type</fieldlabel>
              <fieldentry>multiple_choice_question</fieldentry>
            </qtimetadatafield>
            <qtimetadatafield>
              <fieldlabel>points_possible</fieldlabel>
              <fieldentry>1</fieldentry>
            </qtimetadatafield>
            <qtimetadatafield>
              <fieldlabel>original_answer_ids</fieldlabel>
              <fieldentry>text2qti_choice_2c68ee7e6956c8701b88b086420381d58f64f79b48d03762eba7ef0e6803e9a3,text2qti_choice_cb53eafba21d8f583e917e6f3fe1424076ebeab618c41e202aae50d4ddef1f90,text2qti_choice_164efd31bc2a55176cf66651a47a9a5063806fdafef98c1bbd8dd2b5ec946f51</fieldentry>
            </qtimetadatafield>
            <qtimetadatafield>
              <fieldlabel>assessment_question_identifierref</fieldlabel>
              <fieldentry>text2qti_question_ref_1cac0d853638e583b22a7eba36cba60818d10f86028efcf4a2a421112127ecec</fieldentry>
            </qtimetadatafield>
          </qtimetadata>
        </itemmetadata>
        <presentation>
          <material>
            <mattext texttype="text/html">&lt;p&gt;Before starting a print, which step belongs on your pre‑flight checklist?&lt;/p&gt;</mattext>
          </material>
          <response_lid ident="response1" rcardinality="Single">
            <render_choice>
              <response_label ident="text2qti_choice_2c68ee7e6956c8701b88b086420381d58f64f79b48d03762eba7ef0e6803e9a3">
                <material>
                  <mattext texttype="text/html">&lt;p&gt;Verify the build plate is clean and properly installed&lt;/p&gt;</mattext>
                </material>
              </response_label>
              <response_label ident="text2qti_choice_cb53eafba21d8f583e917e6f3fe1424076ebeab618c41e202aae50d4ddef1f90">
                <material>
                  <mattext texttype="text/html">&lt;p&gt;Disable the cooling fan&lt;/p&gt;</mattext>
                </material>
              </response_label>
              <response_label ident="text2qti_choice_164efd31bc2a55176cf66651a47a9a5063806fdafef98c1bbd8dd2b5ec946f51">
                <material>
                  <mattext texttype="text/html">&lt;p&gt;Remove the USB drive&lt;/p&gt;</mattext>
                </material>
              </response_label>
            </render_choice>
          </response_lid>
        </presentation>
        <resprocessing>
          <outcomes>
            <decvar maxvalue="100" minvalue="0" varname="SCORE" vartype="Decimal"/>
          </outcomes>
          <respcondition continue="Yes">
            <conditionvar>
              <varequal respident="response1">text2qti_choice_2c68ee7e6956c8701b88b086420381d58f64f79b48d03762eba7ef0e6803e9a3</varequal>
            </conditionvar>
            <displayfeedback feedbacktype="Response" linkrefid="text2qti_choice_2c68ee7e6956c8701b88b086420381d58f64f79b48d03762eba7ef0e6803e9a3_fb"/>
          </respcondition>
          <respcondition continue="No">
            <conditionvar>
              <varequal respident="response1">text2qti_choice_2c68ee7e6956c8701b88b086420381d58f64f79b48d03762eba7ef0e6803e9a3</varequal>
            </conditionvar>
            <setvar action="Set" varname="SCORE">100</setvar>
          </respcondition>
        </resprocessing>
        <itemfeedback ident="text2qti_choice_2c68ee7e6956c8701b88b086420381d58f64f79b48d03762eba7ef0e6803e9a3_fb">
          <flow_mat>
            <material>
              <mattext texttype="text/html">&lt;p&gt;A clean, secure plate promotes good adhesion and prevents failures.&lt;/p&gt;</mattext>
            </material>
          </flow_mat>
        </itemfeedback>
      </item>
      <item ident="text2qti_question_8ba234848788d4aee2b13edb9204932212aa0a3b7bcc8cd30a591a23d8c69f30" title="Question">
        <itemmetadata>
          <qtimetadata>
            <qtimetadatafield>
              <fieldlabel>question_type</fieldlabel>
              <fieldentry>multiple_choice_question</fieldentry>
            </qtimetadatafield>
            <qtimetadatafield>
              <fieldlabel>points_possible</fieldlabel>
              <fieldentry>1</fieldentry>
            </qtimetadatafield>
            <qtimetadatafield>
              <fieldlabel>original_answer_ids</fieldlabel>
              <fieldentry>text2qti_choice_0a8845ad6b339d9d69ca917e3b378e7dd336987c6af152dbcbd94ed05a8eba80,text2qti_choice_8ca6e4e74ab2f49ed2e04a183d9a1808f79ab82e353b9c8fb490d356c1f08105,text2qti_choice_f9e597c3a45ac5810658638a3155afa2067c199fafa2cd76a0bdf8afe7c8923d</fieldentry>
            </qtimetadatafield>
            <qtimetadatafield>
              <fieldlabel>assessment_question_identifierref</fieldlabel>
              <fieldentry>text2qti_question_ref_8ba234848788d4aee2b13edb9204932212aa0a3b7bcc8cd30a591a23d8c69f30</fieldentry>
            </qtimetadatafield>
          </qtimetadata>
        </itemmetadata>
        <presentation>
          <material>
            <mattext texttype="text/html">&lt;p&gt;What tool should you use first to remove large support structures after printing?&lt;/p&gt;</mattext>
          </material>
          <response_lid ident="response1" rcardinality="Single">
            <render_choice>
              <response_label ident="text2qti_choice_0a8845ad6b339d9d69ca917e3b378e7dd336987c6af152dbcbd94ed05a8eba80">
                <material>
                  <mattext texttype="text/html">&lt;p&gt;Flush‑cutters&lt;/p&gt;</mattext>
                </material>
              </response_label>
              <response_label ident="text2qti_choice_8ca6e4e74ab2f49ed2e04a183d9a1808f79ab82e353b9c8fb490d356c1f08105">
                <material>
                  <mattext texttype="text/html">&lt;p&gt;Hammer&lt;/p&gt;</mattext>
                </material>
              </response_label>
              <response_label ident="text2qti_choice_f9e597c3a45ac5810658638a3155afa2067c199fafa2cd76a0bdf8afe7c8923d">
                <material>
                  <mattext texttype="text/html">&lt;p&gt;Screwdriver&lt;/p&gt;</mattext>
                </material>
              </response_label>
            </render_choice>
          </response_lid>
        </presentation>
        <resprocessing>
          <outcomes>
            <decvar maxvalue="100" minvalue="0" varname="SCORE" vartype="Decimal"/>
          </outcomes>
          <respcondition continue="Yes">
            <conditionvar>
              <varequal respident="response1">text2qti_choice_0a8845ad6b339d9d69ca917e3b378e7dd336987c6af152dbcbd94ed05a8eba80</varequal>
            </conditionvar>
            <displayfeedback feedbacktype="Response" linkrefid="text2qti_choice_0a8845ad6b339d9d69ca917e3b378e7dd336987c6af152dbcbd94ed05a8eba80_fb"/>
          </respcondition>
          <respcondition continue="No">
            <conditionvar>
              <varequal respident="response1">text2qti_choice_0a8845ad6b339d9d69ca917e3b378e7dd336987c6af152dbcbd94ed05a8eba80</varequal>
            </conditionvar>
            <setvar action="Set" varname="SCORE">100</setvar>
          </respcondition>
        </resprocessing>
        <itemfeedback ident="text2qti_choice_0a8845ad6b339d9d69ca917e3b378e7dd336987c6af152dbcbd94ed05a8eba80_fb">
          <flow_mat>
            <material>
              <mattext texttype="text/html">&lt;p&gt;Snipping big supports with flush‑cutters makes the remaining cleanup easier.&lt;/p&gt;</mattext>
            </material>
          </flow_mat>
        </itemfeedback>
      </item>
    </section>
  </assessment>
</questestinterop>
