<?xml version="1.0" encoding="UTF-8"?>
<questestinterop xmlns="http://www.imsglobal.org/xsd/ims_qtiasiv1p2" xmlns:xsi="http://www.w3.org/2001/XMLSchema-instance" xsi:schemaLocation="http://www.imsglobal.org/xsd/ims_qtiasiv1p2 http://www.imsglobal.org/xsd/ims_qtiasiv1p2p1.xsd">
  <assessment ident="text2qti_assessment_adf555496b7d312821fc64b579b95ccb3b135879cf5d8d67d9108492c75981f9" title="Preparing To Print">
    <qtimetadata>
      <qtimetadatafield>
        <fieldlabel>cc_maxattempts</fieldlabel>
        <fieldentry>1</fieldentry>
      </qtimetadatafield>
    </qtimetadata>
    <section ident="root_section">
      <item ident="text2qti_question_0755be1149b7edd2b10bbc2bbb1c2ffa8823b2a8b840524837e26030a77de70d" title="Question">
        <itemmetadata>
          <qtimetadata>
            <qtimetadatafield>
              <fieldlabel>question_type</fieldlabel>
              <fieldentry>multiple_choice_question</fieldentry>
            </qtimetadatafield>
            <qtimetadatafield>
              <fieldlabel>points_possible</fieldlabel>
              <fieldentry>1</fieldentry>
            </qtimetadatafield>
            <qtimetadatafield>
              <fieldlabel>original_answer_ids</fieldlabel>
              <fieldentry>text2qti_choice_a924b377da559b184c3317820d66b695f8c02fd913b22655cda9050765a0c391,text2qti_choice_def2ac8f32b66302d84ca74431f841d244651d6f99962339aa2a691ca84299c6,text2qti_choice_b72b4f3cc8189fe7dbe375eefb742db4dba5d4634a387411f6f5963e0285be50</fieldentry>
            </qtimetadatafield>
            <qtimetadatafield>
              <fieldlabel>assessment_question_identifierref</fieldlabel>
              <fieldentry>text2qti_question_ref_0755be1149b7edd2b10bbc2bbb1c2ffa8823b2a8b840524837e26030a77de70d</fieldentry>
            </qtimetadatafield>
          </qtimetadata>
        </itemmetadata>
        <presentation>
          <material>
            <mattext texttype="text/html">&lt;p&gt;Which infill pattern is commonly used at USF for a balance of strength and speed?&lt;/p&gt;</mattext>
          </material>
          <response_lid ident="response1" rcardinality="Single">
            <render_choice>
              <response_label ident="text2qti_choice_a924b377da559b184c3317820d66b695f8c02fd913b22655cda9050765a0c391">
                <material>
                  <mattext texttype="text/html">&lt;p&gt;Gyroid&lt;/p&gt;</mattext>
                </material>
              </response_label>
              <response_label ident="text2qti_choice_def2ac8f32b66302d84ca74431f841d244651d6f99962339aa2a691ca84299c6">
                <material>
                  <mattext texttype="text/html">&lt;p&gt;Grid&lt;/p&gt;</mattext>
                </material>
              </response_label>
              <response_label ident="text2qti_choice_b72b4f3cc8189fe7dbe375eefb742db4dba5d4634a387411f6f5963e0285be50">
                <material>
                  <mattext texttype="text/html">&lt;p&gt;Rectilinear&lt;/p&gt;</mattext>
                </material>
              </response_label>
            </render_choice>
          </response_lid>
        </presentation>
        <resprocessing>
          <outcomes>
            <decvar maxvalue="100" minvalue="0" varname="SCORE" vartype="Decimal"/>
          </outcomes>
          <respcondition continue="Yes">
            <conditionvar>
              <varequal respident="response1">text2qti_choice_def2ac8f32b66302d84ca74431f841d244651d6f99962339aa2a691ca84299c6</varequal>
            </conditionvar>
            <displayfeedback feedbacktype="Response" linkrefid="text2qti_choice_def2ac8f32b66302d84ca74431f841d244651d6f99962339aa2a691ca84299c6_fb"/>
          </respcondition>
          <respcondition continue="No">
            <conditionvar>
              <varequal respident="response1">text2qti_choice_def2ac8f32b66302d84ca74431f841d244651d6f99962339aa2a691ca84299c6</varequal>
            </conditionvar>
            <setvar action="Set" varname="SCORE">100</setvar>
          </respcondition>
        </resprocessing>
        <itemfeedback ident="text2qti_choice_def2ac8f32b66302d84ca74431f841d244651d6f99962339aa2a691ca84299c6_fb">
          <flow_mat>
            <material>
              <mattext texttype="text/html">&lt;p&gt;Grid infill offers a good mix of strength and efficiency for most prints.&lt;/p&gt;</mattext>
            </material>
          </flow_mat>
        </itemfeedback>
      </item>
      <item ident="text2qti_question_9c035888f1827b1784c9487ef9e7128f2819b3a1484fa1fca3f867b552a4a464" title="Question">
        <itemmetadata>
          <qtimetadata>
            <qtimetadatafield>
              <fieldlabel>question_type</fieldlabel>
              <fieldentry>multiple_choice_question</fieldentry>
            </qtimetadatafield>
            <qtimetadatafield>
              <fieldlabel>points_possible</fieldlabel>
              <fieldentry>1</fieldentry>
            </qtimetadatafield>
            <qtimetadatafield>
              <fieldlabel>original_answer_ids</fieldlabel>
              <fieldentry>text2qti_choice_bbe1b4501f14f12d95840a9142ef02e8687d244864ef8872df645c049fbcf3e6,text2qti_choice_e808cf9a95803bdd99fee1e906d2921e0c7aa48d979f1005eca54181f5ffc8b3,text2qti_choice_80476f81309c187cebe318a4a07592dd2bf8aae4af596b4610500864886a44e3</fieldentry>
            </qtimetadatafield>
            <qtimetadatafield>
              <fieldlabel>assessment_question_identifierref</fieldlabel>
              <fieldentry>text2qti_question_ref_9c035888f1827b1784c9487ef9e7128f2819b3a1484fa1fca3f867b552a4a464</fieldentry>
            </qtimetadatafield>
          </qtimetadata>
        </itemmetadata>
        <presentation>
          <material>
            <mattext texttype="text/html">&lt;p&gt;Tree supports are especially useful when?&lt;/p&gt;</mattext>
          </material>
          <response_lid ident="response1" rcardinality="Single">
            <render_choice>
              <response_label ident="text2qti_choice_bbe1b4501f14f12d95840a9142ef02e8687d244864ef8872df645c049fbcf3e6">
                <material>
                  <mattext texttype="text/html">&lt;p&gt;Your model has a large flat overhang&lt;/p&gt;</mattext>
                </material>
              </response_label>
              <response_label ident="text2qti_choice_e808cf9a95803bdd99fee1e906d2921e0c7aa48d979f1005eca54181f5ffc8b3">
                <material>
                  <mattext texttype="text/html">&lt;p&gt;Your model has complex geometry with small, non-planar overhangs&lt;/p&gt;</mattext>
                </material>
              </response_label>
              <response_label ident="text2qti_choice_80476f81309c187cebe318a4a07592dd2bf8aae4af596b4610500864886a44e3">
                <material>
                  <mattext texttype="text/html">&lt;p&gt;You want the smoothest surface on a large flat bottom&lt;/p&gt;</mattext>
                </material>
              </response_label>
            </render_choice>
          </response_lid>
        </presentation>
        <resprocessing>
          <outcomes>
            <decvar maxvalue="100" minvalue="0" varname="SCORE" vartype="Decimal"/>
          </outcomes>
          <respcondition continue="Yes">
            <conditionvar>
              <varequal respident="response1">text2qti_choice_e808cf9a95803bdd99fee1e906d2921e0c7aa48d979f1005eca54181f5ffc8b3</varequal>
            </conditionvar>
            <displayfeedback feedbacktype="Response" linkrefid="text2qti_choice_e808cf9a95803bdd99fee1e906d2921e0c7aa48d979f1005eca54181f5ffc8b3_fb"/>
          </respcondition>
          <respcondition continue="No">
            <conditionvar>
              <varequal respident="response1">text2qti_choice_e808cf9a95803bdd99fee1e906d2921e0c7aa48d979f1005eca54181f5ffc8b3</varequal>
            </conditionvar>
            <setvar action="Set" varname="SCORE">100</setvar>
          </respcondition>
        </resprocessing>
        <itemfeedback ident="text2qti_choice_e808cf9a95803bdd99fee1e906d2921e0c7aa48d979f1005eca54181f5ffc8b3_fb">
          <flow_mat>
            <material>
              <mattext texttype="text/html">&lt;p&gt;Tree supports use branched structures that support intricate shapes efficiently.&lt;/p&gt;</mattext>
            </material>
          </flow_mat>
        </itemfeedback>
      </item>
      <item ident="text2qti_question_7f084f204e075330a18d0b00ca3f644a069b0dd02a1b8106dfb7542a1e32a6f4" title="Question">
        <itemmetadata>
          <qtimetadata>
            <qtimetadatafield>
              <fieldlabel>question_type</fieldlabel>
              <fieldentry>multiple_choice_question</fieldentry>
            </qtimetadatafield>
            <qtimetadatafield>
              <fieldlabel>points_possible</fieldlabel>
              <fieldentry>1</fieldentry>
            </qtimetadatafield>
            <qtimetadatafield>
              <fieldlabel>original_answer_ids</fieldlabel>
              <fieldentry>text2qti_choice_10bc62826c00732f1f5dd3ea6bb34d6bc2d6bdd4797173b0c405352ca4f35911,text2qti_choice_b71f02efdfcdab5110fe1e794e33af9b40cc8d97eaed20814ce6ab018184db1f,text2qti_choice_cb937712101665854bbf0bd584b7d07b53525a61ae04b3ea5f598366e17df415</fieldentry>
            </qtimetadatafield>
            <qtimetadatafield>
              <fieldlabel>assessment_question_identifierref</fieldlabel>
              <fieldentry>text2qti_question_ref_7f084f204e075330a18d0b00ca3f644a069b0dd02a1b8106dfb7542a1e32a6f4</fieldentry>
            </qtimetadatafield>
          </qtimetadata>
        </itemmetadata>
        <presentation>
          <material>
            <mattext texttype="text/html">&lt;p&gt;If your model features a wide, flat overhang and surface quality is critical, which support type should you choose?&lt;/p&gt;</mattext>
          </material>
          <response_lid ident="response1" rcardinality="Single">
            <render_choice>
              <response_label ident="text2qti_choice_10bc62826c00732f1f5dd3ea6bb34d6bc2d6bdd4797173b0c405352ca4f35911">
                <material>
                  <mattext texttype="text/html">&lt;p&gt;Normal supports&lt;/p&gt;</mattext>
                </material>
              </response_label>
              <response_label ident="text2qti_choice_b71f02efdfcdab5110fe1e794e33af9b40cc8d97eaed20814ce6ab018184db1f">
                <material>
                  <mattext texttype="text/html">&lt;p&gt;Tree supports&lt;/p&gt;</mattext>
                </material>
              </response_label>
              <response_label ident="text2qti_choice_cb937712101665854bbf0bd584b7d07b53525a61ae04b3ea5f598366e17df415">
                <material>
                  <mattext texttype="text/html">&lt;p&gt;No supports&lt;/p&gt;</mattext>
                </material>
              </response_label>
            </render_choice>
          </response_lid>
        </presentation>
        <resprocessing>
          <outcomes>
            <decvar maxvalue="100" minvalue="0" varname="SCORE" vartype="Decimal"/>
          </outcomes>
          <respcondition continue="Yes">
            <conditionvar>
              <varequal respident="response1">text2qti_choice_10bc62826c00732f1f5dd3ea6bb34d6bc2d6bdd4797173b0c405352ca4f35911</varequal>
            </conditionvar>
            <displayfeedback feedbacktype="Response" linkrefid="text2qti_choice_10bc62826c00732f1f5dd3ea6bb34d6bc2d6bdd4797173b0c405352ca4f35911_fb"/>
          </respcondition>
          <respcondition continue="No">
            <conditionvar>
              <varequal respident="response1">text2qti_choice_10bc62826c00732f1f5dd3ea6bb34d6bc2d6bdd4797173b0c405352ca4f35911</varequal>
            </conditionvar>
            <setvar action="Set" varname="SCORE">100</setvar>
          </respcondition>
        </resprocessing>
        <itemfeedback ident="text2qti_choice_10bc62826c00732f1f5dd3ea6bb34d6bc2d6bdd4797173b0c405352ca4f35911_fb">
          <flow_mat>
            <material>
              <mattext texttype="text/html">&lt;p&gt;Normal supports provide better surface finish for broad planar overhangs.&lt;/p&gt;</mattext>
            </material>
          </flow_mat>
        </itemfeedback>
      </item>
      <item ident="text2qti_question_99cdf2b5c9f94b2dde4bc46e45465d0f21461af94178e871d7f400265a9597a2" title="Question">
        <itemmetadata>
          <qtimetadata>
            <qtimetadatafield>
              <fieldlabel>question_type</fieldlabel>
              <fieldentry>multiple_choice_question</fieldentry>
            </qtimetadatafield>
            <qtimetadatafield>
              <fieldlabel>points_possible</fieldlabel>
              <fieldentry>1</fieldentry>
            </qtimetadatafield>
            <qtimetadatafield>
              <fieldlabel>original_answer_ids</fieldlabel>
              <fieldentry>text2qti_choice_880f97b9f0644c0720c0ec566820d78e51c525c66c306e9fa54705a3b0621596,text2qti_choice_54140f0ab7c3acf87722215038af99cc586bb7b7cc4b602fe00be0604e306389,text2qti_choice_afd7aaa44079001a383881d2e7db21c2b0c41eca32354ea81b6822d560162367</fieldentry>
            </qtimetadatafield>
            <qtimetadatafield>
              <fieldlabel>assessment_question_identifierref</fieldlabel>
              <fieldentry>text2qti_question_ref_99cdf2b5c9f94b2dde4bc46e45465d0f21461af94178e871d7f400265a9597a2</fieldentry>
            </qtimetadatafield>
          </qtimetadata>
        </itemmetadata>
        <presentation>
          <material>
            <mattext texttype="text/html">&lt;p&gt;What does layer height primarily affect?&lt;/p&gt;</mattext>
          </material>
          <response_lid ident="response1" rcardinality="Single">
            <render_choice>
              <response_label ident="text2qti_choice_880f97b9f0644c0720c0ec566820d78e51c525c66c306e9fa54705a3b0621596">
                <material>
                  <mattext texttype="text/html">&lt;p&gt;Print quality and speed&lt;/p&gt;</mattext>
                </material>
              </response_label>
              <response_label ident="text2qti_choice_54140f0ab7c3acf87722215038af99cc586bb7b7cc4b602fe00be0604e306389">
                <material>
                  <mattext texttype="text/html">&lt;p&gt;Only the color of the filament&lt;/p&gt;</mattext>
                </material>
              </response_label>
              <response_label ident="text2qti_choice_afd7aaa44079001a383881d2e7db21c2b0c41eca32354ea81b6822d560162367">
                <material>
                  <mattext texttype="text/html">&lt;p&gt;The size of the build plate&lt;/p&gt;</mattext>
                </material>
              </response_label>
            </render_choice>
          </response_lid>
        </presentation>
        <resprocessing>
          <outcomes>
            <decvar maxvalue="100" minvalue="0" varname="SCORE" vartype="Decimal"/>
          </outcomes>
          <respcondition continue="Yes">
            <conditionvar>
              <varequal respident="response1">text2qti_choice_880f97b9f0644c0720c0ec566820d78e51c525c66c306e9fa54705a3b0621596</varequal>
            </conditionvar>
            <displayfeedback feedbacktype="Response" linkrefid="text2qti_choice_880f97b9f0644c0720c0ec566820d78e51c525c66c306e9fa54705a3b0621596_fb"/>
          </respcondition>
          <respcondition continue="No">
            <conditionvar>
              <varequal respident="response1">text2qti_choice_880f97b9f0644c0720c0ec566820d78e51c525c66c306e9fa54705a3b0621596</varequal>
            </conditionvar>
            <setvar action="Set" varname="SCORE">100</setvar>
          </respcondition>
        </resprocessing>
        <itemfeedback ident="text2qti_choice_880f97b9f0644c0720c0ec566820d78e51c525c66c306e9fa54705a3b0621596_fb">
          <flow_mat>
            <material>
              <mattext texttype="text/html">&lt;p&gt;Thinner layers improve detail but increase print time.&lt;/p&gt;</mattext>
            </material>
          </flow_mat>
        </itemfeedback>
      </item>
      <item ident="text2qti_question_b04fdd1ab2e036ba21bdb768f1d1ccce64ae62fc6f1690c5214f2d9fc05fa190" title="Question">
        <itemmetadata>
          <qtimetadata>
            <qtimetadatafield>
              <fieldlabel>question_type</fieldlabel>
              <fieldentry>multiple_choice_question</fieldentry>
            </qtimetadatafield>
            <qtimetadatafield>
              <fieldlabel>points_possible</fieldlabel>
              <fieldentry>1</fieldentry>
            </qtimetadatafield>
            <qtimetadatafield>
              <fieldlabel>original_answer_ids</fieldlabel>
              <fieldentry>text2qti_choice_57f78be91343acdefb6be1454e90ba979c9c70de8dd290adddfe46224560769d,text2qti_choice_f0e178ff93f096117a80b74c1fcd8ce061750e35468bcefc34177a86801d50f5,text2qti_choice_aadc2f9143d7907c77a85d0d75ed3e55d3eb807e8300b921c50dc35456189417</fieldentry>
            </qtimetadatafield>
            <qtimetadatafield>
              <fieldlabel>assessment_question_identifierref</fieldlabel>
              <fieldentry>text2qti_question_ref_b04fdd1ab2e036ba21bdb768f1d1ccce64ae62fc6f1690c5214f2d9fc05fa190</fieldentry>
            </qtimetadatafield>
          </qtimetadata>
        </itemmetadata>
        <presentation>
          <material>
            <mattext texttype="text/html">&lt;p&gt;When exporting G-code at USF, which file name follows the required format?&lt;/p&gt;</mattext>
          </material>
          <response_lid ident="response1" rcardinality="Single">
            <render_choice>
              <response_label ident="text2qti_choice_57f78be91343acdefb6be1454e90ba979c9c70de8dd290adddfe46224560769d">
                <material>
                  <mattext texttype="text/html">&lt;p&gt;Model.gcode&lt;/p&gt;</mattext>
                </material>
              </response_label>
              <response_label ident="text2qti_choice_f0e178ff93f096117a80b74c1fcd8ce061750e35468bcefc34177a86801d50f5">
                <material>
                  <mattext texttype="text/html">&lt;p&gt;Smith_J_Doe_SEC1_Gear.gcode&lt;/p&gt;</mattext>
                </material>
              </response_label>
              <response_label ident="text2qti_choice_aadc2f9143d7907c77a85d0d75ed3e55d3eb807e8300b921c50dc35456189417">
                <material>
                  <mattext texttype="text/html">&lt;p&gt;Print1.gcode&lt;/p&gt;</mattext>
                </material>
              </response_label>
            </render_choice>
          </response_lid>
        </presentation>
        <resprocessing>
          <outcomes>
            <decvar maxvalue="100" minvalue="0" varname="SCORE" vartype="Decimal"/>
          </outcomes>
          <respcondition continue="Yes">
            <conditionvar>
              <varequal respident="response1">text2qti_choice_f0e178ff93f096117a80b74c1fcd8ce061750e35468bcefc34177a86801d50f5</varequal>
            </conditionvar>
            <displayfeedback feedbacktype="Response" linkrefid="text2qti_choice_f0e178ff93f096117a80b74c1fcd8ce061750e35468bcefc34177a86801d50f5_fb"/>
          </respcondition>
          <respcondition continue="No">
            <conditionvar>
              <varequal respident="response1">text2qti_choice_f0e178ff93f096117a80b74c1fcd8ce061750e35468bcefc34177a86801d50f5</varequal>
            </conditionvar>
            <setvar action="Set" varname="SCORE">100</setvar>
          </respcondition>
        </resprocessing>
        <itemfeedback ident="text2qti_choice_f0e178ff93f096117a80b74c1fcd8ce061750e35468bcefc34177a86801d50f5_fb">
          <flow_mat>
            <material>
              <mattext texttype="text/html">&lt;p&gt;Files must include last name, first initial, professor, section, and model name.&lt;/p&gt;</mattext>
            </material>
          </flow_mat>
        </itemfeedback>
      </item>
      <item ident="text2qti_question_870eff6ffd2b63a4d7d1cd0652b7f09930141e0f20d7bfd112c603af4c596f5d" title="Question">
        <itemmetadata>
          <qtimetadata>
            <qtimetadatafield>
              <fieldlabel>question_type</fieldlabel>
              <fieldentry>multiple_choice_question</fieldentry>
            </qtimetadatafield>
            <qtimetadatafield>
              <fieldlabel>points_possible</fieldlabel>
              <fieldentry>1</fieldentry>
            </qtimetadatafield>
            <qtimetadatafield>
              <fieldlabel>original_answer_ids</fieldlabel>
              <fieldentry>text2qti_choice_73f02aec1e3e26fbbc245dbca139ed3b572dbe6da673cbb989ae76a5d6dea4db,text2qti_choice_be9186b22b3b68d693f0347386e0f3ef5d4c0b5d055decd5e22de60609dfd00f,text2qti_choice_500e2d2cfa1548a630025b9e5050b200d2f6c9d4b5b386ee16b6e2b12233abe8</fieldentry>
            </qtimetadatafield>
            <qtimetadatafield>
              <fieldlabel>assessment_question_identifierref</fieldlabel>
              <fieldentry>text2qti_question_ref_870eff6ffd2b63a4d7d1cd0652b7f09930141e0f20d7bfd112c603af4c596f5d</fieldentry>
            </qtimetadatafield>
          </qtimetadata>
        </itemmetadata>
        <presentation>
          <material>
            <mattext texttype="text/html">&lt;p&gt;Why is previewing your sliced model before exporting helpful?&lt;/p&gt;</mattext>
          </material>
          <response_lid ident="response1" rcardinality="Single">
            <render_choice>
              <response_label ident="text2qti_choice_73f02aec1e3e26fbbc245dbca139ed3b572dbe6da673cbb989ae76a5d6dea4db">
                <material>
                  <mattext texttype="text/html">&lt;p&gt;It changes the filament color&lt;/p&gt;</mattext>
                </material>
              </response_label>
              <response_label ident="text2qti_choice_be9186b22b3b68d693f0347386e0f3ef5d4c0b5d055decd5e22de60609dfd00f">
                <material>
                  <mattext texttype="text/html">&lt;p&gt;It allows you to spot missing supports or adhesion issues before printing&lt;/p&gt;</mattext>
                </material>
              </response_label>
              <response_label ident="text2qti_choice_500e2d2cfa1548a630025b9e5050b200d2f6c9d4b5b386ee16b6e2b12233abe8">
                <material>
                  <mattext texttype="text/html">&lt;p&gt;It automatically starts the print&lt;/p&gt;</mattext>
                </material>
              </response_label>
            </render_choice>
          </response_lid>
        </presentation>
        <resprocessing>
          <outcomes>
            <decvar maxvalue="100" minvalue="0" varname="SCORE" vartype="Decimal"/>
          </outcomes>
          <respcondition continue="Yes">
            <conditionvar>
              <varequal respident="response1">text2qti_choice_be9186b22b3b68d693f0347386e0f3ef5d4c0b5d055decd5e22de60609dfd00f</varequal>
            </conditionvar>
            <displayfeedback feedbacktype="Response" linkrefid="text2qti_choice_be9186b22b3b68d693f0347386e0f3ef5d4c0b5d055decd5e22de60609dfd00f_fb"/>
          </respcondition>
          <respcondition continue="No">
            <conditionvar>
              <varequal respident="response1">text2qti_choice_be9186b22b3b68d693f0347386e0f3ef5d4c0b5d055decd5e22de60609dfd00f</varequal>
            </conditionvar>
            <setvar action="Set" varname="SCORE">100</setvar>
          </respcondition>
        </resprocessing>
        <itemfeedback ident="text2qti_choice_be9186b22b3b68d693f0347386e0f3ef5d4c0b5d055decd5e22de60609dfd00f_fb">
          <flow_mat>
            <material>
              <mattext texttype="text/html">&lt;p&gt;Previewing catches problems early, saving time and material.&lt;/p&gt;</mattext>
            </material>
          </flow_mat>
        </itemfeedback>
      </item>
      <item ident="text2qti_question_14bea58372f925f5bf0d3cbf1f02f2a2c06616beeceb42ce42cd28b2af7dc5ca" title="Question">
        <itemmetadata>
          <qtimetadata>
            <qtimetadatafield>
              <fieldlabel>question_type</fieldlabel>
              <fieldentry>multiple_choice_question</fieldentry>
            </qtimetadatafield>
            <qtimetadatafield>
              <fieldlabel>points_possible</fieldlabel>
              <fieldentry>1</fieldentry>
            </qtimetadatafield>
            <qtimetadatafield>
              <fieldlabel>original_answer_ids</fieldlabel>
              <fieldentry>text2qti_choice_deaa1468cadc437e139d2cce427531d65d0667add26109591c8920e3e39fb3d8,text2qti_choice_c6d9e25f286ca036d6e884d1fd6164815bcbf761dfbacbc66e176aca65c6fa1b,text2qti_choice_1faa80058309bb8269797af2c851317a15ab1498ff82be46a99250601ba15da8</fieldentry>
            </qtimetadatafield>
            <qtimetadatafield>
              <fieldlabel>assessment_question_identifierref</fieldlabel>
              <fieldentry>text2qti_question_ref_14bea58372f925f5bf0d3cbf1f02f2a2c06616beeceb42ce42cd28b2af7dc5ca</fieldentry>
            </qtimetadatafield>
          </qtimetadata>
        </itemmetadata>
        <presentation>
          <material>
            <mattext texttype="text/html">&lt;p&gt;The slicer created a second plate automatically when you imported multiple models. What does this usually indicate?&lt;/p&gt;</mattext>
          </material>
          <response_lid ident="response1" rcardinality="Single">
            <render_choice>
              <response_label ident="text2qti_choice_deaa1468cadc437e139d2cce427531d65d0667add26109591c8920e3e39fb3d8">
                <material>
                  <mattext texttype="text/html">&lt;p&gt;The parts cannot fit on one plate with the current orientation&lt;/p&gt;</mattext>
                </material>
              </response_label>
              <response_label ident="text2qti_choice_c6d9e25f286ca036d6e884d1fd6164815bcbf761dfbacbc66e176aca65c6fa1b">
                <material>
                  <mattext texttype="text/html">&lt;p&gt;The slicer malfunctioned&lt;/p&gt;</mattext>
                </material>
              </response_label>
              <response_label ident="text2qti_choice_1faa80058309bb8269797af2c851317a15ab1498ff82be46a99250601ba15da8">
                <material>
                  <mattext texttype="text/html">&lt;p&gt;You have too much infill&lt;/p&gt;</mattext>
                </material>
              </response_label>
            </render_choice>
          </response_lid>
        </presentation>
        <resprocessing>
          <outcomes>
            <decvar maxvalue="100" minvalue="0" varname="SCORE" vartype="Decimal"/>
          </outcomes>
          <respcondition continue="Yes">
            <conditionvar>
              <varequal respident="response1">text2qti_choice_deaa1468cadc437e139d2cce427531d65d0667add26109591c8920e3e39fb3d8</varequal>
            </conditionvar>
            <displayfeedback feedbacktype="Response" linkrefid="text2qti_choice_deaa1468cadc437e139d2cce427531d65d0667add26109591c8920e3e39fb3d8_fb"/>
          </respcondition>
          <respcondition continue="No">
            <conditionvar>
              <varequal respident="response1">text2qti_choice_deaa1468cadc437e139d2cce427531d65d0667add26109591c8920e3e39fb3d8</varequal>
            </conditionvar>
            <setvar action="Set" varname="SCORE">100</setvar>
          </respcondition>
        </resprocessing>
        <itemfeedback ident="text2qti_choice_deaa1468cadc437e139d2cce427531d65d0667add26109591c8920e3e39fb3d8_fb">
          <flow_mat>
            <material>
              <mattext texttype="text/html">&lt;p&gt;Multiple plates are generated when models exceed the build area together.&lt;/p&gt;</mattext>
            </material>
          </flow_mat>
        </itemfeedback>
      </item>
    </section>
  </assessment>
</questestinterop>
