<?xml version="1.0" encoding="UTF-8"?>
<questestinterop xmlns="http://www.imsglobal.org/xsd/ims_qtiasiv1p2" xmlns:xsi="http://www.w3.org/2001/XMLSchema-instance" xsi:schemaLocation="http://www.imsglobal.org/xsd/ims_qtiasiv1p2 http://www.imsglobal.org/xsd/ims_qtiasiv1p2p1.xsd">
  <assessment ident="text2qti_assessment_1799b972d4134926b54c7024aaf254380cb79a98018560bc2a39ca82e53eff8a" title="Track 2 Final Quiz: Programming">
    <qtimetadata>
      <qtimetadatafield>
        <fieldlabel>cc_maxattempts</fieldlabel>
        <fieldentry>1</fieldentry>
      </qtimetadatafield>
    </qtimetadata>
    <section ident="root_section">
      <item ident="text2qti_question_a3dec1b9ce97dd348a89b25854e91b32a46a8a6b21d23ecf0bdfb9429d04d25b" title="Question">
        <itemmetadata>
          <qtimetadata>
            <qtimetadatafield>
              <fieldlabel>question_type</fieldlabel>
              <fieldentry>multiple_choice_question</fieldentry>
            </qtimetadatafield>
            <qtimetadatafield>
              <fieldlabel>points_possible</fieldlabel>
              <fieldentry>1</fieldentry>
            </qtimetadatafield>
            <qtimetadatafield>
              <fieldlabel>original_answer_ids</fieldlabel>
              <fieldentry>text2qti_choice_585e1cf013f75c7e0f533444eaaa7d56f9fe1d98edd65948e14b4e8247f7763e,text2qti_choice_58210db3438eafa5b005b42f12cbd62839714e1f2112f9b4233ce2eb2f0fe651,text2qti_choice_f05037c746962e862dfff5666ba94ed774a09a32275df933fde97b3c5b1d6b1a</fieldentry>
            </qtimetadatafield>
            <qtimetadatafield>
              <fieldlabel>assessment_question_identifierref</fieldlabel>
              <fieldentry>text2qti_question_ref_a3dec1b9ce97dd348a89b25854e91b32a46a8a6b21d23ecf0bdfb9429d04d25b</fieldentry>
            </qtimetadatafield>
          </qtimetadata>
        </itemmetadata>
        <presentation>
          <material>
            <mattext texttype="text/html">&lt;p&gt;Which file extension do Arduino sketches use?&lt;/p&gt;</mattext>
          </material>
          <response_lid ident="response1" rcardinality="Single">
            <render_choice>
              <response_label ident="text2qti_choice_585e1cf013f75c7e0f533444eaaa7d56f9fe1d98edd65948e14b4e8247f7763e">
                <material>
                  <mattext texttype="text/html">&lt;p&gt;.cpp&lt;/p&gt;</mattext>
                </material>
              </response_label>
              <response_label ident="text2qti_choice_58210db3438eafa5b005b42f12cbd62839714e1f2112f9b4233ce2eb2f0fe651">
                <material>
                  <mattext texttype="text/html">&lt;p&gt;.ino&lt;/p&gt;</mattext>
                </material>
              </response_label>
              <response_label ident="text2qti_choice_f05037c746962e862dfff5666ba94ed774a09a32275df933fde97b3c5b1d6b1a">
                <material>
                  <mattext texttype="text/html">&lt;p&gt;.exe&lt;/p&gt;</mattext>
                </material>
              </response_label>
            </render_choice>
          </response_lid>
        </presentation>
        <resprocessing>
          <outcomes>
            <decvar maxvalue="100" minvalue="0" varname="SCORE" vartype="Decimal"/>
          </outcomes>
          <respcondition continue="Yes">
            <conditionvar>
              <varequal respident="response1">text2qti_choice_58210db3438eafa5b005b42f12cbd62839714e1f2112f9b4233ce2eb2f0fe651</varequal>
            </conditionvar>
            <displayfeedback feedbacktype="Response" linkrefid="text2qti_choice_58210db3438eafa5b005b42f12cbd62839714e1f2112f9b4233ce2eb2f0fe651_fb"/>
          </respcondition>
          <respcondition continue="No">
            <conditionvar>
              <varequal respident="response1">text2qti_choice_58210db3438eafa5b005b42f12cbd62839714e1f2112f9b4233ce2eb2f0fe651</varequal>
            </conditionvar>
            <setvar action="Set" varname="SCORE">100</setvar>
          </respcondition>
        </resprocessing>
        <itemfeedback ident="text2qti_choice_58210db3438eafa5b005b42f12cbd62839714e1f2112f9b4233ce2eb2f0fe651_fb">
          <flow_mat>
            <material>
              <mattext texttype="text/html">&lt;p&gt;Arduino saves code in sketch files that end with the .ino extension.&lt;/p&gt;</mattext>
            </material>
          </flow_mat>
        </itemfeedback>
      </item>
      <item ident="text2qti_question_c1900e8bf5736033329f6f10d406aeb317bf7bdae4490c9df70d04c78db33fdb" title="Question">
        <itemmetadata>
          <qtimetadata>
            <qtimetadatafield>
              <fieldlabel>question_type</fieldlabel>
              <fieldentry>multiple_choice_question</fieldentry>
            </qtimetadatafield>
            <qtimetadatafield>
              <fieldlabel>points_possible</fieldlabel>
              <fieldentry>1</fieldentry>
            </qtimetadatafield>
            <qtimetadatafield>
              <fieldlabel>original_answer_ids</fieldlabel>
              <fieldentry>text2qti_choice_f1aed9ddd4080ae40cebf6c157bca33c92a124151a8851265f2376f602c91a00,text2qti_choice_4f231f2f21e743b0f1d7a78479bb5d55a98c8948f2e496b66f0d06795e641d46,text2qti_choice_912ce70d0de203a3fff161ce1e2aa4ae4a049a4c7b63f75d3d57546549832369</fieldentry>
            </qtimetadatafield>
            <qtimetadatafield>
              <fieldlabel>assessment_question_identifierref</fieldlabel>
              <fieldentry>text2qti_question_ref_c1900e8bf5736033329f6f10d406aeb317bf7bdae4490c9df70d04c78db33fdb</fieldentry>
            </qtimetadatafield>
          </qtimetadata>
        </itemmetadata>
        <presentation>
          <material>
            <mattext texttype="text/html">&lt;p&gt;Which microcontroller board is used in this course?&lt;/p&gt;</mattext>
          </material>
          <response_lid ident="response1" rcardinality="Single">
            <render_choice>
              <response_label ident="text2qti_choice_f1aed9ddd4080ae40cebf6c157bca33c92a124151a8851265f2376f602c91a00">
                <material>
                  <mattext texttype="text/html">&lt;p&gt;Arduino Uno&lt;/p&gt;</mattext>
                </material>
              </response_label>
              <response_label ident="text2qti_choice_4f231f2f21e743b0f1d7a78479bb5d55a98c8948f2e496b66f0d06795e641d46">
                <material>
                  <mattext texttype="text/html">&lt;p&gt;Raspberry Pi Pico&lt;/p&gt;</mattext>
                </material>
              </response_label>
              <response_label ident="text2qti_choice_912ce70d0de203a3fff161ce1e2aa4ae4a049a4c7b63f75d3d57546549832369">
                <material>
                  <mattext texttype="text/html">&lt;p&gt;ESP32&lt;/p&gt;</mattext>
                </material>
              </response_label>
            </render_choice>
          </response_lid>
        </presentation>
        <resprocessing>
          <outcomes>
            <decvar maxvalue="100" minvalue="0" varname="SCORE" vartype="Decimal"/>
          </outcomes>
          <respcondition continue="Yes">
            <conditionvar>
              <varequal respident="response1">text2qti_choice_f1aed9ddd4080ae40cebf6c157bca33c92a124151a8851265f2376f602c91a00</varequal>
            </conditionvar>
            <displayfeedback feedbacktype="Response" linkrefid="text2qti_choice_f1aed9ddd4080ae40cebf6c157bca33c92a124151a8851265f2376f602c91a00_fb"/>
          </respcondition>
          <respcondition continue="No">
            <conditionvar>
              <varequal respident="response1">text2qti_choice_f1aed9ddd4080ae40cebf6c157bca33c92a124151a8851265f2376f602c91a00</varequal>
            </conditionvar>
            <setvar action="Set" varname="SCORE">100</setvar>
          </respcondition>
        </resprocessing>
        <itemfeedback ident="text2qti_choice_f1aed9ddd4080ae40cebf6c157bca33c92a124151a8851265f2376f602c91a00_fb">
          <flow_mat>
            <material>
              <mattext texttype="text/html">&lt;p&gt;The guide uses the Arduino Uno because it is beginner friendly and well supported.&lt;/p&gt;</mattext>
            </material>
          </flow_mat>
        </itemfeedback>
      </item>
      <item ident="text2qti_question_7f7da1133fd275129dd6dac3eb44d2cc0c9652073116b5cc5bd727b3d9863463" title="Question">
        <itemmetadata>
          <qtimetadata>
            <qtimetadatafield>
              <fieldlabel>question_type</fieldlabel>
              <fieldentry>multiple_choice_question</fieldentry>
            </qtimetadatafield>
            <qtimetadatafield>
              <fieldlabel>points_possible</fieldlabel>
              <fieldentry>1</fieldentry>
            </qtimetadatafield>
            <qtimetadatafield>
              <fieldlabel>original_answer_ids</fieldlabel>
              <fieldentry>text2qti_choice_4cf84bee96e1078a1f8535301af0e0bcfa4bd886a60124905c3ce73e1e7f829e,text2qti_choice_bbd7ba2c937ef2205013f0e8f443fc78e9fb19b401166c18e8701002f6467918,text2qti_choice_82e8ee1c01b5186294b8482462739938126db01594aff8f8dc2848ebc2124961</fieldentry>
            </qtimetadatafield>
            <qtimetadatafield>
              <fieldlabel>assessment_question_identifierref</fieldlabel>
              <fieldentry>text2qti_question_ref_7f7da1133fd275129dd6dac3eb44d2cc0c9652073116b5cc5bd727b3d9863463</fieldentry>
            </qtimetadatafield>
          </qtimetadata>
        </itemmetadata>
        <presentation>
          <material>
            <mattext texttype="text/html">&lt;p&gt;Which function runs once when your board starts?&lt;/p&gt;</mattext>
          </material>
          <response_lid ident="response1" rcardinality="Single">
            <render_choice>
              <response_label ident="text2qti_choice_4cf84bee96e1078a1f8535301af0e0bcfa4bd886a60124905c3ce73e1e7f829e">
                <material>
                  <mattext texttype="text/html">&lt;p&gt;setup()&lt;/p&gt;</mattext>
                </material>
              </response_label>
              <response_label ident="text2qti_choice_bbd7ba2c937ef2205013f0e8f443fc78e9fb19b401166c18e8701002f6467918">
                <material>
                  <mattext texttype="text/html">&lt;p&gt;loop()&lt;/p&gt;</mattext>
                </material>
              </response_label>
              <response_label ident="text2qti_choice_82e8ee1c01b5186294b8482462739938126db01594aff8f8dc2848ebc2124961">
                <material>
                  <mattext texttype="text/html">&lt;p&gt;start()&lt;/p&gt;</mattext>
                </material>
              </response_label>
            </render_choice>
          </response_lid>
        </presentation>
        <resprocessing>
          <outcomes>
            <decvar maxvalue="100" minvalue="0" varname="SCORE" vartype="Decimal"/>
          </outcomes>
          <respcondition continue="Yes">
            <conditionvar>
              <varequal respident="response1">text2qti_choice_4cf84bee96e1078a1f8535301af0e0bcfa4bd886a60124905c3ce73e1e7f829e</varequal>
            </conditionvar>
            <displayfeedback feedbacktype="Response" linkrefid="text2qti_choice_4cf84bee96e1078a1f8535301af0e0bcfa4bd886a60124905c3ce73e1e7f829e_fb"/>
          </respcondition>
          <respcondition continue="No">
            <conditionvar>
              <varequal respident="response1">text2qti_choice_4cf84bee96e1078a1f8535301af0e0bcfa4bd886a60124905c3ce73e1e7f829e</varequal>
            </conditionvar>
            <setvar action="Set" varname="SCORE">100</setvar>
          </respcondition>
        </resprocessing>
        <itemfeedback ident="text2qti_choice_4cf84bee96e1078a1f8535301af0e0bcfa4bd886a60124905c3ce73e1e7f829e_fb">
          <flow_mat>
            <material>
              <mattext texttype="text/html">&lt;p&gt;The setup() function executes a single time at startup for initialization.&lt;/p&gt;</mattext>
            </material>
          </flow_mat>
        </itemfeedback>
      </item>
      <item ident="text2qti_question_8dffe3f9bf56771c6737a993a7814d1207e0d448acba8bee9db79b9f3b8b479c" title="Question">
        <itemmetadata>
          <qtimetadata>
            <qtimetadatafield>
              <fieldlabel>question_type</fieldlabel>
              <fieldentry>multiple_choice_question</fieldentry>
            </qtimetadatafield>
            <qtimetadatafield>
              <fieldlabel>points_possible</fieldlabel>
              <fieldentry>1</fieldentry>
            </qtimetadatafield>
            <qtimetadatafield>
              <fieldlabel>original_answer_ids</fieldlabel>
              <fieldentry>text2qti_choice_28536c68789f0e683856ae9c22c8f14050efd57340c9f4a0343d2391fb6419a3,text2qti_choice_2b3d05445f38544a47f2a883f137bee84160cfa089d3a0c73e750fa2ffbf2cbd,text2qti_choice_e3944f510819ab701581e6af42db9134ebc0fc68286467424c731d731471f6ec</fieldentry>
            </qtimetadatafield>
            <qtimetadatafield>
              <fieldlabel>assessment_question_identifierref</fieldlabel>
              <fieldentry>text2qti_question_ref_8dffe3f9bf56771c6737a993a7814d1207e0d448acba8bee9db79b9f3b8b479c</fieldentry>
            </qtimetadatafield>
          </qtimetadata>
        </itemmetadata>
        <presentation>
          <material>
            <mattext texttype="text/html">&lt;p&gt;Which function contains code that repeats forever?&lt;/p&gt;</mattext>
          </material>
          <response_lid ident="response1" rcardinality="Single">
            <render_choice>
              <response_label ident="text2qti_choice_28536c68789f0e683856ae9c22c8f14050efd57340c9f4a0343d2391fb6419a3">
                <material>
                  <mattext texttype="text/html">&lt;p&gt;setup()&lt;/p&gt;</mattext>
                </material>
              </response_label>
              <response_label ident="text2qti_choice_2b3d05445f38544a47f2a883f137bee84160cfa089d3a0c73e750fa2ffbf2cbd">
                <material>
                  <mattext texttype="text/html">&lt;p&gt;loop()&lt;/p&gt;</mattext>
                </material>
              </response_label>
              <response_label ident="text2qti_choice_e3944f510819ab701581e6af42db9134ebc0fc68286467424c731d731471f6ec">
                <material>
                  <mattext texttype="text/html">&lt;p&gt;repeat()&lt;/p&gt;</mattext>
                </material>
              </response_label>
            </render_choice>
          </response_lid>
        </presentation>
        <resprocessing>
          <outcomes>
            <decvar maxvalue="100" minvalue="0" varname="SCORE" vartype="Decimal"/>
          </outcomes>
          <respcondition continue="Yes">
            <conditionvar>
              <varequal respident="response1">text2qti_choice_2b3d05445f38544a47f2a883f137bee84160cfa089d3a0c73e750fa2ffbf2cbd</varequal>
            </conditionvar>
            <displayfeedback feedbacktype="Response" linkrefid="text2qti_choice_2b3d05445f38544a47f2a883f137bee84160cfa089d3a0c73e750fa2ffbf2cbd_fb"/>
          </respcondition>
          <respcondition continue="No">
            <conditionvar>
              <varequal respident="response1">text2qti_choice_2b3d05445f38544a47f2a883f137bee84160cfa089d3a0c73e750fa2ffbf2cbd</varequal>
            </conditionvar>
            <setvar action="Set" varname="SCORE">100</setvar>
          </respcondition>
        </resprocessing>
        <itemfeedback ident="text2qti_choice_2b3d05445f38544a47f2a883f137bee84160cfa089d3a0c73e750fa2ffbf2cbd_fb">
          <flow_mat>
            <material>
              <mattext texttype="text/html">&lt;p&gt;Code inside loop() runs continuously after setup() finishes.&lt;/p&gt;</mattext>
            </material>
          </flow_mat>
        </itemfeedback>
      </item>
      <item ident="text2qti_question_73d52c2f7a08d060f760bbee1b3c4c8411fd73ea2282faa2ba0e1db7ec1bfb48" title="Question">
        <itemmetadata>
          <qtimetadata>
            <qtimetadatafield>
              <fieldlabel>question_type</fieldlabel>
              <fieldentry>multiple_choice_question</fieldentry>
            </qtimetadatafield>
            <qtimetadatafield>
              <fieldlabel>points_possible</fieldlabel>
              <fieldentry>1</fieldentry>
            </qtimetadatafield>
            <qtimetadatafield>
              <fieldlabel>original_answer_ids</fieldlabel>
              <fieldentry>text2qti_choice_f611c88eb4855eaf50f1d3aa738a258487f8b8ee97628d2df79a099929aa8935,text2qti_choice_525e82a79e46f1e87d95db2ad30049b29ef64050e9c3c2dcad13c8fc0db117a0,text2qti_choice_a083f2c6377d7523c9b0245fb94b007e9f11e63db4a41d0a811b2a58fa7042c5</fieldentry>
            </qtimetadatafield>
            <qtimetadatafield>
              <fieldlabel>assessment_question_identifierref</fieldlabel>
              <fieldentry>text2qti_question_ref_73d52c2f7a08d060f760bbee1b3c4c8411fd73ea2282faa2ba0e1db7ec1bfb48</fieldentry>
            </qtimetadatafield>
          </qtimetadata>
        </itemmetadata>
        <presentation>
          <material>
            <mattext texttype="text/html">&lt;p&gt;Which character ends most lines of Arduino code?&lt;/p&gt;</mattext>
          </material>
          <response_lid ident="response1" rcardinality="Single">
            <render_choice>
              <response_label ident="text2qti_choice_f611c88eb4855eaf50f1d3aa738a258487f8b8ee97628d2df79a099929aa8935">
                <material>
                  <mattext texttype="text/html">&lt;p&gt;;&lt;/p&gt;</mattext>
                </material>
              </response_label>
              <response_label ident="text2qti_choice_525e82a79e46f1e87d95db2ad30049b29ef64050e9c3c2dcad13c8fc0db117a0">
                <material>
                  <mattext texttype="text/html">&lt;p&gt;:&lt;/p&gt;</mattext>
                </material>
              </response_label>
              <response_label ident="text2qti_choice_a083f2c6377d7523c9b0245fb94b007e9f11e63db4a41d0a811b2a58fa7042c5">
                <material>
                  <mattext texttype="text/html">&lt;p&gt;,&lt;/p&gt;</mattext>
                </material>
              </response_label>
            </render_choice>
          </response_lid>
        </presentation>
        <resprocessing>
          <outcomes>
            <decvar maxvalue="100" minvalue="0" varname="SCORE" vartype="Decimal"/>
          </outcomes>
          <respcondition continue="Yes">
            <conditionvar>
              <varequal respident="response1">text2qti_choice_f611c88eb4855eaf50f1d3aa738a258487f8b8ee97628d2df79a099929aa8935</varequal>
            </conditionvar>
            <displayfeedback feedbacktype="Response" linkrefid="text2qti_choice_f611c88eb4855eaf50f1d3aa738a258487f8b8ee97628d2df79a099929aa8935_fb"/>
          </respcondition>
          <respcondition continue="No">
            <conditionvar>
              <varequal respident="response1">text2qti_choice_f611c88eb4855eaf50f1d3aa738a258487f8b8ee97628d2df79a099929aa8935</varequal>
            </conditionvar>
            <setvar action="Set" varname="SCORE">100</setvar>
          </respcondition>
        </resprocessing>
        <itemfeedback ident="text2qti_choice_f611c88eb4855eaf50f1d3aa738a258487f8b8ee97628d2df79a099929aa8935_fb">
          <flow_mat>
            <material>
              <mattext texttype="text/html">&lt;p&gt;A semicolon terminates statements in the Arduino language.&lt;/p&gt;</mattext>
            </material>
          </flow_mat>
        </itemfeedback>
      </item>
      <item ident="text2qti_question_9277900b67485d99697d03d0ab0b02c7d4e76eb6bdf95211e2caf94dd053aacd" title="Question">
        <itemmetadata>
          <qtimetadata>
            <qtimetadatafield>
              <fieldlabel>question_type</fieldlabel>
              <fieldentry>multiple_choice_question</fieldentry>
            </qtimetadatafield>
            <qtimetadatafield>
              <fieldlabel>points_possible</fieldlabel>
              <fieldentry>1</fieldentry>
            </qtimetadatafield>
            <qtimetadatafield>
              <fieldlabel>original_answer_ids</fieldlabel>
              <fieldentry>text2qti_choice_4ae452ecfca4696cb7866b484f39f5bbe91a2cdc104a8a939bc546004a9c6312,text2qti_choice_98acedc96be3e6187e788b963f15ff69e3267080838b32c71a2073c67176dd49,text2qti_choice_9fc90fbb2ce82c23d98dbcc19c6cd2169b5e5151b244f25b833802f7279fa7b0</fieldentry>
            </qtimetadatafield>
            <qtimetadatafield>
              <fieldlabel>assessment_question_identifierref</fieldlabel>
              <fieldentry>text2qti_question_ref_9277900b67485d99697d03d0ab0b02c7d4e76eb6bdf95211e2caf94dd053aacd</fieldentry>
            </qtimetadatafield>
          </qtimetadata>
        </itemmetadata>
        <presentation>
          <material>
            <mattext texttype="text/html">&lt;p&gt;How do you write a single-line comment?&lt;/p&gt;</mattext>
          </material>
          <response_lid ident="response1" rcardinality="Single">
            <render_choice>
              <response_label ident="text2qti_choice_4ae452ecfca4696cb7866b484f39f5bbe91a2cdc104a8a939bc546004a9c6312">
                <material>
                  <mattext texttype="text/html">&lt;p&gt;// comment&lt;/p&gt;</mattext>
                </material>
              </response_label>
              <response_label ident="text2qti_choice_98acedc96be3e6187e788b963f15ff69e3267080838b32c71a2073c67176dd49">
                <material>
                  <mattext texttype="text/html"></mattext>
                </material>
              </response_label>
              <response_label ident="text2qti_choice_9fc90fbb2ce82c23d98dbcc19c6cd2169b5e5151b244f25b833802f7279fa7b0">
                <material>
                  <mattext texttype="text/html">&lt;p&gt;/&lt;em&gt; comment &lt;/em&gt;/&lt;/p&gt;</mattext>
                </material>
              </response_label>
            </render_choice>
          </response_lid>
        </presentation>
        <resprocessing>
          <outcomes>
            <decvar maxvalue="100" minvalue="0" varname="SCORE" vartype="Decimal"/>
          </outcomes>
          <respcondition continue="Yes">
            <conditionvar>
              <varequal respident="response1">text2qti_choice_4ae452ecfca4696cb7866b484f39f5bbe91a2cdc104a8a939bc546004a9c6312</varequal>
            </conditionvar>
            <displayfeedback feedbacktype="Response" linkrefid="text2qti_choice_4ae452ecfca4696cb7866b484f39f5bbe91a2cdc104a8a939bc546004a9c6312_fb"/>
          </respcondition>
          <respcondition continue="No">
            <conditionvar>
              <varequal respident="response1">text2qti_choice_4ae452ecfca4696cb7866b484f39f5bbe91a2cdc104a8a939bc546004a9c6312</varequal>
            </conditionvar>
            <setvar action="Set" varname="SCORE">100</setvar>
          </respcondition>
        </resprocessing>
        <itemfeedback ident="text2qti_choice_4ae452ecfca4696cb7866b484f39f5bbe91a2cdc104a8a939bc546004a9c6312_fb">
          <flow_mat>
            <material>
              <mattext texttype="text/html">&lt;p&gt;Two forward slashes mark the start of a single-line comment.&lt;/p&gt;</mattext>
            </material>
          </flow_mat>
        </itemfeedback>
      </item>
      <item ident="text2qti_question_f9195baae92141db03f06d6015130c132c9871209e3c586438d161656e51449e" title="Question">
        <itemmetadata>
          <qtimetadata>
            <qtimetadatafield>
              <fieldlabel>question_type</fieldlabel>
              <fieldentry>multiple_choice_question</fieldentry>
            </qtimetadatafield>
            <qtimetadatafield>
              <fieldlabel>points_possible</fieldlabel>
              <fieldentry>1</fieldentry>
            </qtimetadatafield>
            <qtimetadatafield>
              <fieldlabel>original_answer_ids</fieldlabel>
              <fieldentry>text2qti_choice_9f692cb45365e9eed3a68f63264d195cd0a7c4713ff6920d72d4c3e03bdf524a,text2qti_choice_e04b5d2e917bd6283bac4004a082115fb050599bc32a6259e6a54b0f48aa30e3,text2qti_choice_f78cb7e90706cba19de68207a2a4b4564b8aa6521a71dba4d3ba493499dfd47d</fieldentry>
            </qtimetadatafield>
            <qtimetadatafield>
              <fieldlabel>assessment_question_identifierref</fieldlabel>
              <fieldentry>text2qti_question_ref_f9195baae92141db03f06d6015130c132c9871209e3c586438d161656e51449e</fieldentry>
            </qtimetadatafield>
          </qtimetadata>
        </itemmetadata>
        <presentation>
          <material>
            <mattext texttype="text/html">&lt;p&gt;Which data type stores whole numbers like 42?&lt;/p&gt;</mattext>
          </material>
          <response_lid ident="response1" rcardinality="Single">
            <render_choice>
              <response_label ident="text2qti_choice_9f692cb45365e9eed3a68f63264d195cd0a7c4713ff6920d72d4c3e03bdf524a">
                <material>
                  <mattext texttype="text/html">&lt;p&gt;int&lt;/p&gt;</mattext>
                </material>
              </response_label>
              <response_label ident="text2qti_choice_e04b5d2e917bd6283bac4004a082115fb050599bc32a6259e6a54b0f48aa30e3">
                <material>
                  <mattext texttype="text/html">&lt;p&gt;float&lt;/p&gt;</mattext>
                </material>
              </response_label>
              <response_label ident="text2qti_choice_f78cb7e90706cba19de68207a2a4b4564b8aa6521a71dba4d3ba493499dfd47d">
                <material>
                  <mattext texttype="text/html">&lt;p&gt;char&lt;/p&gt;</mattext>
                </material>
              </response_label>
            </render_choice>
          </response_lid>
        </presentation>
        <resprocessing>
          <outcomes>
            <decvar maxvalue="100" minvalue="0" varname="SCORE" vartype="Decimal"/>
          </outcomes>
          <respcondition continue="Yes">
            <conditionvar>
              <varequal respident="response1">text2qti_choice_9f692cb45365e9eed3a68f63264d195cd0a7c4713ff6920d72d4c3e03bdf524a</varequal>
            </conditionvar>
            <displayfeedback feedbacktype="Response" linkrefid="text2qti_choice_9f692cb45365e9eed3a68f63264d195cd0a7c4713ff6920d72d4c3e03bdf524a_fb"/>
          </respcondition>
          <respcondition continue="No">
            <conditionvar>
              <varequal respident="response1">text2qti_choice_9f692cb45365e9eed3a68f63264d195cd0a7c4713ff6920d72d4c3e03bdf524a</varequal>
            </conditionvar>
            <setvar action="Set" varname="SCORE">100</setvar>
          </respcondition>
        </resprocessing>
        <itemfeedback ident="text2qti_choice_9f692cb45365e9eed3a68f63264d195cd0a7c4713ff6920d72d4c3e03bdf524a_fb">
          <flow_mat>
            <material>
              <mattext texttype="text/html">&lt;p&gt;The int type holds integer values.&lt;/p&gt;</mattext>
            </material>
          </flow_mat>
        </itemfeedback>
      </item>
      <item ident="text2qti_question_066c52c321bcb3161e43a033b546fe3ec51095612af98bf56dac7dc24be990ee" title="Question">
        <itemmetadata>
          <qtimetadata>
            <qtimetadatafield>
              <fieldlabel>question_type</fieldlabel>
              <fieldentry>multiple_choice_question</fieldentry>
            </qtimetadatafield>
            <qtimetadatafield>
              <fieldlabel>points_possible</fieldlabel>
              <fieldentry>1</fieldentry>
            </qtimetadatafield>
            <qtimetadatafield>
              <fieldlabel>original_answer_ids</fieldlabel>
              <fieldentry>text2qti_choice_c3431d6ef7f720d3c3143ce620adef34831655dfaf0b643198820278539c6e5b,text2qti_choice_87886598e82bc16c2f1eb87537e27186311031acdfff6bbf4af8fb0d5c8f02a3,text2qti_choice_aba52e3539cff147230effd2df54dc168df55cf96be2e203cc9a929c0545bd8e</fieldentry>
            </qtimetadatafield>
            <qtimetadatafield>
              <fieldlabel>assessment_question_identifierref</fieldlabel>
              <fieldentry>text2qti_question_ref_066c52c321bcb3161e43a033b546fe3ec51095612af98bf56dac7dc24be990ee</fieldentry>
            </qtimetadatafield>
          </qtimetadata>
        </itemmetadata>
        <presentation>
          <material>
            <mattext texttype="text/html">&lt;p&gt;Which data type holds true or false values?&lt;/p&gt;</mattext>
          </material>
          <response_lid ident="response1" rcardinality="Single">
            <render_choice>
              <response_label ident="text2qti_choice_c3431d6ef7f720d3c3143ce620adef34831655dfaf0b643198820278539c6e5b">
                <material>
                  <mattext texttype="text/html">&lt;p&gt;int&lt;/p&gt;</mattext>
                </material>
              </response_label>
              <response_label ident="text2qti_choice_87886598e82bc16c2f1eb87537e27186311031acdfff6bbf4af8fb0d5c8f02a3">
                <material>
                  <mattext texttype="text/html">&lt;p&gt;float&lt;/p&gt;</mattext>
                </material>
              </response_label>
              <response_label ident="text2qti_choice_aba52e3539cff147230effd2df54dc168df55cf96be2e203cc9a929c0545bd8e">
                <material>
                  <mattext texttype="text/html">&lt;p&gt;bool&lt;/p&gt;</mattext>
                </material>
              </response_label>
            </render_choice>
          </response_lid>
        </presentation>
        <resprocessing>
          <outcomes>
            <decvar maxvalue="100" minvalue="0" varname="SCORE" vartype="Decimal"/>
          </outcomes>
          <respcondition continue="Yes">
            <conditionvar>
              <varequal respident="response1">text2qti_choice_aba52e3539cff147230effd2df54dc168df55cf96be2e203cc9a929c0545bd8e</varequal>
            </conditionvar>
            <displayfeedback feedbacktype="Response" linkrefid="text2qti_choice_aba52e3539cff147230effd2df54dc168df55cf96be2e203cc9a929c0545bd8e_fb"/>
          </respcondition>
          <respcondition continue="No">
            <conditionvar>
              <varequal respident="response1">text2qti_choice_aba52e3539cff147230effd2df54dc168df55cf96be2e203cc9a929c0545bd8e</varequal>
            </conditionvar>
            <setvar action="Set" varname="SCORE">100</setvar>
          </respcondition>
        </resprocessing>
        <itemfeedback ident="text2qti_choice_aba52e3539cff147230effd2df54dc168df55cf96be2e203cc9a929c0545bd8e_fb">
          <flow_mat>
            <material>
              <mattext texttype="text/html">&lt;p&gt;Boolean variables store either true or false.&lt;/p&gt;</mattext>
            </material>
          </flow_mat>
        </itemfeedback>
      </item>
      <item ident="text2qti_question_e3959ff83ea8566ddf3fd96a00085734ec4e1297107df8f6974d26583a7bfebe" title="Question">
        <itemmetadata>
          <qtimetadata>
            <qtimetadatafield>
              <fieldlabel>question_type</fieldlabel>
              <fieldentry>multiple_choice_question</fieldentry>
            </qtimetadatafield>
            <qtimetadatafield>
              <fieldlabel>points_possible</fieldlabel>
              <fieldentry>1</fieldentry>
            </qtimetadatafield>
            <qtimetadatafield>
              <fieldlabel>original_answer_ids</fieldlabel>
              <fieldentry>text2qti_choice_19778d91f8dad5c8327b901cdf0466fe2a7b9e31733f372ff68f95d90021d74b,text2qti_choice_28c9ffb4799876e9e7aba53d2b38f6503dea0770e0f31fa6b11f475b725c678d,text2qti_choice_5120bb7c2c2a875eb81414f034ee9295010a7bf26cdfcdabbd35ebaeb169f5ec</fieldentry>
            </qtimetadatafield>
            <qtimetadatafield>
              <fieldlabel>assessment_question_identifierref</fieldlabel>
              <fieldentry>text2qti_question_ref_e3959ff83ea8566ddf3fd96a00085734ec4e1297107df8f6974d26583a7bfebe</fieldentry>
            </qtimetadatafield>
          </qtimetadata>
        </itemmetadata>
        <presentation>
          <material>
            <mattext texttype="text/html">&lt;p&gt;Why would you use an array in your sketch?&lt;/p&gt;</mattext>
          </material>
          <response_lid ident="response1" rcardinality="Single">
            <render_choice>
              <response_label ident="text2qti_choice_19778d91f8dad5c8327b901cdf0466fe2a7b9e31733f372ff68f95d90021d74b">
                <material>
                  <mattext texttype="text/html">&lt;p&gt;To store a collection of related values under one name&lt;/p&gt;</mattext>
                </material>
              </response_label>
              <response_label ident="text2qti_choice_28c9ffb4799876e9e7aba53d2b38f6503dea0770e0f31fa6b11f475b725c678d">
                <material>
                  <mattext texttype="text/html">&lt;p&gt;To run code repeatedly&lt;/p&gt;</mattext>
                </material>
              </response_label>
              <response_label ident="text2qti_choice_5120bb7c2c2a875eb81414f034ee9295010a7bf26cdfcdabbd35ebaeb169f5ec">
                <material>
                  <mattext texttype="text/html">&lt;p&gt;To comment multiple lines at once&lt;/p&gt;</mattext>
                </material>
              </response_label>
            </render_choice>
          </response_lid>
        </presentation>
        <resprocessing>
          <outcomes>
            <decvar maxvalue="100" minvalue="0" varname="SCORE" vartype="Decimal"/>
          </outcomes>
          <respcondition continue="Yes">
            <conditionvar>
              <varequal respident="response1">text2qti_choice_19778d91f8dad5c8327b901cdf0466fe2a7b9e31733f372ff68f95d90021d74b</varequal>
            </conditionvar>
            <displayfeedback feedbacktype="Response" linkrefid="text2qti_choice_19778d91f8dad5c8327b901cdf0466fe2a7b9e31733f372ff68f95d90021d74b_fb"/>
          </respcondition>
          <respcondition continue="No">
            <conditionvar>
              <varequal respident="response1">text2qti_choice_19778d91f8dad5c8327b901cdf0466fe2a7b9e31733f372ff68f95d90021d74b</varequal>
            </conditionvar>
            <setvar action="Set" varname="SCORE">100</setvar>
          </respcondition>
        </resprocessing>
        <itemfeedback ident="text2qti_choice_19778d91f8dad5c8327b901cdf0466fe2a7b9e31733f372ff68f95d90021d74b_fb">
          <flow_mat>
            <material>
              <mattext texttype="text/html">&lt;p&gt;Arrays keep grouped data organized and accessible.&lt;/p&gt;</mattext>
            </material>
          </flow_mat>
        </itemfeedback>
      </item>
      <item ident="text2qti_question_ba27f8036ee7550fac39974cfc83659ebe78320fb91012844157658f4968ff5b" title="Question">
        <itemmetadata>
          <qtimetadata>
            <qtimetadatafield>
              <fieldlabel>question_type</fieldlabel>
              <fieldentry>multiple_choice_question</fieldentry>
            </qtimetadatafield>
            <qtimetadatafield>
              <fieldlabel>points_possible</fieldlabel>
              <fieldentry>1</fieldentry>
            </qtimetadatafield>
            <qtimetadatafield>
              <fieldlabel>original_answer_ids</fieldlabel>
              <fieldentry>text2qti_choice_0031b40b0efde3b0fe22e356b759b43599a00d5d9f3affb4cea41276a49a99ef,text2qti_choice_7da31028e55bbfc5ea4a59cc2f77c97ceb0d98d1456997c5cab5e887d670cde9,text2qti_choice_38446f381fd9848315eb6f0b643bc2084581b5b597be9ff5924a9f35d023f8ab</fieldentry>
            </qtimetadatafield>
            <qtimetadatafield>
              <fieldlabel>assessment_question_identifierref</fieldlabel>
              <fieldentry>text2qti_question_ref_ba27f8036ee7550fac39974cfc83659ebe78320fb91012844157658f4968ff5b</fieldentry>
            </qtimetadatafield>
          </qtimetadata>
        </itemmetadata>
        <presentation>
          <material>
            <mattext texttype="text/html">&lt;p&gt;What index accesses the first element of an array?&lt;/p&gt;</mattext>
          </material>
          <response_lid ident="response1" rcardinality="Single">
            <render_choice>
              <response_label ident="text2qti_choice_0031b40b0efde3b0fe22e356b759b43599a00d5d9f3affb4cea41276a49a99ef">
                <material>
                  <mattext texttype="text/html">&lt;p&gt;0&lt;/p&gt;</mattext>
                </material>
              </response_label>
              <response_label ident="text2qti_choice_7da31028e55bbfc5ea4a59cc2f77c97ceb0d98d1456997c5cab5e887d670cde9">
                <material>
                  <mattext texttype="text/html">&lt;p&gt;1&lt;/p&gt;</mattext>
                </material>
              </response_label>
              <response_label ident="text2qti_choice_38446f381fd9848315eb6f0b643bc2084581b5b597be9ff5924a9f35d023f8ab">
                <material>
                  <mattext texttype="text/html">&lt;p&gt;2&lt;/p&gt;</mattext>
                </material>
              </response_label>
            </render_choice>
          </response_lid>
        </presentation>
        <resprocessing>
          <outcomes>
            <decvar maxvalue="100" minvalue="0" varname="SCORE" vartype="Decimal"/>
          </outcomes>
          <respcondition continue="Yes">
            <conditionvar>
              <varequal respident="response1">text2qti_choice_0031b40b0efde3b0fe22e356b759b43599a00d5d9f3affb4cea41276a49a99ef</varequal>
            </conditionvar>
            <displayfeedback feedbacktype="Response" linkrefid="text2qti_choice_0031b40b0efde3b0fe22e356b759b43599a00d5d9f3affb4cea41276a49a99ef_fb"/>
          </respcondition>
          <respcondition continue="No">
            <conditionvar>
              <varequal respident="response1">text2qti_choice_0031b40b0efde3b0fe22e356b759b43599a00d5d9f3affb4cea41276a49a99ef</varequal>
            </conditionvar>
            <setvar action="Set" varname="SCORE">100</setvar>
          </respcondition>
        </resprocessing>
        <itemfeedback ident="text2qti_choice_0031b40b0efde3b0fe22e356b759b43599a00d5d9f3affb4cea41276a49a99ef_fb">
          <flow_mat>
            <material>
              <mattext texttype="text/html">&lt;p&gt;Arduino arrays are zero-indexed, so the first element uses index 0.&lt;/p&gt;</mattext>
            </material>
          </flow_mat>
        </itemfeedback>
      </item>
      <item ident="text2qti_question_60f3ea87ab333c4e168efb1c4f270ff09e8a1958df5edd4357e5331ea268ff1a" title="Question">
        <itemmetadata>
          <qtimetadata>
            <qtimetadatafield>
              <fieldlabel>question_type</fieldlabel>
              <fieldentry>multiple_choice_question</fieldentry>
            </qtimetadatafield>
            <qtimetadatafield>
              <fieldlabel>points_possible</fieldlabel>
              <fieldentry>1</fieldentry>
            </qtimetadatafield>
            <qtimetadatafield>
              <fieldlabel>original_answer_ids</fieldlabel>
              <fieldentry>text2qti_choice_03fcd5929dacb9850d126e38acdb59330abef1ba64df72ec33715806df099a15,text2qti_choice_292214befaab223597ef824d28dfb2ae8289010af3e85596e911e206357a9fc5,text2qti_choice_deaac05f42210d88c690306e4a4ece1d3d3cc50fdbf6acbb956883c07270b007</fieldentry>
            </qtimetadatafield>
            <qtimetadatafield>
              <fieldlabel>assessment_question_identifierref</fieldlabel>
              <fieldentry>text2qti_question_ref_60f3ea87ab333c4e168efb1c4f270ff09e8a1958df5edd4357e5331ea268ff1a</fieldentry>
            </qtimetadatafield>
          </qtimetadata>
        </itemmetadata>
        <presentation>
          <material>
            <mattext texttype="text/html">&lt;p&gt;How do you reference the third element of &lt;code&gt;values&lt;/code&gt;?&lt;/p&gt;</mattext>
          </material>
          <response_lid ident="response1" rcardinality="Single">
            <render_choice>
              <response_label ident="text2qti_choice_03fcd5929dacb9850d126e38acdb59330abef1ba64df72ec33715806df099a15">
                <material>
                  <mattext texttype="text/html">&lt;p&gt;values[2];&lt;/p&gt;</mattext>
                </material>
              </response_label>
              <response_label ident="text2qti_choice_292214befaab223597ef824d28dfb2ae8289010af3e85596e911e206357a9fc5">
                <material>
                  <mattext texttype="text/html">&lt;p&gt;values(3);&lt;/p&gt;</mattext>
                </material>
              </response_label>
              <response_label ident="text2qti_choice_deaac05f42210d88c690306e4a4ece1d3d3cc50fdbf6acbb956883c07270b007">
                <material>
                  <mattext texttype="text/html">&lt;p&gt;values&amp;lt;2&amp;gt;;&lt;/p&gt;</mattext>
                </material>
              </response_label>
            </render_choice>
          </response_lid>
        </presentation>
        <resprocessing>
          <outcomes>
            <decvar maxvalue="100" minvalue="0" varname="SCORE" vartype="Decimal"/>
          </outcomes>
          <respcondition continue="Yes">
            <conditionvar>
              <varequal respident="response1">text2qti_choice_03fcd5929dacb9850d126e38acdb59330abef1ba64df72ec33715806df099a15</varequal>
            </conditionvar>
            <displayfeedback feedbacktype="Response" linkrefid="text2qti_choice_03fcd5929dacb9850d126e38acdb59330abef1ba64df72ec33715806df099a15_fb"/>
          </respcondition>
          <respcondition continue="No">
            <conditionvar>
              <varequal respident="response1">text2qti_choice_03fcd5929dacb9850d126e38acdb59330abef1ba64df72ec33715806df099a15</varequal>
            </conditionvar>
            <setvar action="Set" varname="SCORE">100</setvar>
          </respcondition>
        </resprocessing>
        <itemfeedback ident="text2qti_choice_03fcd5929dacb9850d126e38acdb59330abef1ba64df72ec33715806df099a15_fb">
          <flow_mat>
            <material>
              <mattext texttype="text/html">&lt;p&gt;Index 2 retrieves the third element because arrays start counting at 0.&lt;/p&gt;</mattext>
            </material>
          </flow_mat>
        </itemfeedback>
      </item>
      <item ident="text2qti_question_7ed941395035ca8252ae722ef4d8ad69c805248457be016be2bc89729e4b82e3" title="Question">
        <itemmetadata>
          <qtimetadata>
            <qtimetadatafield>
              <fieldlabel>question_type</fieldlabel>
              <fieldentry>multiple_choice_question</fieldentry>
            </qtimetadatafield>
            <qtimetadatafield>
              <fieldlabel>points_possible</fieldlabel>
              <fieldentry>1</fieldentry>
            </qtimetadatafield>
            <qtimetadatafield>
              <fieldlabel>original_answer_ids</fieldlabel>
              <fieldentry>text2qti_choice_f2db5e3ee1c8f4474935ee5a9d9fbebf2c6bae2cc91b58e4644e1b1a86d99e1e,text2qti_choice_3b922be86520c914d7cabc87c5df8c06734b9e06f42b45b8a2cb20217c75ae14,text2qti_choice_e1bc07f555d0453cc88a6c86cb2c5ffa70bfa616ad1a51c00704e7d599c0a04d</fieldentry>
            </qtimetadatafield>
            <qtimetadatafield>
              <fieldlabel>assessment_question_identifierref</fieldlabel>
              <fieldentry>text2qti_question_ref_7ed941395035ca8252ae722ef4d8ad69c805248457be016be2bc89729e4b82e3</fieldentry>
            </qtimetadatafield>
          </qtimetadata>
        </itemmetadata>
        <presentation>
          <material>
            <mattext texttype="text/html">&lt;p&gt;Which keyword sends a value back from a function?&lt;/p&gt;</mattext>
          </material>
          <response_lid ident="response1" rcardinality="Single">
            <render_choice>
              <response_label ident="text2qti_choice_f2db5e3ee1c8f4474935ee5a9d9fbebf2c6bae2cc91b58e4644e1b1a86d99e1e">
                <material>
                  <mattext texttype="text/html">&lt;p&gt;return&lt;/p&gt;</mattext>
                </material>
              </response_label>
              <response_label ident="text2qti_choice_3b922be86520c914d7cabc87c5df8c06734b9e06f42b45b8a2cb20217c75ae14">
                <material>
                  <mattext texttype="text/html">&lt;p&gt;send&lt;/p&gt;</mattext>
                </material>
              </response_label>
              <response_label ident="text2qti_choice_e1bc07f555d0453cc88a6c86cb2c5ffa70bfa616ad1a51c00704e7d599c0a04d">
                <material>
                  <mattext texttype="text/html">&lt;p&gt;break&lt;/p&gt;</mattext>
                </material>
              </response_label>
            </render_choice>
          </response_lid>
        </presentation>
        <resprocessing>
          <outcomes>
            <decvar maxvalue="100" minvalue="0" varname="SCORE" vartype="Decimal"/>
          </outcomes>
          <respcondition continue="Yes">
            <conditionvar>
              <varequal respident="response1">text2qti_choice_f2db5e3ee1c8f4474935ee5a9d9fbebf2c6bae2cc91b58e4644e1b1a86d99e1e</varequal>
            </conditionvar>
            <displayfeedback feedbacktype="Response" linkrefid="text2qti_choice_f2db5e3ee1c8f4474935ee5a9d9fbebf2c6bae2cc91b58e4644e1b1a86d99e1e_fb"/>
          </respcondition>
          <respcondition continue="No">
            <conditionvar>
              <varequal respident="response1">text2qti_choice_f2db5e3ee1c8f4474935ee5a9d9fbebf2c6bae2cc91b58e4644e1b1a86d99e1e</varequal>
            </conditionvar>
            <setvar action="Set" varname="SCORE">100</setvar>
          </respcondition>
        </resprocessing>
        <itemfeedback ident="text2qti_choice_f2db5e3ee1c8f4474935ee5a9d9fbebf2c6bae2cc91b58e4644e1b1a86d99e1e_fb">
          <flow_mat>
            <material>
              <mattext texttype="text/html">&lt;p&gt;The return keyword passes data back to the caller.&lt;/p&gt;</mattext>
            </material>
          </flow_mat>
        </itemfeedback>
      </item>
      <item ident="text2qti_question_c0b95d2477da2f4bbfd958aba8e6d9c3dd25624cff6c309d841bd4f270014a3a" title="Question">
        <itemmetadata>
          <qtimetadata>
            <qtimetadatafield>
              <fieldlabel>question_type</fieldlabel>
              <fieldentry>multiple_choice_question</fieldentry>
            </qtimetadatafield>
            <qtimetadatafield>
              <fieldlabel>points_possible</fieldlabel>
              <fieldentry>1</fieldentry>
            </qtimetadatafield>
            <qtimetadatafield>
              <fieldlabel>original_answer_ids</fieldlabel>
              <fieldentry>text2qti_choice_f3a0702b34ee2a93d040cfca6dc0e438c602515f8ac44e40151cf67326976f64,text2qti_choice_63afd1b4565559abe62d5e0c7e7affb419190503d98a43a92268085984fb79ad,text2qti_choice_e82e5e469bb3c3acd9910cb4fd1c199c8b5f036753ee6de1d43dccbae12d2fde</fieldentry>
            </qtimetadatafield>
            <qtimetadatafield>
              <fieldlabel>assessment_question_identifierref</fieldlabel>
              <fieldentry>text2qti_question_ref_c0b95d2477da2f4bbfd958aba8e6d9c3dd25624cff6c309d841bd4f270014a3a</fieldentry>
            </qtimetadatafield>
          </qtimetadata>
        </itemmetadata>
        <presentation>
          <material>
            <mattext texttype="text/html">&lt;p&gt;Which operator yields the remainder of a division?&lt;/p&gt;</mattext>
          </material>
          <response_lid ident="response1" rcardinality="Single">
            <render_choice>
              <response_label ident="text2qti_choice_f3a0702b34ee2a93d040cfca6dc0e438c602515f8ac44e40151cf67326976f64">
                <material>
                  <mattext texttype="text/html">&lt;p&gt;/&lt;/p&gt;</mattext>
                </material>
              </response_label>
              <response_label ident="text2qti_choice_63afd1b4565559abe62d5e0c7e7affb419190503d98a43a92268085984fb79ad">
                <material>
                  <mattext texttype="text/html">&lt;p&gt;%&lt;/p&gt;</mattext>
                </material>
              </response_label>
              <response_label ident="text2qti_choice_e82e5e469bb3c3acd9910cb4fd1c199c8b5f036753ee6de1d43dccbae12d2fde">
                <material>
                  <mattext texttype="text/html">&lt;p&gt;*&lt;/p&gt;</mattext>
                </material>
              </response_label>
            </render_choice>
          </response_lid>
        </presentation>
        <resprocessing>
          <outcomes>
            <decvar maxvalue="100" minvalue="0" varname="SCORE" vartype="Decimal"/>
          </outcomes>
          <respcondition continue="Yes">
            <conditionvar>
              <varequal respident="response1">text2qti_choice_63afd1b4565559abe62d5e0c7e7affb419190503d98a43a92268085984fb79ad</varequal>
            </conditionvar>
            <displayfeedback feedbacktype="Response" linkrefid="text2qti_choice_63afd1b4565559abe62d5e0c7e7affb419190503d98a43a92268085984fb79ad_fb"/>
          </respcondition>
          <respcondition continue="No">
            <conditionvar>
              <varequal respident="response1">text2qti_choice_63afd1b4565559abe62d5e0c7e7affb419190503d98a43a92268085984fb79ad</varequal>
            </conditionvar>
            <setvar action="Set" varname="SCORE">100</setvar>
          </respcondition>
        </resprocessing>
        <itemfeedback ident="text2qti_choice_63afd1b4565559abe62d5e0c7e7affb419190503d98a43a92268085984fb79ad_fb">
          <flow_mat>
            <material>
              <mattext texttype="text/html">&lt;p&gt;The modulus operator % returns the remainder.&lt;/p&gt;</mattext>
            </material>
          </flow_mat>
        </itemfeedback>
      </item>
      <item ident="text2qti_question_d260029f6a61707c4717db19888a393d9392f6b0dcbb01fbdfcdb7d067b38fec" title="Question">
        <itemmetadata>
          <qtimetadata>
            <qtimetadatafield>
              <fieldlabel>question_type</fieldlabel>
              <fieldentry>multiple_choice_question</fieldentry>
            </qtimetadatafield>
            <qtimetadatafield>
              <fieldlabel>points_possible</fieldlabel>
              <fieldentry>1</fieldentry>
            </qtimetadatafield>
            <qtimetadatafield>
              <fieldlabel>original_answer_ids</fieldlabel>
              <fieldentry>text2qti_choice_b8f59749848a34939f9cd7b73513f3d6229aad3b4ab2ee9d6330c04cc10eb0da,text2qti_choice_5c68bdeef4c6d5720dadd5d65e05d7663d39d5ef5986d57a157c2d04a6d85120,text2qti_choice_80e2f27734a1fd9cbe4bb931db3849d5d168229cc6112e3426e5bf7222c7725b</fieldentry>
            </qtimetadatafield>
            <qtimetadatafield>
              <fieldlabel>assessment_question_identifierref</fieldlabel>
              <fieldentry>text2qti_question_ref_d260029f6a61707c4717db19888a393d9392f6b0dcbb01fbdfcdb7d067b38fec</fieldentry>
            </qtimetadatafield>
          </qtimetadata>
        </itemmetadata>
        <presentation>
          <material>
            <mattext texttype="text/html">&lt;p&gt;Which control structure is ideal for checking many discrete cases of a variable?&lt;/p&gt;</mattext>
          </material>
          <response_lid ident="response1" rcardinality="Single">
            <render_choice>
              <response_label ident="text2qti_choice_b8f59749848a34939f9cd7b73513f3d6229aad3b4ab2ee9d6330c04cc10eb0da">
                <material>
                  <mattext texttype="text/html">&lt;p&gt;switch&lt;/p&gt;</mattext>
                </material>
              </response_label>
              <response_label ident="text2qti_choice_5c68bdeef4c6d5720dadd5d65e05d7663d39d5ef5986d57a157c2d04a6d85120">
                <material>
                  <mattext texttype="text/html">&lt;p&gt;if&lt;/p&gt;</mattext>
                </material>
              </response_label>
              <response_label ident="text2qti_choice_80e2f27734a1fd9cbe4bb931db3849d5d168229cc6112e3426e5bf7222c7725b">
                <material>
                  <mattext texttype="text/html">&lt;p&gt;while&lt;/p&gt;</mattext>
                </material>
              </response_label>
            </render_choice>
          </response_lid>
        </presentation>
        <resprocessing>
          <outcomes>
            <decvar maxvalue="100" minvalue="0" varname="SCORE" vartype="Decimal"/>
          </outcomes>
          <respcondition continue="Yes">
            <conditionvar>
              <varequal respident="response1">text2qti_choice_b8f59749848a34939f9cd7b73513f3d6229aad3b4ab2ee9d6330c04cc10eb0da</varequal>
            </conditionvar>
            <displayfeedback feedbacktype="Response" linkrefid="text2qti_choice_b8f59749848a34939f9cd7b73513f3d6229aad3b4ab2ee9d6330c04cc10eb0da_fb"/>
          </respcondition>
          <respcondition continue="No">
            <conditionvar>
              <varequal respident="response1">text2qti_choice_b8f59749848a34939f9cd7b73513f3d6229aad3b4ab2ee9d6330c04cc10eb0da</varequal>
            </conditionvar>
            <setvar action="Set" varname="SCORE">100</setvar>
          </respcondition>
        </resprocessing>
        <itemfeedback ident="text2qti_choice_b8f59749848a34939f9cd7b73513f3d6229aad3b4ab2ee9d6330c04cc10eb0da_fb">
          <flow_mat>
            <material>
              <mattext texttype="text/html">&lt;p&gt;A switch statement branches based on specific constant values.&lt;/p&gt;</mattext>
            </material>
          </flow_mat>
        </itemfeedback>
      </item>
      <item ident="text2qti_question_a8c8cdcfe72866496800382dc7fe4f930798112398243ee140fbc08323f89252" title="Question">
        <itemmetadata>
          <qtimetadata>
            <qtimetadatafield>
              <fieldlabel>question_type</fieldlabel>
              <fieldentry>multiple_choice_question</fieldentry>
            </qtimetadatafield>
            <qtimetadatafield>
              <fieldlabel>points_possible</fieldlabel>
              <fieldentry>1</fieldentry>
            </qtimetadatafield>
            <qtimetadatafield>
              <fieldlabel>original_answer_ids</fieldlabel>
              <fieldentry>text2qti_choice_e7f24f3f4d715a04cdf89f28fe96a221f4f7e74df957682c6615c85c6b02a456,text2qti_choice_9cc0115f7220b49c6689e351183a68e191cbb1909f3dfcf5d4979ab236d0372d,text2qti_choice_21801627eb6451b5fc51fa8588e4076e8f5d539c92fa6c7e7695201bb48ab3e7</fieldentry>
            </qtimetadatafield>
            <qtimetadatafield>
              <fieldlabel>assessment_question_identifierref</fieldlabel>
              <fieldentry>text2qti_question_ref_a8c8cdcfe72866496800382dc7fe4f930798112398243ee140fbc08323f89252</fieldentry>
            </qtimetadatafield>
          </qtimetadata>
        </itemmetadata>
        <presentation>
          <material>
            <mattext texttype="text/html">&lt;p&gt;Which loop is best for repeating an action a set number of times?&lt;/p&gt;</mattext>
          </material>
          <response_lid ident="response1" rcardinality="Single">
            <render_choice>
              <response_label ident="text2qti_choice_e7f24f3f4d715a04cdf89f28fe96a221f4f7e74df957682c6615c85c6b02a456">
                <material>
                  <mattext texttype="text/html">&lt;p&gt;for loop&lt;/p&gt;</mattext>
                </material>
              </response_label>
              <response_label ident="text2qti_choice_9cc0115f7220b49c6689e351183a68e191cbb1909f3dfcf5d4979ab236d0372d">
                <material>
                  <mattext texttype="text/html">&lt;p&gt;while loop&lt;/p&gt;</mattext>
                </material>
              </response_label>
              <response_label ident="text2qti_choice_21801627eb6451b5fc51fa8588e4076e8f5d539c92fa6c7e7695201bb48ab3e7">
                <material>
                  <mattext texttype="text/html">&lt;p&gt;if-else chain&lt;/p&gt;</mattext>
                </material>
              </response_label>
            </render_choice>
          </response_lid>
        </presentation>
        <resprocessing>
          <outcomes>
            <decvar maxvalue="100" minvalue="0" varname="SCORE" vartype="Decimal"/>
          </outcomes>
          <respcondition continue="Yes">
            <conditionvar>
              <varequal respident="response1">text2qti_choice_e7f24f3f4d715a04cdf89f28fe96a221f4f7e74df957682c6615c85c6b02a456</varequal>
            </conditionvar>
            <displayfeedback feedbacktype="Response" linkrefid="text2qti_choice_e7f24f3f4d715a04cdf89f28fe96a221f4f7e74df957682c6615c85c6b02a456_fb"/>
          </respcondition>
          <respcondition continue="No">
            <conditionvar>
              <varequal respident="response1">text2qti_choice_e7f24f3f4d715a04cdf89f28fe96a221f4f7e74df957682c6615c85c6b02a456</varequal>
            </conditionvar>
            <setvar action="Set" varname="SCORE">100</setvar>
          </respcondition>
        </resprocessing>
        <itemfeedback ident="text2qti_choice_e7f24f3f4d715a04cdf89f28fe96a221f4f7e74df957682c6615c85c6b02a456_fb">
          <flow_mat>
            <material>
              <mattext texttype="text/html">&lt;p&gt;A for loop combines initialization, condition, and update for fixed iterations.&lt;/p&gt;</mattext>
            </material>
          </flow_mat>
        </itemfeedback>
      </item>
      <item ident="text2qti_question_bf98191c649d3e2111303ae5f02aef81608b1d9b85a34ef00af3d6c8328be8fc" title="Question">
        <itemmetadata>
          <qtimetadata>
            <qtimetadatafield>
              <fieldlabel>question_type</fieldlabel>
              <fieldentry>multiple_choice_question</fieldentry>
            </qtimetadatafield>
            <qtimetadatafield>
              <fieldlabel>points_possible</fieldlabel>
              <fieldentry>1</fieldentry>
            </qtimetadatafield>
            <qtimetadatafield>
              <fieldlabel>original_answer_ids</fieldlabel>
              <fieldentry>text2qti_choice_b7429350bcaf8bc78ac093cf65dcde6149353339d296150b3257b1472e0fba3b,text2qti_choice_9b3549346724a84e1570add012e4f87da923dc67fd93b9656ec8435c59c6cfee,text2qti_choice_e5fe5ff7249d2207f7bceee71c6e0dd9b3d0c132014225947177a08d853b0e38</fieldentry>
            </qtimetadatafield>
            <qtimetadatafield>
              <fieldlabel>assessment_question_identifierref</fieldlabel>
              <fieldentry>text2qti_question_ref_bf98191c649d3e2111303ae5f02aef81608b1d9b85a34ef00af3d6c8328be8fc</fieldentry>
            </qtimetadatafield>
          </qtimetadata>
        </itemmetadata>
        <presentation>
          <material>
            <mattext texttype="text/html">&lt;p&gt;Which loop always executes its body at least once?&lt;/p&gt;</mattext>
          </material>
          <response_lid ident="response1" rcardinality="Single">
            <render_choice>
              <response_label ident="text2qti_choice_b7429350bcaf8bc78ac093cf65dcde6149353339d296150b3257b1472e0fba3b">
                <material>
                  <mattext texttype="text/html">&lt;p&gt;while loop&lt;/p&gt;</mattext>
                </material>
              </response_label>
              <response_label ident="text2qti_choice_9b3549346724a84e1570add012e4f87da923dc67fd93b9656ec8435c59c6cfee">
                <material>
                  <mattext texttype="text/html">&lt;p&gt;do&amp;hellip;while loop&lt;/p&gt;</mattext>
                </material>
              </response_label>
              <response_label ident="text2qti_choice_e5fe5ff7249d2207f7bceee71c6e0dd9b3d0c132014225947177a08d853b0e38">
                <material>
                  <mattext texttype="text/html">&lt;p&gt;for loop&lt;/p&gt;</mattext>
                </material>
              </response_label>
            </render_choice>
          </response_lid>
        </presentation>
        <resprocessing>
          <outcomes>
            <decvar maxvalue="100" minvalue="0" varname="SCORE" vartype="Decimal"/>
          </outcomes>
          <respcondition continue="Yes">
            <conditionvar>
              <varequal respident="response1">text2qti_choice_9b3549346724a84e1570add012e4f87da923dc67fd93b9656ec8435c59c6cfee</varequal>
            </conditionvar>
            <displayfeedback feedbacktype="Response" linkrefid="text2qti_choice_9b3549346724a84e1570add012e4f87da923dc67fd93b9656ec8435c59c6cfee_fb"/>
          </respcondition>
          <respcondition continue="No">
            <conditionvar>
              <varequal respident="response1">text2qti_choice_9b3549346724a84e1570add012e4f87da923dc67fd93b9656ec8435c59c6cfee</varequal>
            </conditionvar>
            <setvar action="Set" varname="SCORE">100</setvar>
          </respcondition>
        </resprocessing>
        <itemfeedback ident="text2qti_choice_9b3549346724a84e1570add012e4f87da923dc67fd93b9656ec8435c59c6cfee_fb">
          <flow_mat>
            <material>
              <mattext texttype="text/html">&lt;p&gt;A do&amp;hellip;while loop evaluates its condition after the first iteration.&lt;/p&gt;</mattext>
            </material>
          </flow_mat>
        </itemfeedback>
      </item>
      <item ident="text2qti_question_5cc48c5205415abeeeb272df33da2b2ea1ac8c14957622fa8b7836c3f0631b87" title="Question">
        <itemmetadata>
          <qtimetadata>
            <qtimetadatafield>
              <fieldlabel>question_type</fieldlabel>
              <fieldentry>multiple_choice_question</fieldentry>
            </qtimetadatafield>
            <qtimetadatafield>
              <fieldlabel>points_possible</fieldlabel>
              <fieldentry>1</fieldentry>
            </qtimetadatafield>
            <qtimetadatafield>
              <fieldlabel>original_answer_ids</fieldlabel>
              <fieldentry>text2qti_choice_b58b9b06f05badceb614909ac78ba97080065c258f8944c01113f0ac13a9593d,text2qti_choice_5322c895e12097ecf7d1fb0e0166a0311635609015f625ab50342f80b26c3e60,text2qti_choice_6ae53eb2e2e130ea9e5890244e922e45efa4ed702b2fa6432ad0d08b8cdf85de</fieldentry>
            </qtimetadatafield>
            <qtimetadatafield>
              <fieldlabel>assessment_question_identifierref</fieldlabel>
              <fieldentry>text2qti_question_ref_5cc48c5205415abeeeb272df33da2b2ea1ac8c14957622fa8b7836c3f0631b87</fieldentry>
            </qtimetadatafield>
          </qtimetadata>
        </itemmetadata>
        <presentation>
          <material>
            <mattext texttype="text/html">&lt;p&gt;Which function initializes serial communication at 9600 bps?&lt;/p&gt;</mattext>
          </material>
          <response_lid ident="response1" rcardinality="Single">
            <render_choice>
              <response_label ident="text2qti_choice_b58b9b06f05badceb614909ac78ba97080065c258f8944c01113f0ac13a9593d">
                <material>
                  <mattext texttype="text/html">&lt;p&gt;Serial.begin(9600);&lt;/p&gt;</mattext>
                </material>
              </response_label>
              <response_label ident="text2qti_choice_5322c895e12097ecf7d1fb0e0166a0311635609015f625ab50342f80b26c3e60">
                <material>
                  <mattext texttype="text/html">&lt;p&gt;Serial.print(9600);&lt;/p&gt;</mattext>
                </material>
              </response_label>
              <response_label ident="text2qti_choice_6ae53eb2e2e130ea9e5890244e922e45efa4ed702b2fa6432ad0d08b8cdf85de">
                <material>
                  <mattext texttype="text/html">&lt;p&gt;Serial.open(9600);&lt;/p&gt;</mattext>
                </material>
              </response_label>
            </render_choice>
          </response_lid>
        </presentation>
        <resprocessing>
          <outcomes>
            <decvar maxvalue="100" minvalue="0" varname="SCORE" vartype="Decimal"/>
          </outcomes>
          <respcondition continue="Yes">
            <conditionvar>
              <varequal respident="response1">text2qti_choice_b58b9b06f05badceb614909ac78ba97080065c258f8944c01113f0ac13a9593d</varequal>
            </conditionvar>
            <displayfeedback feedbacktype="Response" linkrefid="text2qti_choice_b58b9b06f05badceb614909ac78ba97080065c258f8944c01113f0ac13a9593d_fb"/>
          </respcondition>
          <respcondition continue="No">
            <conditionvar>
              <varequal respident="response1">text2qti_choice_b58b9b06f05badceb614909ac78ba97080065c258f8944c01113f0ac13a9593d</varequal>
            </conditionvar>
            <setvar action="Set" varname="SCORE">100</setvar>
          </respcondition>
        </resprocessing>
        <itemfeedback ident="text2qti_choice_b58b9b06f05badceb614909ac78ba97080065c258f8944c01113f0ac13a9593d_fb">
          <flow_mat>
            <material>
              <mattext texttype="text/html">&lt;p&gt;Serial.begin sets up the serial port speed.&lt;/p&gt;</mattext>
            </material>
          </flow_mat>
        </itemfeedback>
      </item>
      <item ident="text2qti_question_03dcc21e03c4a7d6543f061ae8fdbb8b5702151aff873ba7ae3656226e1dde15" title="Question">
        <itemmetadata>
          <qtimetadata>
            <qtimetadatafield>
              <fieldlabel>question_type</fieldlabel>
              <fieldentry>multiple_choice_question</fieldentry>
            </qtimetadatafield>
            <qtimetadatafield>
              <fieldlabel>points_possible</fieldlabel>
              <fieldentry>1</fieldentry>
            </qtimetadatafield>
            <qtimetadatafield>
              <fieldlabel>original_answer_ids</fieldlabel>
              <fieldentry>text2qti_choice_92ddcd9ad6528f1d94227dc0025e46aff0d23a61e38fd2d3147f761c8c6a9508,text2qti_choice_52264d25ddced60e07756872f57cd0a66ee8ddd7caad7209e7cdff04cbe5b546,text2qti_choice_1859ae6dd80043adcf15c82fba5fe63bafc5d7ff858d438e857f21522824fb44</fieldentry>
            </qtimetadatafield>
            <qtimetadatafield>
              <fieldlabel>assessment_question_identifierref</fieldlabel>
              <fieldentry>text2qti_question_ref_03dcc21e03c4a7d6543f061ae8fdbb8b5702151aff873ba7ae3656226e1dde15</fieldentry>
            </qtimetadatafield>
          </qtimetadata>
        </itemmetadata>
        <presentation>
          <material>
            <mattext texttype="text/html">&lt;p&gt;On the Arduino Uno, which pin is connected to the onboard LED used in the second program?&lt;/p&gt;</mattext>
          </material>
          <response_lid ident="response1" rcardinality="Single">
            <render_choice>
              <response_label ident="text2qti_choice_92ddcd9ad6528f1d94227dc0025e46aff0d23a61e38fd2d3147f761c8c6a9508">
                <material>
                  <mattext texttype="text/html">&lt;p&gt;7&lt;/p&gt;</mattext>
                </material>
              </response_label>
              <response_label ident="text2qti_choice_52264d25ddced60e07756872f57cd0a66ee8ddd7caad7209e7cdff04cbe5b546">
                <material>
                  <mattext texttype="text/html">&lt;p&gt;13&lt;/p&gt;</mattext>
                </material>
              </response_label>
              <response_label ident="text2qti_choice_1859ae6dd80043adcf15c82fba5fe63bafc5d7ff858d438e857f21522824fb44">
                <material>
                  <mattext texttype="text/html">&lt;p&gt;A0&lt;/p&gt;</mattext>
                </material>
              </response_label>
            </render_choice>
          </response_lid>
        </presentation>
        <resprocessing>
          <outcomes>
            <decvar maxvalue="100" minvalue="0" varname="SCORE" vartype="Decimal"/>
          </outcomes>
          <respcondition continue="Yes">
            <conditionvar>
              <varequal respident="response1">text2qti_choice_52264d25ddced60e07756872f57cd0a66ee8ddd7caad7209e7cdff04cbe5b546</varequal>
            </conditionvar>
            <displayfeedback feedbacktype="Response" linkrefid="text2qti_choice_52264d25ddced60e07756872f57cd0a66ee8ddd7caad7209e7cdff04cbe5b546_fb"/>
          </respcondition>
          <respcondition continue="No">
            <conditionvar>
              <varequal respident="response1">text2qti_choice_52264d25ddced60e07756872f57cd0a66ee8ddd7caad7209e7cdff04cbe5b546</varequal>
            </conditionvar>
            <setvar action="Set" varname="SCORE">100</setvar>
          </respcondition>
        </resprocessing>
        <itemfeedback ident="text2qti_choice_52264d25ddced60e07756872f57cd0a66ee8ddd7caad7209e7cdff04cbe5b546_fb">
          <flow_mat>
            <material>
              <mattext texttype="text/html">&lt;p&gt;Pin 13 controls the built-in LED on the Uno.&lt;/p&gt;</mattext>
            </material>
          </flow_mat>
        </itemfeedback>
      </item>
      <item ident="text2qti_question_e2f77b9b6b9306db75ce54b17b6631a7c6dfed90a20c4079b8c47a5a44496066" title="Question">
        <itemmetadata>
          <qtimetadata>
            <qtimetadatafield>
              <fieldlabel>question_type</fieldlabel>
              <fieldentry>multiple_choice_question</fieldentry>
            </qtimetadatafield>
            <qtimetadatafield>
              <fieldlabel>points_possible</fieldlabel>
              <fieldentry>1</fieldentry>
            </qtimetadatafield>
            <qtimetadatafield>
              <fieldlabel>original_answer_ids</fieldlabel>
              <fieldentry>text2qti_choice_35cfb37bc0d3f913bd816c7968734ca2e1b5f596e0c6ccbaed30e2a02a14bf69,text2qti_choice_f370ff0af3180f65c2859b59498a52d4f49c68dd44b8bd2bb2ff536b7d6e8be4,text2qti_choice_34823f09d2191d238a849569f05789e2393f554d20999f4acc5ac3da0989833d</fieldentry>
            </qtimetadatafield>
            <qtimetadatafield>
              <fieldlabel>assessment_question_identifierref</fieldlabel>
              <fieldentry>text2qti_question_ref_e2f77b9b6b9306db75ce54b17b6631a7c6dfed90a20c4079b8c47a5a44496066</fieldentry>
            </qtimetadatafield>
          </qtimetadata>
        </itemmetadata>
        <presentation>
          <material>
            <mattext texttype="text/html">&lt;p&gt;Which directive adds an external library to your sketch?&lt;/p&gt;</mattext>
          </material>
          <response_lid ident="response1" rcardinality="Single">
            <render_choice>
              <response_label ident="text2qti_choice_35cfb37bc0d3f913bd816c7968734ca2e1b5f596e0c6ccbaed30e2a02a14bf69">
                <material>
                  <mattext texttype="text/html">&lt;h1&gt;include &lt;Servo.h&gt;&lt;/h1&gt;</mattext>
                </material>
              </response_label>
              <response_label ident="text2qti_choice_f370ff0af3180f65c2859b59498a52d4f49c68dd44b8bd2bb2ff536b7d6e8be4">
                <material>
                  <mattext texttype="text/html">&lt;p&gt;import Servo;&lt;/p&gt;</mattext>
                </material>
              </response_label>
              <response_label ident="text2qti_choice_34823f09d2191d238a849569f05789e2393f554d20999f4acc5ac3da0989833d">
                <material>
                  <mattext texttype="text/html">&lt;p&gt;using Servo;&lt;/p&gt;</mattext>
                </material>
              </response_label>
            </render_choice>
          </response_lid>
        </presentation>
        <resprocessing>
          <outcomes>
            <decvar maxvalue="100" minvalue="0" varname="SCORE" vartype="Decimal"/>
          </outcomes>
          <respcondition continue="Yes">
            <conditionvar>
              <varequal respident="response1">text2qti_choice_35cfb37bc0d3f913bd816c7968734ca2e1b5f596e0c6ccbaed30e2a02a14bf69</varequal>
            </conditionvar>
            <displayfeedback feedbacktype="Response" linkrefid="text2qti_choice_35cfb37bc0d3f913bd816c7968734ca2e1b5f596e0c6ccbaed30e2a02a14bf69_fb"/>
          </respcondition>
          <respcondition continue="No">
            <conditionvar>
              <varequal respident="response1">text2qti_choice_35cfb37bc0d3f913bd816c7968734ca2e1b5f596e0c6ccbaed30e2a02a14bf69</varequal>
            </conditionvar>
            <setvar action="Set" varname="SCORE">100</setvar>
          </respcondition>
        </resprocessing>
        <itemfeedback ident="text2qti_choice_35cfb37bc0d3f913bd816c7968734ca2e1b5f596e0c6ccbaed30e2a02a14bf69_fb">
          <flow_mat>
            <material>
              <mattext texttype="text/html">&lt;p&gt;The #include directive pulls in library code for use in your program.&lt;/p&gt;</mattext>
            </material>
          </flow_mat>
        </itemfeedback>
      </item>
      <item ident="text2qti_question_b2f2f8d57eb07302b2e70b028abdd1d24801d8c40e71af6cd1339de47c45e69e" title="Question">
        <itemmetadata>
          <qtimetadata>
            <qtimetadatafield>
              <fieldlabel>question_type</fieldlabel>
              <fieldentry>multiple_choice_question</fieldentry>
            </qtimetadatafield>
            <qtimetadatafield>
              <fieldlabel>points_possible</fieldlabel>
              <fieldentry>1</fieldentry>
            </qtimetadatafield>
            <qtimetadatafield>
              <fieldlabel>original_answer_ids</fieldlabel>
              <fieldentry>text2qti_choice_a4e0f0c81d53398d09d1b0ef51cf266f1545b857902abdbdf82d50282576411f,text2qti_choice_26977154fba375c8f01c7e5eae1e9cf6bc81d6076e2308ab0ad71b31f72c9259,text2qti_choice_db1181d4f5295e5b780d9b0e44c535dce5e7998736facc9b1d4e5ee0e7339f94</fieldentry>
            </qtimetadatafield>
            <qtimetadatafield>
              <fieldlabel>assessment_question_identifierref</fieldlabel>
              <fieldentry>text2qti_question_ref_b2f2f8d57eb07302b2e70b028abdd1d24801d8c40e71af6cd1339de47c45e69e</fieldentry>
            </qtimetadatafield>
          </qtimetadata>
        </itemmetadata>
        <presentation>
          <material>
            <mattext texttype="text/html">&lt;p&gt;According to the code disclaimer, why might a snippet fail if pasted directly into the IDE?&lt;/p&gt;</mattext>
          </material>
          <response_lid ident="response1" rcardinality="Single">
            <render_choice>
              <response_label ident="text2qti_choice_a4e0f0c81d53398d09d1b0ef51cf266f1545b857902abdbdf82d50282576411f">
                <material>
                  <mattext texttype="text/html">&lt;p&gt;It may omit setup(), loop(), or other required parts&lt;/p&gt;</mattext>
                </material>
              </response_label>
              <response_label ident="text2qti_choice_26977154fba375c8f01c7e5eae1e9cf6bc81d6076e2308ab0ad71b31f72c9259">
                <material>
                  <mattext texttype="text/html">&lt;p&gt;The IDE blocks copied code&lt;/p&gt;</mattext>
                </material>
              </response_label>
              <response_label ident="text2qti_choice_db1181d4f5295e5b780d9b0e44c535dce5e7998736facc9b1d4e5ee0e7339f94">
                <material>
                  <mattext texttype="text/html">&lt;p&gt;Arduino boards cannot run pasted code&lt;/p&gt;</mattext>
                </material>
              </response_label>
            </render_choice>
          </response_lid>
        </presentation>
        <resprocessing>
          <outcomes>
            <decvar maxvalue="100" minvalue="0" varname="SCORE" vartype="Decimal"/>
          </outcomes>
          <respcondition continue="Yes">
            <conditionvar>
              <varequal respident="response1">text2qti_choice_a4e0f0c81d53398d09d1b0ef51cf266f1545b857902abdbdf82d50282576411f</varequal>
            </conditionvar>
            <displayfeedback feedbacktype="Response" linkrefid="text2qti_choice_a4e0f0c81d53398d09d1b0ef51cf266f1545b857902abdbdf82d50282576411f_fb"/>
          </respcondition>
          <respcondition continue="No">
            <conditionvar>
              <varequal respident="response1">text2qti_choice_a4e0f0c81d53398d09d1b0ef51cf266f1545b857902abdbdf82d50282576411f</varequal>
            </conditionvar>
            <setvar action="Set" varname="SCORE">100</setvar>
          </respcondition>
        </resprocessing>
        <itemfeedback ident="text2qti_choice_a4e0f0c81d53398d09d1b0ef51cf266f1545b857902abdbdf82d50282576411f_fb">
          <flow_mat>
            <material>
              <mattext texttype="text/html">&lt;p&gt;Many examples focus on concepts and leave out surrounding boilerplate code.&lt;/p&gt;</mattext>
            </material>
          </flow_mat>
        </itemfeedback>
      </item>
      <item ident="text2qti_question_49ca1f4f1fee80da47b7aa264cfd254b7dd433ad04b6dbd330a23123a17b1e12" title="Question">
        <itemmetadata>
          <qtimetadata>
            <qtimetadatafield>
              <fieldlabel>question_type</fieldlabel>
              <fieldentry>multiple_choice_question</fieldentry>
            </qtimetadatafield>
            <qtimetadatafield>
              <fieldlabel>points_possible</fieldlabel>
              <fieldentry>1</fieldentry>
            </qtimetadatafield>
            <qtimetadatafield>
              <fieldlabel>original_answer_ids</fieldlabel>
              <fieldentry>text2qti_choice_104a7637d8c8bc903388fc751ef2589273c19dfc9d2f78cdfe9b3df8bd3bd883,text2qti_choice_ab930b7ec6f139792920c2c3ef1a753d12ee74858b0828733d140b0ed7884cab,text2qti_choice_3cec3a3b0489fe1c46ed919cc1b384b964a25d1b0cb2b70d48af22d780c15371</fieldentry>
            </qtimetadatafield>
            <qtimetadatafield>
              <fieldlabel>assessment_question_identifierref</fieldlabel>
              <fieldentry>text2qti_question_ref_49ca1f4f1fee80da47b7aa264cfd254b7dd433ad04b6dbd330a23123a17b1e12</fieldentry>
            </qtimetadatafield>
          </qtimetadata>
        </itemmetadata>
        <presentation>
          <material>
            <mattext texttype="text/html">&lt;p&gt;Which toolbar button verifies code without uploading it?&lt;/p&gt;</mattext>
          </material>
          <response_lid ident="response1" rcardinality="Single">
            <render_choice>
              <response_label ident="text2qti_choice_104a7637d8c8bc903388fc751ef2589273c19dfc9d2f78cdfe9b3df8bd3bd883">
                <material>
                  <mattext texttype="text/html">&lt;p&gt;The checkmark/Verify button&lt;/p&gt;</mattext>
                </material>
              </response_label>
              <response_label ident="text2qti_choice_ab930b7ec6f139792920c2c3ef1a753d12ee74858b0828733d140b0ed7884cab">
                <material>
                  <mattext texttype="text/html">&lt;p&gt;The Upload arrow&lt;/p&gt;</mattext>
                </material>
              </response_label>
              <response_label ident="text2qti_choice_3cec3a3b0489fe1c46ed919cc1b384b964a25d1b0cb2b70d48af22d780c15371">
                <material>
                  <mattext texttype="text/html">&lt;p&gt;The serial monitor icon&lt;/p&gt;</mattext>
                </material>
              </response_label>
            </render_choice>
          </response_lid>
        </presentation>
        <resprocessing>
          <outcomes>
            <decvar maxvalue="100" minvalue="0" varname="SCORE" vartype="Decimal"/>
          </outcomes>
          <respcondition continue="Yes">
            <conditionvar>
              <varequal respident="response1">text2qti_choice_104a7637d8c8bc903388fc751ef2589273c19dfc9d2f78cdfe9b3df8bd3bd883</varequal>
            </conditionvar>
            <displayfeedback feedbacktype="Response" linkrefid="text2qti_choice_104a7637d8c8bc903388fc751ef2589273c19dfc9d2f78cdfe9b3df8bd3bd883_fb"/>
          </respcondition>
          <respcondition continue="No">
            <conditionvar>
              <varequal respident="response1">text2qti_choice_104a7637d8c8bc903388fc751ef2589273c19dfc9d2f78cdfe9b3df8bd3bd883</varequal>
            </conditionvar>
            <setvar action="Set" varname="SCORE">100</setvar>
          </respcondition>
        </resprocessing>
        <itemfeedback ident="text2qti_choice_104a7637d8c8bc903388fc751ef2589273c19dfc9d2f78cdfe9b3df8bd3bd883_fb">
          <flow_mat>
            <material>
              <mattext texttype="text/html">&lt;p&gt;Verify compiles your sketch to check for errors without uploading.&lt;/p&gt;</mattext>
            </material>
          </flow_mat>
        </itemfeedback>
      </item>
    </section>
  </assessment>
</questestinterop>
