<?xml version="1.0" encoding="UTF-8"?>
<questestinterop xmlns="http://www.imsglobal.org/xsd/ims_qtiasiv1p2" xmlns:xsi="http://www.w3.org/2001/XMLSchema-instance" xsi:schemaLocation="http://www.imsglobal.org/xsd/ims_qtiasiv1p2 http://www.imsglobal.org/xsd/ims_qtiasiv1p2p1.xsd">
  <assessment ident="text2qti_assessment_0601ca53b4f5c4c87a46d46301a13c5e7c35626f99bdb29253a22f020ed1f7e1" title="Removing Cleaning">
    <qtimetadata>
      <qtimetadatafield>
        <fieldlabel>cc_maxattempts</fieldlabel>
        <fieldentry>1</fieldentry>
      </qtimetadatafield>
    </qtimetadata>
    <section ident="root_section">
      <item ident="text2qti_question_cb9fb6fbc6aa01627dafb2e38b13036e81c1d91cb194af8bbeffbffb410fba2f" title="Question">
        <itemmetadata>
          <qtimetadata>
            <qtimetadatafield>
              <fieldlabel>question_type</fieldlabel>
              <fieldentry>multiple_choice_question</fieldentry>
            </qtimetadatafield>
            <qtimetadatafield>
              <fieldlabel>points_possible</fieldlabel>
              <fieldentry>1</fieldentry>
            </qtimetadatafield>
            <qtimetadatafield>
              <fieldlabel>original_answer_ids</fieldlabel>
              <fieldentry>text2qti_choice_33c84977204de144b733b8bf3efeb8422f6203f38dacdb5f40aa70882def130f,text2qti_choice_b4f7919802712e9272f4650f3a06d64c2f9758881151665f1ff31135b92a0d7b,text2qti_choice_29650806c24df398cf5477932ce36aa030ed1cef18247442054b3556fc5da1b8</fieldentry>
            </qtimetadatafield>
            <qtimetadatafield>
              <fieldlabel>assessment_question_identifierref</fieldlabel>
              <fieldentry>text2qti_question_ref_cb9fb6fbc6aa01627dafb2e38b13036e81c1d91cb194af8bbeffbffb410fba2f</fieldentry>
            </qtimetadatafield>
          </qtimetadata>
        </itemmetadata>
        <presentation>
          <material>
            <mattext texttype="text/html">&lt;p&gt;Why should you wait for the build plate to cool before removing a print?&lt;/p&gt;</mattext>
          </material>
          <response_lid ident="response1" rcardinality="Single">
            <render_choice>
              <response_label ident="text2qti_choice_33c84977204de144b733b8bf3efeb8422f6203f38dacdb5f40aa70882def130f">
                <material>
                  <mattext texttype="text/html">&lt;p&gt;The part releases more easily and avoids deformation&lt;/p&gt;</mattext>
                </material>
              </response_label>
              <response_label ident="text2qti_choice_b4f7919802712e9272f4650f3a06d64c2f9758881151665f1ff31135b92a0d7b">
                <material>
                  <mattext texttype="text/html">&lt;p&gt;It speeds up the next print&lt;/p&gt;</mattext>
                </material>
              </response_label>
              <response_label ident="text2qti_choice_29650806c24df398cf5477932ce36aa030ed1cef18247442054b3556fc5da1b8">
                <material>
                  <mattext texttype="text/html">&lt;p&gt;The printer will not restart otherwise&lt;/p&gt;</mattext>
                </material>
              </response_label>
            </render_choice>
          </response_lid>
        </presentation>
        <resprocessing>
          <outcomes>
            <decvar maxvalue="100" minvalue="0" varname="SCORE" vartype="Decimal"/>
          </outcomes>
          <respcondition continue="Yes">
            <conditionvar>
              <varequal respident="response1">text2qti_choice_33c84977204de144b733b8bf3efeb8422f6203f38dacdb5f40aa70882def130f</varequal>
            </conditionvar>
            <displayfeedback feedbacktype="Response" linkrefid="text2qti_choice_33c84977204de144b733b8bf3efeb8422f6203f38dacdb5f40aa70882def130f_fb"/>
          </respcondition>
          <respcondition continue="No">
            <conditionvar>
              <varequal respident="response1">text2qti_choice_33c84977204de144b733b8bf3efeb8422f6203f38dacdb5f40aa70882def130f</varequal>
            </conditionvar>
            <setvar action="Set" varname="SCORE">100</setvar>
          </respcondition>
        </resprocessing>
        <itemfeedback ident="text2qti_choice_33c84977204de144b733b8bf3efeb8422f6203f38dacdb5f40aa70882def130f_fb">
          <flow_mat>
            <material>
              <mattext texttype="text/html">&lt;p&gt;Cooling allows the plastic to stiffen and detach naturally.&lt;/p&gt;</mattext>
            </material>
          </flow_mat>
        </itemfeedback>
      </item>
      <item ident="text2qti_question_d5b4644d5f4f862275a90c8143d75496402da5c988d1dfc2480542bb178386aa" title="Question">
        <itemmetadata>
          <qtimetadata>
            <qtimetadatafield>
              <fieldlabel>question_type</fieldlabel>
              <fieldentry>multiple_choice_question</fieldentry>
            </qtimetadatafield>
            <qtimetadatafield>
              <fieldlabel>points_possible</fieldlabel>
              <fieldentry>1</fieldentry>
            </qtimetadatafield>
            <qtimetadatafield>
              <fieldlabel>original_answer_ids</fieldlabel>
              <fieldentry>text2qti_choice_e0a3ac796b60f3c305cbed3e4e05fe4495fea20c0c327c427f73c3abe28331c4,text2qti_choice_ffb1ba61f87c39f797fcd8f0e9ff805f8724b2ee7ce9e081bc370e50e9955531,text2qti_choice_6fb99c9e01c7ba10a908c7801e4202c8241ea8094090ac2d58297902a31e2c85</fieldentry>
            </qtimetadatafield>
            <qtimetadatafield>
              <fieldlabel>assessment_question_identifierref</fieldlabel>
              <fieldentry>text2qti_question_ref_d5b4644d5f4f862275a90c8143d75496402da5c988d1dfc2480542bb178386aa</fieldentry>
            </qtimetadatafield>
          </qtimetadata>
        </itemmetadata>
        <presentation>
          <material>
            <mattext texttype="text/html">&lt;p&gt;If your print is stuck to the flexible build plate, what is the recommended action?&lt;/p&gt;</mattext>
          </material>
          <response_lid ident="response1" rcardinality="Single">
            <render_choice>
              <response_label ident="text2qti_choice_e0a3ac796b60f3c305cbed3e4e05fe4495fea20c0c327c427f73c3abe28331c4">
                <material>
                  <mattext texttype="text/html">&lt;p&gt;Gently flex the plate to pop the print loose&lt;/p&gt;</mattext>
                </material>
              </response_label>
              <response_label ident="text2qti_choice_ffb1ba61f87c39f797fcd8f0e9ff805f8724b2ee7ce9e081bc370e50e9955531">
                <material>
                  <mattext texttype="text/html">&lt;p&gt;Pry it off with a screwdriver&lt;/p&gt;</mattext>
                </material>
              </response_label>
              <response_label ident="text2qti_choice_6fb99c9e01c7ba10a908c7801e4202c8241ea8094090ac2d58297902a31e2c85">
                <material>
                  <mattext texttype="text/html">&lt;p&gt;Pull on the filament&lt;/p&gt;</mattext>
                </material>
              </response_label>
            </render_choice>
          </response_lid>
        </presentation>
        <resprocessing>
          <outcomes>
            <decvar maxvalue="100" minvalue="0" varname="SCORE" vartype="Decimal"/>
          </outcomes>
          <respcondition continue="Yes">
            <conditionvar>
              <varequal respident="response1">text2qti_choice_e0a3ac796b60f3c305cbed3e4e05fe4495fea20c0c327c427f73c3abe28331c4</varequal>
            </conditionvar>
            <displayfeedback feedbacktype="Response" linkrefid="text2qti_choice_e0a3ac796b60f3c305cbed3e4e05fe4495fea20c0c327c427f73c3abe28331c4_fb"/>
          </respcondition>
          <respcondition continue="No">
            <conditionvar>
              <varequal respident="response1">text2qti_choice_e0a3ac796b60f3c305cbed3e4e05fe4495fea20c0c327c427f73c3abe28331c4</varequal>
            </conditionvar>
            <setvar action="Set" varname="SCORE">100</setvar>
          </respcondition>
        </resprocessing>
        <itemfeedback ident="text2qti_choice_e0a3ac796b60f3c305cbed3e4e05fe4495fea20c0c327c427f73c3abe28331c4_fb">
          <flow_mat>
            <material>
              <mattext texttype="text/html">&lt;p&gt;Flexing the magnetic plate helps release prints without damage.&lt;/p&gt;</mattext>
            </material>
          </flow_mat>
        </itemfeedback>
      </item>
      <item ident="text2qti_question_4978636109fc9325e4562375459188df48a62a39c1e21badb5831cb25db28c70" title="Question">
        <itemmetadata>
          <qtimetadata>
            <qtimetadatafield>
              <fieldlabel>question_type</fieldlabel>
              <fieldentry>multiple_choice_question</fieldentry>
            </qtimetadatafield>
            <qtimetadatafield>
              <fieldlabel>points_possible</fieldlabel>
              <fieldentry>1</fieldentry>
            </qtimetadatafield>
            <qtimetadatafield>
              <fieldlabel>original_answer_ids</fieldlabel>
              <fieldentry>text2qti_choice_e794e7484f145f8b6505a5a3c6ec24bd9aa0aa4ac18b0a94e25d6d5ece1961b9,text2qti_choice_b8c8a73b9344700fc2b5bb9bf3ff0dc8f95a599cb17ead426b9c362bd57ef601,text2qti_choice_2fa04612a59a7950c165312ccd27e33513103a38bb02c1333f0194932802e4df</fieldentry>
            </qtimetadatafield>
            <qtimetadatafield>
              <fieldlabel>assessment_question_identifierref</fieldlabel>
              <fieldentry>text2qti_question_ref_4978636109fc9325e4562375459188df48a62a39c1e21badb5831cb25db28c70</fieldentry>
            </qtimetadatafield>
          </qtimetadata>
        </itemmetadata>
        <presentation>
          <material>
            <mattext texttype="text/html">&lt;p&gt;Why must the build plate be returned immediately after removing a print?&lt;/p&gt;</mattext>
          </material>
          <response_lid ident="response1" rcardinality="Single">
            <render_choice>
              <response_label ident="text2qti_choice_e794e7484f145f8b6505a5a3c6ec24bd9aa0aa4ac18b0a94e25d6d5ece1961b9">
                <material>
                  <mattext texttype="text/html">&lt;p&gt;To prevent damage or loss and keep the printer ready for others&lt;/p&gt;</mattext>
                </material>
              </response_label>
              <response_label ident="text2qti_choice_b8c8a73b9344700fc2b5bb9bf3ff0dc8f95a599cb17ead426b9c362bd57ef601">
                <material>
                  <mattext texttype="text/html">&lt;p&gt;To cool your print faster&lt;/p&gt;</mattext>
                </material>
              </response_label>
              <response_label ident="text2qti_choice_2fa04612a59a7950c165312ccd27e33513103a38bb02c1333f0194932802e4df">
                <material>
                  <mattext texttype="text/html">&lt;p&gt;To reset the printer&amp;rsquo;s settings&lt;/p&gt;</mattext>
                </material>
              </response_label>
            </render_choice>
          </response_lid>
        </presentation>
        <resprocessing>
          <outcomes>
            <decvar maxvalue="100" minvalue="0" varname="SCORE" vartype="Decimal"/>
          </outcomes>
          <respcondition continue="Yes">
            <conditionvar>
              <varequal respident="response1">text2qti_choice_e794e7484f145f8b6505a5a3c6ec24bd9aa0aa4ac18b0a94e25d6d5ece1961b9</varequal>
            </conditionvar>
            <displayfeedback feedbacktype="Response" linkrefid="text2qti_choice_e794e7484f145f8b6505a5a3c6ec24bd9aa0aa4ac18b0a94e25d6d5ece1961b9_fb"/>
          </respcondition>
          <respcondition continue="No">
            <conditionvar>
              <varequal respident="response1">text2qti_choice_e794e7484f145f8b6505a5a3c6ec24bd9aa0aa4ac18b0a94e25d6d5ece1961b9</varequal>
            </conditionvar>
            <setvar action="Set" varname="SCORE">100</setvar>
          </respcondition>
        </resprocessing>
        <itemfeedback ident="text2qti_choice_e794e7484f145f8b6505a5a3c6ec24bd9aa0aa4ac18b0a94e25d6d5ece1961b9_fb">
          <flow_mat>
            <material>
              <mattext texttype="text/html">&lt;p&gt;Missing plates halt printing for everyone and can incur fees.&lt;/p&gt;</mattext>
            </material>
          </flow_mat>
        </itemfeedback>
      </item>
      <item ident="text2qti_question_32c44c62a7d5d448346d36a70643a0d470a574f13264ff55e3ba1991b4fd6448" title="Question">
        <itemmetadata>
          <qtimetadata>
            <qtimetadatafield>
              <fieldlabel>question_type</fieldlabel>
              <fieldentry>multiple_choice_question</fieldentry>
            </qtimetadatafield>
            <qtimetadatafield>
              <fieldlabel>points_possible</fieldlabel>
              <fieldentry>1</fieldentry>
            </qtimetadatafield>
            <qtimetadatafield>
              <fieldlabel>original_answer_ids</fieldlabel>
              <fieldentry>text2qti_choice_15f2cf4c6a2daa67670cc7bb8ea4d5e6f9f3a16f1285b8fc5198de90c5bd93cc,text2qti_choice_cde12ead2f57aaf2cb5702b5731789f5d5ceedff132932030a1cc2a5530ad3b8,text2qti_choice_1b2994c9684f7b21cc9653dd1e0d419ffab21847e88608d5f879ce4b214e264d</fieldentry>
            </qtimetadatafield>
            <qtimetadatafield>
              <fieldlabel>assessment_question_identifierref</fieldlabel>
              <fieldentry>text2qti_question_ref_32c44c62a7d5d448346d36a70643a0d470a574f13264ff55e3ba1991b4fd6448</fieldentry>
            </qtimetadatafield>
          </qtimetadata>
        </itemmetadata>
        <presentation>
          <material>
            <mattext texttype="text/html">&lt;p&gt;Which tool is recommended for cutting away large support structures?&lt;/p&gt;</mattext>
          </material>
          <response_lid ident="response1" rcardinality="Single">
            <render_choice>
              <response_label ident="text2qti_choice_15f2cf4c6a2daa67670cc7bb8ea4d5e6f9f3a16f1285b8fc5198de90c5bd93cc">
                <material>
                  <mattext texttype="text/html">&lt;p&gt;Flush-cutters&lt;/p&gt;</mattext>
                </material>
              </response_label>
              <response_label ident="text2qti_choice_cde12ead2f57aaf2cb5702b5731789f5d5ceedff132932030a1cc2a5530ad3b8">
                <material>
                  <mattext texttype="text/html">&lt;p&gt;Hammer&lt;/p&gt;</mattext>
                </material>
              </response_label>
              <response_label ident="text2qti_choice_1b2994c9684f7b21cc9653dd1e0d419ffab21847e88608d5f879ce4b214e264d">
                <material>
                  <mattext texttype="text/html">&lt;p&gt;Sandpaper&lt;/p&gt;</mattext>
                </material>
              </response_label>
            </render_choice>
          </response_lid>
        </presentation>
        <resprocessing>
          <outcomes>
            <decvar maxvalue="100" minvalue="0" varname="SCORE" vartype="Decimal"/>
          </outcomes>
          <respcondition continue="Yes">
            <conditionvar>
              <varequal respident="response1">text2qti_choice_15f2cf4c6a2daa67670cc7bb8ea4d5e6f9f3a16f1285b8fc5198de90c5bd93cc</varequal>
            </conditionvar>
            <displayfeedback feedbacktype="Response" linkrefid="text2qti_choice_15f2cf4c6a2daa67670cc7bb8ea4d5e6f9f3a16f1285b8fc5198de90c5bd93cc_fb"/>
          </respcondition>
          <respcondition continue="No">
            <conditionvar>
              <varequal respident="response1">text2qti_choice_15f2cf4c6a2daa67670cc7bb8ea4d5e6f9f3a16f1285b8fc5198de90c5bd93cc</varequal>
            </conditionvar>
            <setvar action="Set" varname="SCORE">100</setvar>
          </respcondition>
        </resprocessing>
        <itemfeedback ident="text2qti_choice_15f2cf4c6a2daa67670cc7bb8ea4d5e6f9f3a16f1285b8fc5198de90c5bd93cc_fb">
          <flow_mat>
            <material>
              <mattext texttype="text/html">&lt;p&gt;Flush-cutters safely remove big support sections.&lt;/p&gt;</mattext>
            </material>
          </flow_mat>
        </itemfeedback>
      </item>
      <item ident="text2qti_question_f6f32629e50c7903185a5e523d4c233431a3242d6940cd0a356ed8614094a3bf" title="Question">
        <itemmetadata>
          <qtimetadata>
            <qtimetadatafield>
              <fieldlabel>question_type</fieldlabel>
              <fieldentry>multiple_choice_question</fieldentry>
            </qtimetadatafield>
            <qtimetadatafield>
              <fieldlabel>points_possible</fieldlabel>
              <fieldentry>1</fieldentry>
            </qtimetadatafield>
            <qtimetadatafield>
              <fieldlabel>original_answer_ids</fieldlabel>
              <fieldentry>text2qti_choice_8a746fa1de03e5d062ce1365e896cb7d154b7805a0670e64ae7754bbb8bec0fd,text2qti_choice_46814e00dedea3205ab076609dae0657950ea5479f4c5d852abacb5d9a48e548,text2qti_choice_6763eb7f26a0046ad7f4a4ca0b0428a86b3a35c1f506ff6a82f7496f20e99a6d</fieldentry>
            </qtimetadatafield>
            <qtimetadatafield>
              <fieldlabel>assessment_question_identifierref</fieldlabel>
              <fieldentry>text2qti_question_ref_f6f32629e50c7903185a5e523d4c233431a3242d6940cd0a356ed8614094a3bf</fieldentry>
            </qtimetadatafield>
          </qtimetadata>
        </itemmetadata>
        <presentation>
          <material>
            <mattext texttype="text/html">&lt;p&gt;Where should leftover filament scraps be disposed?&lt;/p&gt;</mattext>
          </material>
          <response_lid ident="response1" rcardinality="Single">
            <render_choice>
              <response_label ident="text2qti_choice_8a746fa1de03e5d062ce1365e896cb7d154b7805a0670e64ae7754bbb8bec0fd">
                <material>
                  <mattext texttype="text/html">&lt;p&gt;In the recycling bin&lt;/p&gt;</mattext>
                </material>
              </response_label>
              <response_label ident="text2qti_choice_46814e00dedea3205ab076609dae0657950ea5479f4c5d852abacb5d9a48e548">
                <material>
                  <mattext texttype="text/html">&lt;p&gt;In the designated filament/plastic bin&lt;/p&gt;</mattext>
                </material>
              </response_label>
              <response_label ident="text2qti_choice_6763eb7f26a0046ad7f4a4ca0b0428a86b3a35c1f506ff6a82f7496f20e99a6d">
                <material>
                  <mattext texttype="text/html">&lt;p&gt;Leave them on the printer&lt;/p&gt;</mattext>
                </material>
              </response_label>
            </render_choice>
          </response_lid>
        </presentation>
        <resprocessing>
          <outcomes>
            <decvar maxvalue="100" minvalue="0" varname="SCORE" vartype="Decimal"/>
          </outcomes>
          <respcondition continue="Yes">
            <conditionvar>
              <varequal respident="response1">text2qti_choice_46814e00dedea3205ab076609dae0657950ea5479f4c5d852abacb5d9a48e548</varequal>
            </conditionvar>
            <displayfeedback feedbacktype="Response" linkrefid="text2qti_choice_46814e00dedea3205ab076609dae0657950ea5479f4c5d852abacb5d9a48e548_fb"/>
          </respcondition>
          <respcondition continue="No">
            <conditionvar>
              <varequal respident="response1">text2qti_choice_46814e00dedea3205ab076609dae0657950ea5479f4c5d852abacb5d9a48e548</varequal>
            </conditionvar>
            <setvar action="Set" varname="SCORE">100</setvar>
          </respcondition>
        </resprocessing>
        <itemfeedback ident="text2qti_choice_46814e00dedea3205ab076609dae0657950ea5479f4c5d852abacb5d9a48e548_fb">
          <flow_mat>
            <material>
              <mattext texttype="text/html">&lt;p&gt;This keeps the lab clean and safe.&lt;/p&gt;</mattext>
            </material>
          </flow_mat>
        </itemfeedback>
      </item>
      <item ident="text2qti_question_daa3ff8ecb2792c018abf5ad74e2dafb300fd534a74587b85f44f38857a64841" title="Question">
        <itemmetadata>
          <qtimetadata>
            <qtimetadatafield>
              <fieldlabel>question_type</fieldlabel>
              <fieldentry>multiple_choice_question</fieldentry>
            </qtimetadatafield>
            <qtimetadatafield>
              <fieldlabel>points_possible</fieldlabel>
              <fieldentry>1</fieldentry>
            </qtimetadatafield>
            <qtimetadatafield>
              <fieldlabel>original_answer_ids</fieldlabel>
              <fieldentry>text2qti_choice_ec83b0c9d2edcaac24c5a32fd83fd67192f2100be3c4d49e73195b3c339fb252,text2qti_choice_600a742ef608cb55f86798b7eb5d72edfc30852658caaa21a7de5f42f8c0e72b,text2qti_choice_ad5e07ffbbb5c868ea67881f009a891fa014a368f3c1098ffa5e2b74b5305f8f</fieldentry>
            </qtimetadatafield>
            <qtimetadatafield>
              <fieldlabel>assessment_question_identifierref</fieldlabel>
              <fieldentry>text2qti_question_ref_daa3ff8ecb2792c018abf5ad74e2dafb300fd534a74587b85f44f38857a64841</fieldentry>
            </qtimetadatafield>
          </qtimetadata>
        </itemmetadata>
        <presentation>
          <material>
            <mattext texttype="text/html">&lt;p&gt;Why inspect your print under bright light after cleanup?&lt;/p&gt;</mattext>
          </material>
          <response_lid ident="response1" rcardinality="Single">
            <render_choice>
              <response_label ident="text2qti_choice_ec83b0c9d2edcaac24c5a32fd83fd67192f2100be3c4d49e73195b3c339fb252">
                <material>
                  <mattext texttype="text/html">&lt;p&gt;To check for imperfections like layer shifts or missing details&lt;/p&gt;</mattext>
                </material>
              </response_label>
              <response_label ident="text2qti_choice_600a742ef608cb55f86798b7eb5d72edfc30852658caaa21a7de5f42f8c0e72b">
                <material>
                  <mattext texttype="text/html">&lt;p&gt;To heat the plastic for bending&lt;/p&gt;</mattext>
                </material>
              </response_label>
              <response_label ident="text2qti_choice_ad5e07ffbbb5c868ea67881f009a891fa014a368f3c1098ffa5e2b74b5305f8f">
                <material>
                  <mattext texttype="text/html">&lt;p&gt;To dry the filament&lt;/p&gt;</mattext>
                </material>
              </response_label>
            </render_choice>
          </response_lid>
        </presentation>
        <resprocessing>
          <outcomes>
            <decvar maxvalue="100" minvalue="0" varname="SCORE" vartype="Decimal"/>
          </outcomes>
          <respcondition continue="Yes">
            <conditionvar>
              <varequal respident="response1">text2qti_choice_ec83b0c9d2edcaac24c5a32fd83fd67192f2100be3c4d49e73195b3c339fb252</varequal>
            </conditionvar>
            <displayfeedback feedbacktype="Response" linkrefid="text2qti_choice_ec83b0c9d2edcaac24c5a32fd83fd67192f2100be3c4d49e73195b3c339fb252_fb"/>
          </respcondition>
          <respcondition continue="No">
            <conditionvar>
              <varequal respident="response1">text2qti_choice_ec83b0c9d2edcaac24c5a32fd83fd67192f2100be3c4d49e73195b3c339fb252</varequal>
            </conditionvar>
            <setvar action="Set" varname="SCORE">100</setvar>
          </respcondition>
        </resprocessing>
        <itemfeedback ident="text2qti_choice_ec83b0c9d2edcaac24c5a32fd83fd67192f2100be3c4d49e73195b3c339fb252_fb">
          <flow_mat>
            <material>
              <mattext texttype="text/html">&lt;p&gt;Good lighting reveals issues you might miss otherwise.&lt;/p&gt;</mattext>
            </material>
          </flow_mat>
        </itemfeedback>
      </item>
      <item ident="text2qti_question_9aeb8850d53ea5d888798897d2534fdd5112d3f5ef33b82f7aa46b229660772d" title="Question">
        <itemmetadata>
          <qtimetadata>
            <qtimetadatafield>
              <fieldlabel>question_type</fieldlabel>
              <fieldentry>multiple_choice_question</fieldentry>
            </qtimetadatafield>
            <qtimetadatafield>
              <fieldlabel>points_possible</fieldlabel>
              <fieldentry>1</fieldentry>
            </qtimetadatafield>
            <qtimetadatafield>
              <fieldlabel>original_answer_ids</fieldlabel>
              <fieldentry>text2qti_choice_3bb6714b812f283d38cf592ce2318f036b1c0a7d530dc049488aa75184dae96e,text2qti_choice_f23c88183f0f4b5ca64c835d7bc798c2f3381a1c19dc6244e2476df8db729181,text2qti_choice_46017badbe95d6e77460cc5d12221867932a6d3166705d997a240a905b575d99</fieldentry>
            </qtimetadatafield>
            <qtimetadatafield>
              <fieldlabel>assessment_question_identifierref</fieldlabel>
              <fieldentry>text2qti_question_ref_9aeb8850d53ea5d888798897d2534fdd5112d3f5ef33b82f7aa46b229660772d</fieldentry>
            </qtimetadatafield>
          </qtimetadata>
        </itemmetadata>
        <presentation>
          <material>
            <mattext texttype="text/html">&lt;p&gt;After removing supports and cleaning up, what is the courteous next step?&lt;/p&gt;</mattext>
          </material>
          <response_lid ident="response1" rcardinality="Single">
            <render_choice>
              <response_label ident="text2qti_choice_3bb6714b812f283d38cf592ce2318f036b1c0a7d530dc049488aa75184dae96e">
                <material>
                  <mattext texttype="text/html">&lt;p&gt;Leave tools on the table for the next person&lt;/p&gt;</mattext>
                </material>
              </response_label>
              <response_label ident="text2qti_choice_f23c88183f0f4b5ca64c835d7bc798c2f3381a1c19dc6244e2476df8db729181">
                <material>
                  <mattext texttype="text/html">&lt;p&gt;Return tools and ensure the build plate is reinstalled&lt;/p&gt;</mattext>
                </material>
              </response_label>
              <response_label ident="text2qti_choice_46017badbe95d6e77460cc5d12221867932a6d3166705d997a240a905b575d99">
                <material>
                  <mattext texttype="text/html">&lt;p&gt;Start another print immediately&lt;/p&gt;</mattext>
                </material>
              </response_label>
            </render_choice>
          </response_lid>
        </presentation>
        <resprocessing>
          <outcomes>
            <decvar maxvalue="100" minvalue="0" varname="SCORE" vartype="Decimal"/>
          </outcomes>
          <respcondition continue="Yes">
            <conditionvar>
              <varequal respident="response1">text2qti_choice_f23c88183f0f4b5ca64c835d7bc798c2f3381a1c19dc6244e2476df8db729181</varequal>
            </conditionvar>
            <displayfeedback feedbacktype="Response" linkrefid="text2qti_choice_f23c88183f0f4b5ca64c835d7bc798c2f3381a1c19dc6244e2476df8db729181_fb"/>
          </respcondition>
          <respcondition continue="No">
            <conditionvar>
              <varequal respident="response1">text2qti_choice_f23c88183f0f4b5ca64c835d7bc798c2f3381a1c19dc6244e2476df8db729181</varequal>
            </conditionvar>
            <setvar action="Set" varname="SCORE">100</setvar>
          </respcondition>
        </resprocessing>
        <itemfeedback ident="text2qti_choice_f23c88183f0f4b5ca64c835d7bc798c2f3381a1c19dc6244e2476df8db729181_fb">
          <flow_mat>
            <material>
              <mattext texttype="text/html">&lt;p&gt;A tidy work area keeps the lab ready for others.&lt;/p&gt;</mattext>
            </material>
          </flow_mat>
        </itemfeedback>
      </item>
    </section>
  </assessment>
</questestinterop>
