<?xml version="1.0" encoding="UTF-8"?>
<questestinterop xmlns="http://www.imsglobal.org/xsd/ims_qtiasiv1p2" xmlns:xsi="http://www.w3.org/2001/XMLSchema-instance" xsi:schemaLocation="http://www.imsglobal.org/xsd/ims_qtiasiv1p2 http://www.imsglobal.org/xsd/ims_qtiasiv1p2p1.xsd">
  <assessment ident="text2qti_assessment_671eb0494768681e03ea0f1a1ce8ab387a9c496c1a906d707f2a8f8bd1befb71" title="Math">
    <qtimetadata>
      <qtimetadatafield>
        <fieldlabel>cc_maxattempts</fieldlabel>
        <fieldentry>1</fieldentry>
      </qtimetadatafield>
    </qtimetadata>
    <section ident="root_section">
      <item ident="text2qti_question_ee8abd55e6ef48bb3e06554c78e48dc1eb2fcccede0f7e98476154690073c324" title="Question">
        <itemmetadata>
          <qtimetadata>
            <qtimetadatafield>
              <fieldlabel>question_type</fieldlabel>
              <fieldentry>multiple_choice_question</fieldentry>
            </qtimetadatafield>
            <qtimetadatafield>
              <fieldlabel>points_possible</fieldlabel>
              <fieldentry>1</fieldentry>
            </qtimetadatafield>
            <qtimetadatafield>
              <fieldlabel>original_answer_ids</fieldlabel>
              <fieldentry>text2qti_choice_5d8df1d34442f06e4be2f9613380a6026e83cac7f954ff4dc1ec1f53f06b3b52,text2qti_choice_4555f220027c7289d0994ac2e6a12e8688804cb5ecf54ec5807c50c4161ca259,text2qti_choice_6d58fbdc8c90821990b14497f297130a3fd01c0c955fb360ba90deebc63f9805</fieldentry>
            </qtimetadatafield>
            <qtimetadatafield>
              <fieldlabel>assessment_question_identifierref</fieldlabel>
              <fieldentry>text2qti_question_ref_ee8abd55e6ef48bb3e06554c78e48dc1eb2fcccede0f7e98476154690073c324</fieldentry>
            </qtimetadatafield>
          </qtimetadata>
        </itemmetadata>
        <presentation>
          <material>
            <mattext texttype="text/html">&lt;p&gt;Which operator returns the remainder of a division?&lt;/p&gt;</mattext>
          </material>
          <response_lid ident="response1" rcardinality="Single">
            <render_choice>
              <response_label ident="text2qti_choice_5d8df1d34442f06e4be2f9613380a6026e83cac7f954ff4dc1ec1f53f06b3b52">
                <material>
                  <mattext texttype="text/html">&lt;p&gt;/&lt;/p&gt;</mattext>
                </material>
              </response_label>
              <response_label ident="text2qti_choice_4555f220027c7289d0994ac2e6a12e8688804cb5ecf54ec5807c50c4161ca259">
                <material>
                  <mattext texttype="text/html">&lt;p&gt;*&lt;/p&gt;</mattext>
                </material>
              </response_label>
              <response_label ident="text2qti_choice_6d58fbdc8c90821990b14497f297130a3fd01c0c955fb360ba90deebc63f9805">
                <material>
                  <mattext texttype="text/html">&lt;p&gt;%&lt;/p&gt;</mattext>
                </material>
              </response_label>
            </render_choice>
          </response_lid>
        </presentation>
        <resprocessing>
          <outcomes>
            <decvar maxvalue="100" minvalue="0" varname="SCORE" vartype="Decimal"/>
          </outcomes>
          <respcondition continue="Yes">
            <conditionvar>
              <other/>
            </conditionvar>
            <displayfeedback feedbacktype="Response" linkrefid="general_fb"/>
          </respcondition>
          <respcondition continue="Yes">
            <conditionvar>
              <varequal respident="response1">text2qti_choice_6d58fbdc8c90821990b14497f297130a3fd01c0c955fb360ba90deebc63f9805</varequal>
            </conditionvar>
            <displayfeedback feedbacktype="Response" linkrefid="text2qti_choice_6d58fbdc8c90821990b14497f297130a3fd01c0c955fb360ba90deebc63f9805_fb"/>
          </respcondition>
          <respcondition continue="No">
            <conditionvar>
              <varequal respident="response1">text2qti_choice_6d58fbdc8c90821990b14497f297130a3fd01c0c955fb360ba90deebc63f9805</varequal>
            </conditionvar>
            <setvar action="Set" varname="SCORE">100</setvar>
          </respcondition>
        </resprocessing>
        <itemfeedback ident="general_fb">
          <flow_mat>
            <material>
              <mattext texttype="text/html">&lt;p&gt;Think of modulo arithmetic.&lt;/p&gt;</mattext>
            </material>
          </flow_mat>
        </itemfeedback>
        <itemfeedback ident="text2qti_choice_6d58fbdc8c90821990b14497f297130a3fd01c0c955fb360ba90deebc63f9805_fb">
          <flow_mat>
            <material>
              <mattext texttype="text/html">&lt;p&gt;&lt;code&gt;%&lt;/code&gt; gives the remainder.&lt;/p&gt;</mattext>
            </material>
          </flow_mat>
        </itemfeedback>
      </item>
      <item ident="text2qti_question_8e7ba6ad8a15cd25a4ccaaf2fd22f0236abbf8ee032f9ed9fbafaf0b1cbb7382" title="Question">
        <itemmetadata>
          <qtimetadata>
            <qtimetadatafield>
              <fieldlabel>question_type</fieldlabel>
              <fieldentry>multiple_choice_question</fieldentry>
            </qtimetadatafield>
            <qtimetadatafield>
              <fieldlabel>points_possible</fieldlabel>
              <fieldentry>1</fieldentry>
            </qtimetadatafield>
            <qtimetadatafield>
              <fieldlabel>original_answer_ids</fieldlabel>
              <fieldentry>text2qti_choice_cc8771cacadd1f9cde975d175ed6010d9ab67480f1c5dabb4da093696fd73848,text2qti_choice_cd4e2ef57ad7b8fe806569ee85d76d86100b2261cb904f8c65b1bda5f363cca4,text2qti_choice_7644ce2551218acb49e591eed99544aaf249cedce0958b8adc9c78b839d36e4d</fieldentry>
            </qtimetadatafield>
            <qtimetadatafield>
              <fieldlabel>assessment_question_identifierref</fieldlabel>
              <fieldentry>text2qti_question_ref_8e7ba6ad8a15cd25a4ccaaf2fd22f0236abbf8ee032f9ed9fbafaf0b1cbb7382</fieldentry>
            </qtimetadatafield>
          </qtimetadata>
        </itemmetadata>
        <presentation>
          <material>
            <mattext texttype="text/html">&lt;p&gt;What is the result of &lt;code&gt;2 * 3 + 1&lt;/code&gt;?&lt;/p&gt;</mattext>
          </material>
          <response_lid ident="response1" rcardinality="Single">
            <render_choice>
              <response_label ident="text2qti_choice_cc8771cacadd1f9cde975d175ed6010d9ab67480f1c5dabb4da093696fd73848">
                <material>
                  <mattext texttype="text/html">&lt;p&gt;5&lt;/p&gt;</mattext>
                </material>
              </response_label>
              <response_label ident="text2qti_choice_cd4e2ef57ad7b8fe806569ee85d76d86100b2261cb904f8c65b1bda5f363cca4">
                <material>
                  <mattext texttype="text/html">&lt;p&gt;7&lt;/p&gt;</mattext>
                </material>
              </response_label>
              <response_label ident="text2qti_choice_7644ce2551218acb49e591eed99544aaf249cedce0958b8adc9c78b839d36e4d">
                <material>
                  <mattext texttype="text/html">&lt;p&gt;9&lt;/p&gt;</mattext>
                </material>
              </response_label>
            </render_choice>
          </response_lid>
        </presentation>
        <resprocessing>
          <outcomes>
            <decvar maxvalue="100" minvalue="0" varname="SCORE" vartype="Decimal"/>
          </outcomes>
          <respcondition continue="Yes">
            <conditionvar>
              <varequal respident="response1">text2qti_choice_cd4e2ef57ad7b8fe806569ee85d76d86100b2261cb904f8c65b1bda5f363cca4</varequal>
            </conditionvar>
            <displayfeedback feedbacktype="Response" linkrefid="text2qti_choice_cd4e2ef57ad7b8fe806569ee85d76d86100b2261cb904f8c65b1bda5f363cca4_fb"/>
          </respcondition>
          <respcondition continue="No">
            <conditionvar>
              <varequal respident="response1">text2qti_choice_cd4e2ef57ad7b8fe806569ee85d76d86100b2261cb904f8c65b1bda5f363cca4</varequal>
            </conditionvar>
            <setvar action="Set" varname="SCORE">100</setvar>
          </respcondition>
        </resprocessing>
        <itemfeedback ident="text2qti_choice_cd4e2ef57ad7b8fe806569ee85d76d86100b2261cb904f8c65b1bda5f363cca4_fb">
          <flow_mat>
            <material>
              <mattext texttype="text/html">&lt;p&gt;Multiplication happens before addition.&lt;/p&gt;</mattext>
            </material>
          </flow_mat>
        </itemfeedback>
      </item>
      <item ident="text2qti_question_a63ba773737cf6f8098b01f661e15e80b5edd99013a56736aa2432d265a30380" title="Question">
        <itemmetadata>
          <qtimetadata>
            <qtimetadatafield>
              <fieldlabel>question_type</fieldlabel>
              <fieldentry>multiple_choice_question</fieldentry>
            </qtimetadatafield>
            <qtimetadatafield>
              <fieldlabel>points_possible</fieldlabel>
              <fieldentry>1</fieldentry>
            </qtimetadatafield>
            <qtimetadatafield>
              <fieldlabel>original_answer_ids</fieldlabel>
              <fieldentry>text2qti_choice_6dadc19fba4a744f262421e909c39fdd0dedb7cbedfff0f0e3133df49e3aa870,text2qti_choice_851ff3c2752ea0b182a9f17941207cdb41d2617456a25b5b38efc6fe54c6440d,text2qti_choice_e81e9d39ab98caea1217b77b967cd48b2c87c7709006fc675268ea13a05102b8</fieldentry>
            </qtimetadatafield>
            <qtimetadatafield>
              <fieldlabel>assessment_question_identifierref</fieldlabel>
              <fieldentry>text2qti_question_ref_a63ba773737cf6f8098b01f661e15e80b5edd99013a56736aa2432d265a30380</fieldentry>
            </qtimetadatafield>
          </qtimetadata>
        </itemmetadata>
        <presentation>
          <material>
            <mattext texttype="text/html">&lt;p&gt;What does &lt;code&gt;Serial.println(4 / 2 + 1);&lt;/code&gt; output?&lt;/p&gt;</mattext>
          </material>
          <response_lid ident="response1" rcardinality="Single">
            <render_choice>
              <response_label ident="text2qti_choice_6dadc19fba4a744f262421e909c39fdd0dedb7cbedfff0f0e3133df49e3aa870">
                <material>
                  <mattext texttype="text/html">&lt;p&gt;2&lt;/p&gt;</mattext>
                </material>
              </response_label>
              <response_label ident="text2qti_choice_851ff3c2752ea0b182a9f17941207cdb41d2617456a25b5b38efc6fe54c6440d">
                <material>
                  <mattext texttype="text/html">&lt;p&gt;3&lt;/p&gt;</mattext>
                </material>
              </response_label>
              <response_label ident="text2qti_choice_e81e9d39ab98caea1217b77b967cd48b2c87c7709006fc675268ea13a05102b8">
                <material>
                  <mattext texttype="text/html">&lt;p&gt;5&lt;/p&gt;</mattext>
                </material>
              </response_label>
            </render_choice>
          </response_lid>
        </presentation>
        <resprocessing>
          <outcomes>
            <decvar maxvalue="100" minvalue="0" varname="SCORE" vartype="Decimal"/>
          </outcomes>
          <respcondition continue="Yes">
            <conditionvar>
              <varequal respident="response1">text2qti_choice_851ff3c2752ea0b182a9f17941207cdb41d2617456a25b5b38efc6fe54c6440d</varequal>
            </conditionvar>
            <displayfeedback feedbacktype="Response" linkrefid="text2qti_choice_851ff3c2752ea0b182a9f17941207cdb41d2617456a25b5b38efc6fe54c6440d_fb"/>
          </respcondition>
          <respcondition continue="No">
            <conditionvar>
              <varequal respident="response1">text2qti_choice_851ff3c2752ea0b182a9f17941207cdb41d2617456a25b5b38efc6fe54c6440d</varequal>
            </conditionvar>
            <setvar action="Set" varname="SCORE">100</setvar>
          </respcondition>
        </resprocessing>
        <itemfeedback ident="text2qti_choice_851ff3c2752ea0b182a9f17941207cdb41d2617456a25b5b38efc6fe54c6440d_fb">
          <flow_mat>
            <material>
              <mattext texttype="text/html">&lt;p&gt;Division happens before addition: 4 / 2 = 2, then +1 makes 3.&lt;/p&gt;</mattext>
            </material>
          </flow_mat>
        </itemfeedback>
      </item>
    </section>
  </assessment>
</questestinterop>
