<?xml version="1.0" encoding="UTF-8"?>
<questestinterop xmlns="http://www.imsglobal.org/xsd/ims_qtiasiv1p2" xmlns:xsi="http://www.w3.org/2001/XMLSchema-instance" xsi:schemaLocation="http://www.imsglobal.org/xsd/ims_qtiasiv1p2 http://www.imsglobal.org/xsd/ims_qtiasiv1p2p1.xsd">
  <assessment ident="text2qti_assessment_286670105e38c7b1035186d0d981f4d63f84599134c4436f503987265d47e861" title="Functions">
    <qtimetadata>
      <qtimetadatafield>
        <fieldlabel>cc_maxattempts</fieldlabel>
        <fieldentry>1</fieldentry>
      </qtimetadatafield>
    </qtimetadata>
    <section ident="root_section">
      <item ident="text2qti_question_95afa82bb7e7094235afcc82d2dfa68956d23711ca7427b926634a2c14876a8d" title="Question">
        <itemmetadata>
          <qtimetadata>
            <qtimetadatafield>
              <fieldlabel>question_type</fieldlabel>
              <fieldentry>multiple_choice_question</fieldentry>
            </qtimetadatafield>
            <qtimetadatafield>
              <fieldlabel>points_possible</fieldlabel>
              <fieldentry>1</fieldentry>
            </qtimetadatafield>
            <qtimetadatafield>
              <fieldlabel>original_answer_ids</fieldlabel>
              <fieldentry>text2qti_choice_09aac353b90a0e38773d048699f3426e322617708b037efccc928077e462e8f1,text2qti_choice_99dfa568eaccf84238ed70009340db74eb0cb8e27eeadd87131edc9bb96889a7,text2qti_choice_f11d9f99c7d6029bca03f144c0b72cf1125ccbb8daf90d62103835276075d816</fieldentry>
            </qtimetadatafield>
            <qtimetadatafield>
              <fieldlabel>assessment_question_identifierref</fieldlabel>
              <fieldentry>text2qti_question_ref_95afa82bb7e7094235afcc82d2dfa68956d23711ca7427b926634a2c14876a8d</fieldentry>
            </qtimetadatafield>
          </qtimetadata>
        </itemmetadata>
        <presentation>
          <material>
            <mattext texttype="text/html">&lt;p&gt;What does a function&amp;rsquo;s return type specify?&lt;/p&gt;</mattext>
          </material>
          <response_lid ident="response1" rcardinality="Single">
            <render_choice>
              <response_label ident="text2qti_choice_09aac353b90a0e38773d048699f3426e322617708b037efccc928077e462e8f1">
                <material>
                  <mattext texttype="text/html">&lt;p&gt;The function&amp;rsquo;s name&lt;/p&gt;</mattext>
                </material>
              </response_label>
              <response_label ident="text2qti_choice_99dfa568eaccf84238ed70009340db74eb0cb8e27eeadd87131edc9bb96889a7">
                <material>
                  <mattext texttype="text/html">&lt;p&gt;The type of value it returns&lt;/p&gt;</mattext>
                </material>
              </response_label>
              <response_label ident="text2qti_choice_f11d9f99c7d6029bca03f144c0b72cf1125ccbb8daf90d62103835276075d816">
                <material>
                  <mattext texttype="text/html">&lt;p&gt;The number of parameters&lt;/p&gt;</mattext>
                </material>
              </response_label>
            </render_choice>
          </response_lid>
        </presentation>
        <resprocessing>
          <outcomes>
            <decvar maxvalue="100" minvalue="0" varname="SCORE" vartype="Decimal"/>
          </outcomes>
          <respcondition continue="Yes">
            <conditionvar>
              <other/>
            </conditionvar>
            <displayfeedback feedbacktype="Response" linkrefid="general_fb"/>
          </respcondition>
          <respcondition continue="Yes">
            <conditionvar>
              <varequal respident="response1">text2qti_choice_99dfa568eaccf84238ed70009340db74eb0cb8e27eeadd87131edc9bb96889a7</varequal>
            </conditionvar>
            <displayfeedback feedbacktype="Response" linkrefid="text2qti_choice_99dfa568eaccf84238ed70009340db74eb0cb8e27eeadd87131edc9bb96889a7_fb"/>
          </respcondition>
          <respcondition continue="No">
            <conditionvar>
              <varequal respident="response1">text2qti_choice_99dfa568eaccf84238ed70009340db74eb0cb8e27eeadd87131edc9bb96889a7</varequal>
            </conditionvar>
            <setvar action="Set" varname="SCORE">100</setvar>
          </respcondition>
        </resprocessing>
        <itemfeedback ident="general_fb">
          <flow_mat>
            <material>
              <mattext texttype="text/html">&lt;p&gt;It appears before the function name.&lt;/p&gt;</mattext>
            </material>
          </flow_mat>
        </itemfeedback>
        <itemfeedback ident="text2qti_choice_99dfa568eaccf84238ed70009340db74eb0cb8e27eeadd87131edc9bb96889a7_fb">
          <flow_mat>
            <material>
              <mattext texttype="text/html">&lt;p&gt;The return type tells callers what value will come back.&lt;/p&gt;</mattext>
            </material>
          </flow_mat>
        </itemfeedback>
      </item>
      <item ident="text2qti_question_64a37783a97010a0fa7beecbdc5ebe912f4587000f2a2e4a52f239b4009e922c" title="Question">
        <itemmetadata>
          <qtimetadata>
            <qtimetadatafield>
              <fieldlabel>question_type</fieldlabel>
              <fieldentry>multiple_choice_question</fieldentry>
            </qtimetadatafield>
            <qtimetadatafield>
              <fieldlabel>points_possible</fieldlabel>
              <fieldentry>1</fieldentry>
            </qtimetadatafield>
            <qtimetadatafield>
              <fieldlabel>original_answer_ids</fieldlabel>
              <fieldentry>text2qti_choice_172926386a33616b42400e8942578957e9e50eb845b4ed71dfa1cbaec69f7daa,text2qti_choice_d73a2ccb78bc329230367915a6a7169f894ffb056dbbd598c253025b4679ae32,text2qti_choice_e96591a0169ea384c6b66c40e733561a8722126dd625f9b684fea6a730a009a8</fieldentry>
            </qtimetadatafield>
            <qtimetadatafield>
              <fieldlabel>assessment_question_identifierref</fieldlabel>
              <fieldentry>text2qti_question_ref_64a37783a97010a0fa7beecbdc5ebe912f4587000f2a2e4a52f239b4009e922c</fieldentry>
            </qtimetadatafield>
          </qtimetadata>
        </itemmetadata>
        <presentation>
          <material>
            <mattext texttype="text/html">&lt;p&gt;Which keyword exits a function and provides a value?&lt;/p&gt;</mattext>
          </material>
          <response_lid ident="response1" rcardinality="Single">
            <render_choice>
              <response_label ident="text2qti_choice_172926386a33616b42400e8942578957e9e50eb845b4ed71dfa1cbaec69f7daa">
                <material>
                  <mattext texttype="text/html">&lt;p&gt;return&lt;/p&gt;</mattext>
                </material>
              </response_label>
              <response_label ident="text2qti_choice_d73a2ccb78bc329230367915a6a7169f894ffb056dbbd598c253025b4679ae32">
                <material>
                  <mattext texttype="text/html">&lt;p&gt;break&lt;/p&gt;</mattext>
                </material>
              </response_label>
              <response_label ident="text2qti_choice_e96591a0169ea384c6b66c40e733561a8722126dd625f9b684fea6a730a009a8">
                <material>
                  <mattext texttype="text/html">&lt;p&gt;continue&lt;/p&gt;</mattext>
                </material>
              </response_label>
            </render_choice>
          </response_lid>
        </presentation>
        <resprocessing>
          <outcomes>
            <decvar maxvalue="100" minvalue="0" varname="SCORE" vartype="Decimal"/>
          </outcomes>
          <respcondition continue="Yes">
            <conditionvar>
              <varequal respident="response1">text2qti_choice_172926386a33616b42400e8942578957e9e50eb845b4ed71dfa1cbaec69f7daa</varequal>
            </conditionvar>
            <displayfeedback feedbacktype="Response" linkrefid="text2qti_choice_172926386a33616b42400e8942578957e9e50eb845b4ed71dfa1cbaec69f7daa_fb"/>
          </respcondition>
          <respcondition continue="No">
            <conditionvar>
              <varequal respident="response1">text2qti_choice_172926386a33616b42400e8942578957e9e50eb845b4ed71dfa1cbaec69f7daa</varequal>
            </conditionvar>
            <setvar action="Set" varname="SCORE">100</setvar>
          </respcondition>
        </resprocessing>
        <itemfeedback ident="text2qti_choice_172926386a33616b42400e8942578957e9e50eb845b4ed71dfa1cbaec69f7daa_fb">
          <flow_mat>
            <material>
              <mattext texttype="text/html">&lt;p&gt;&lt;code&gt;return&lt;/code&gt; stops the function and optionally sends data back.&lt;/p&gt;</mattext>
            </material>
          </flow_mat>
        </itemfeedback>
      </item>
      <item ident="text2qti_question_870cb2a99dbf575e517aadcdf934a85057c7b9a537498f932271463458275b8c" title="Question">
        <itemmetadata>
          <qtimetadata>
            <qtimetadatafield>
              <fieldlabel>question_type</fieldlabel>
              <fieldentry>multiple_choice_question</fieldentry>
            </qtimetadatafield>
            <qtimetadatafield>
              <fieldlabel>points_possible</fieldlabel>
              <fieldentry>1</fieldentry>
            </qtimetadatafield>
            <qtimetadatafield>
              <fieldlabel>original_answer_ids</fieldlabel>
              <fieldentry>text2qti_choice_d7c6c40c48ec3be9485fad6a32b7d114e916748a09d8a66500eebf92152ccd75,text2qti_choice_5c2a93488c87233527c0724efbea654a74ef81f2913dcaae4ccf612dccf895ef,text2qti_choice_ab5e2edde3e9719c038b7c5b19cee6b82d60deabb52a3d32b725917ed62a2416,text2qti_choice_a15a3962219cce3b29819b3268746ab73fbc7c8dce3e05ac70e17eee6cb649d5</fieldentry>
            </qtimetadatafield>
            <qtimetadatafield>
              <fieldlabel>assessment_question_identifierref</fieldlabel>
              <fieldentry>text2qti_question_ref_870cb2a99dbf575e517aadcdf934a85057c7b9a537498f932271463458275b8c</fieldentry>
            </qtimetadatafield>
          </qtimetadata>
        </itemmetadata>
        <presentation>
          <material>
            <mattext texttype="text/html">&lt;p&gt;Which line correctly defines a function named &lt;code&gt;blink&lt;/code&gt; that takes no parameters and returns nothing?&lt;/p&gt;</mattext>
          </material>
          <response_lid ident="response1" rcardinality="Single">
            <render_choice>
              <response_label ident="text2qti_choice_d7c6c40c48ec3be9485fad6a32b7d114e916748a09d8a66500eebf92152ccd75">
                <material>
                  <mattext texttype="text/html">&lt;p&gt;void blink() {}&lt;/p&gt;</mattext>
                </material>
              </response_label>
              <response_label ident="text2qti_choice_5c2a93488c87233527c0724efbea654a74ef81f2913dcaae4ccf612dccf895ef">
                <material>
                  <mattext texttype="text/html">&lt;p&gt;blink() void {}&lt;/p&gt;</mattext>
                </material>
              </response_label>
              <response_label ident="text2qti_choice_ab5e2edde3e9719c038b7c5b19cee6b82d60deabb52a3d32b725917ed62a2416">
                <material>
                  <mattext texttype="text/html">&lt;p&gt;int blink(void);&lt;/p&gt;</mattext>
                </material>
              </response_label>
              <response_label ident="text2qti_choice_a15a3962219cce3b29819b3268746ab73fbc7c8dce3e05ac70e17eee6cb649d5">
                <material>
                  <mattext texttype="text/html">&lt;p&gt;void blink;&lt;/p&gt;</mattext>
                </material>
              </response_label>
            </render_choice>
          </response_lid>
        </presentation>
        <resprocessing>
          <outcomes>
            <decvar maxvalue="100" minvalue="0" varname="SCORE" vartype="Decimal"/>
          </outcomes>
          <respcondition continue="Yes">
            <conditionvar>
              <other/>
            </conditionvar>
            <displayfeedback feedbacktype="Response" linkrefid="general_fb"/>
          </respcondition>
          <respcondition continue="Yes">
            <conditionvar>
              <varequal respident="response1">text2qti_choice_d7c6c40c48ec3be9485fad6a32b7d114e916748a09d8a66500eebf92152ccd75</varequal>
            </conditionvar>
            <displayfeedback feedbacktype="Response" linkrefid="text2qti_choice_d7c6c40c48ec3be9485fad6a32b7d114e916748a09d8a66500eebf92152ccd75_fb"/>
          </respcondition>
          <respcondition continue="No">
            <conditionvar>
              <varequal respident="response1">text2qti_choice_d7c6c40c48ec3be9485fad6a32b7d114e916748a09d8a66500eebf92152ccd75</varequal>
            </conditionvar>
            <setvar action="Set" varname="SCORE">100</setvar>
          </respcondition>
        </resprocessing>
        <itemfeedback ident="general_fb">
          <flow_mat>
            <material>
              <mattext texttype="text/html">&lt;p&gt;In Arduino, the return type comes first.&lt;/p&gt;</mattext>
            </material>
          </flow_mat>
        </itemfeedback>
        <itemfeedback ident="text2qti_choice_d7c6c40c48ec3be9485fad6a32b7d114e916748a09d8a66500eebf92152ccd75_fb">
          <flow_mat>
            <material>
              <mattext texttype="text/html">&lt;p&gt;&lt;code&gt;void&lt;/code&gt; indicates no return value.&lt;/p&gt;</mattext>
            </material>
          </flow_mat>
        </itemfeedback>
      </item>
    </section>
  </assessment>
</questestinterop>
