<?xml version="1.0" encoding="UTF-8"?>
<questestinterop xmlns="http://www.imsglobal.org/xsd/ims_qtiasiv1p2" xmlns:xsi="http://www.w3.org/2001/XMLSchema-instance" xsi:schemaLocation="http://www.imsglobal.org/xsd/ims_qtiasiv1p2 http://www.imsglobal.org/xsd/ims_qtiasiv1p2p1.xsd">
  <assessment ident="text2qti_assessment_15256de0830c37a2a95178c39283f3a9edc2259cbef1afb5ffcb38ee48d000cf" title="Intro To 3D Printing">
    <qtimetadata>
      <qtimetadatafield>
        <fieldlabel>cc_maxattempts</fieldlabel>
        <fieldentry>1</fieldentry>
      </qtimetadatafield>
    </qtimetadata>
    <section ident="root_section">
      <item ident="text2qti_question_59a5a89526c89c55a43a9f346e9b5167166d96f64b43cc00f07e820e81b9e892" title="Question">
        <itemmetadata>
          <qtimetadata>
            <qtimetadatafield>
              <fieldlabel>question_type</fieldlabel>
              <fieldentry>multiple_choice_question</fieldentry>
            </qtimetadatafield>
            <qtimetadatafield>
              <fieldlabel>points_possible</fieldlabel>
              <fieldentry>1</fieldentry>
            </qtimetadatafield>
            <qtimetadatafield>
              <fieldlabel>original_answer_ids</fieldlabel>
              <fieldentry>text2qti_choice_2500488c55b7a7b30331de9e9558d3df4123c07f029a91e928b28b5f798ca29e,text2qti_choice_5b2c6cd05171ee48414bc709f3a1e31ce0fc19992035aada104cd4680c43dc08,text2qti_choice_ee2baa7893a35539eeb9c285efa54023b5d492cfda437101df9616999f834db8</fieldentry>
            </qtimetadatafield>
            <qtimetadatafield>
              <fieldlabel>assessment_question_identifierref</fieldlabel>
              <fieldentry>text2qti_question_ref_59a5a89526c89c55a43a9f346e9b5167166d96f64b43cc00f07e820e81b9e892</fieldentry>
            </qtimetadatafield>
          </qtimetadata>
        </itemmetadata>
        <presentation>
          <material>
            <mattext texttype="text/html">&lt;p&gt;Which 3D printing technology extrudes melted filament through a nozzle?&lt;/p&gt;</mattext>
          </material>
          <response_lid ident="response1" rcardinality="Single">
            <render_choice>
              <response_label ident="text2qti_choice_2500488c55b7a7b30331de9e9558d3df4123c07f029a91e928b28b5f798ca29e">
                <material>
                  <mattext texttype="text/html">&lt;p&gt;FDM&lt;/p&gt;</mattext>
                </material>
              </response_label>
              <response_label ident="text2qti_choice_5b2c6cd05171ee48414bc709f3a1e31ce0fc19992035aada104cd4680c43dc08">
                <material>
                  <mattext texttype="text/html">&lt;p&gt;SLA&lt;/p&gt;</mattext>
                </material>
              </response_label>
              <response_label ident="text2qti_choice_ee2baa7893a35539eeb9c285efa54023b5d492cfda437101df9616999f834db8">
                <material>
                  <mattext texttype="text/html">&lt;p&gt;SLS&lt;/p&gt;</mattext>
                </material>
              </response_label>
            </render_choice>
          </response_lid>
        </presentation>
        <resprocessing>
          <outcomes>
            <decvar maxvalue="100" minvalue="0" varname="SCORE" vartype="Decimal"/>
          </outcomes>
          <respcondition continue="Yes">
            <conditionvar>
              <varequal respident="response1">text2qti_choice_2500488c55b7a7b30331de9e9558d3df4123c07f029a91e928b28b5f798ca29e</varequal>
            </conditionvar>
            <displayfeedback feedbacktype="Response" linkrefid="text2qti_choice_2500488c55b7a7b30331de9e9558d3df4123c07f029a91e928b28b5f798ca29e_fb"/>
          </respcondition>
          <respcondition continue="No">
            <conditionvar>
              <varequal respident="response1">text2qti_choice_2500488c55b7a7b30331de9e9558d3df4123c07f029a91e928b28b5f798ca29e</varequal>
            </conditionvar>
            <setvar action="Set" varname="SCORE">100</setvar>
          </respcondition>
        </resprocessing>
        <itemfeedback ident="text2qti_choice_2500488c55b7a7b30331de9e9558d3df4123c07f029a91e928b28b5f798ca29e_fb">
          <flow_mat>
            <material>
              <mattext texttype="text/html">&lt;p&gt;Correct. FDM printers melt and extrude filament layer by layer.&lt;/p&gt;</mattext>
            </material>
          </flow_mat>
        </itemfeedback>
      </item>
      <item ident="text2qti_question_a815c24c6685465ec1816964884674dbf2f35a0e197b152a49be767300b7f648" title="Question">
        <itemmetadata>
          <qtimetadata>
            <qtimetadatafield>
              <fieldlabel>question_type</fieldlabel>
              <fieldentry>multiple_choice_question</fieldentry>
            </qtimetadatafield>
            <qtimetadatafield>
              <fieldlabel>points_possible</fieldlabel>
              <fieldentry>1</fieldentry>
            </qtimetadatafield>
            <qtimetadatafield>
              <fieldlabel>original_answer_ids</fieldlabel>
              <fieldentry>text2qti_choice_5c882f2c327cd07735d68b5ea1034a64a10108151f7943cc28e2b5a4d607f807,text2qti_choice_ac389a7361cce4e28641da5cec6496afe520fff27bd46aa8311e0b6dd197d692,text2qti_choice_52ff882deceac0f5396f226630252e20c242c9cc1869013ea573a1398544b7e2</fieldentry>
            </qtimetadatafield>
            <qtimetadatafield>
              <fieldlabel>assessment_question_identifierref</fieldlabel>
              <fieldentry>text2qti_question_ref_a815c24c6685465ec1816964884674dbf2f35a0e197b152a49be767300b7f648</fieldentry>
            </qtimetadatafield>
          </qtimetadata>
        </itemmetadata>
        <presentation>
          <material>
            <mattext texttype="text/html">&lt;p&gt;For a part with many small overhangs and no need for support material, which printer type is most suitable?&lt;/p&gt;</mattext>
          </material>
          <response_lid ident="response1" rcardinality="Single">
            <render_choice>
              <response_label ident="text2qti_choice_5c882f2c327cd07735d68b5ea1034a64a10108151f7943cc28e2b5a4d607f807">
                <material>
                  <mattext texttype="text/html">&lt;p&gt;FDM&lt;/p&gt;</mattext>
                </material>
              </response_label>
              <response_label ident="text2qti_choice_ac389a7361cce4e28641da5cec6496afe520fff27bd46aa8311e0b6dd197d692">
                <material>
                  <mattext texttype="text/html">&lt;p&gt;SLA&lt;/p&gt;</mattext>
                </material>
              </response_label>
              <response_label ident="text2qti_choice_52ff882deceac0f5396f226630252e20c242c9cc1869013ea573a1398544b7e2">
                <material>
                  <mattext texttype="text/html">&lt;p&gt;SLS&lt;/p&gt;</mattext>
                </material>
              </response_label>
            </render_choice>
          </response_lid>
        </presentation>
        <resprocessing>
          <outcomes>
            <decvar maxvalue="100" minvalue="0" varname="SCORE" vartype="Decimal"/>
          </outcomes>
          <respcondition continue="Yes">
            <conditionvar>
              <varequal respident="response1">text2qti_choice_52ff882deceac0f5396f226630252e20c242c9cc1869013ea573a1398544b7e2</varequal>
            </conditionvar>
            <displayfeedback feedbacktype="Response" linkrefid="text2qti_choice_52ff882deceac0f5396f226630252e20c242c9cc1869013ea573a1398544b7e2_fb"/>
          </respcondition>
          <respcondition continue="No">
            <conditionvar>
              <varequal respident="response1">text2qti_choice_52ff882deceac0f5396f226630252e20c242c9cc1869013ea573a1398544b7e2</varequal>
            </conditionvar>
            <setvar action="Set" varname="SCORE">100</setvar>
          </respcondition>
        </resprocessing>
        <itemfeedback ident="text2qti_choice_52ff882deceac0f5396f226630252e20c242c9cc1869013ea573a1398544b7e2_fb">
          <flow_mat>
            <material>
              <mattext texttype="text/html">&lt;p&gt;SLS fuses powder and doesn&amp;rsquo;t require supports, making it ideal for complex geometries.&lt;/p&gt;</mattext>
            </material>
          </flow_mat>
        </itemfeedback>
      </item>
      <item ident="text2qti_question_713e4ee11f75974ebf574ff9b6e3e80623952f384a5099c125cbed60773e51e9" title="Question">
        <itemmetadata>
          <qtimetadata>
            <qtimetadatafield>
              <fieldlabel>question_type</fieldlabel>
              <fieldentry>multiple_choice_question</fieldentry>
            </qtimetadatafield>
            <qtimetadatafield>
              <fieldlabel>points_possible</fieldlabel>
              <fieldentry>1</fieldentry>
            </qtimetadatafield>
            <qtimetadatafield>
              <fieldlabel>original_answer_ids</fieldlabel>
              <fieldentry>text2qti_choice_889ffc132950f6c88b545c0b634bee6af7e55d0f0773ba6af182bd0115e30901,text2qti_choice_2eacfb2438c141d26f4f2639d03b24a0eacd39d414afcb2ac36f1e63be3834bd,text2qti_choice_6c8aa88581fdb08719d356aa27fda03923ddabf397859584f7092d823cfa2f6e</fieldentry>
            </qtimetadatafield>
            <qtimetadatafield>
              <fieldlabel>assessment_question_identifierref</fieldlabel>
              <fieldentry>text2qti_question_ref_713e4ee11f75974ebf574ff9b6e3e80623952f384a5099c125cbed60773e51e9</fieldentry>
            </qtimetadatafield>
          </qtimetadata>
        </itemmetadata>
        <presentation>
          <material>
            <mattext texttype="text/html">&lt;p&gt;You need a dental model with a very smooth surface finish. Which technology should you choose and why?&lt;/p&gt;</mattext>
          </material>
          <response_lid ident="response1" rcardinality="Single">
            <render_choice>
              <response_label ident="text2qti_choice_889ffc132950f6c88b545c0b634bee6af7e55d0f0773ba6af182bd0115e30901">
                <material>
                  <mattext texttype="text/html">&lt;p&gt;FDM&lt;/p&gt;</mattext>
                </material>
              </response_label>
              <response_label ident="text2qti_choice_2eacfb2438c141d26f4f2639d03b24a0eacd39d414afcb2ac36f1e63be3834bd">
                <material>
                  <mattext texttype="text/html">&lt;p&gt;SLA&lt;/p&gt;</mattext>
                </material>
              </response_label>
              <response_label ident="text2qti_choice_6c8aa88581fdb08719d356aa27fda03923ddabf397859584f7092d823cfa2f6e">
                <material>
                  <mattext texttype="text/html">&lt;p&gt;SLS&lt;/p&gt;</mattext>
                </material>
              </response_label>
            </render_choice>
          </response_lid>
        </presentation>
        <resprocessing>
          <outcomes>
            <decvar maxvalue="100" minvalue="0" varname="SCORE" vartype="Decimal"/>
          </outcomes>
          <respcondition continue="Yes">
            <conditionvar>
              <varequal respident="response1">text2qti_choice_2eacfb2438c141d26f4f2639d03b24a0eacd39d414afcb2ac36f1e63be3834bd</varequal>
            </conditionvar>
            <displayfeedback feedbacktype="Response" linkrefid="text2qti_choice_2eacfb2438c141d26f4f2639d03b24a0eacd39d414afcb2ac36f1e63be3834bd_fb"/>
          </respcondition>
          <respcondition continue="No">
            <conditionvar>
              <varequal respident="response1">text2qti_choice_2eacfb2438c141d26f4f2639d03b24a0eacd39d414afcb2ac36f1e63be3834bd</varequal>
            </conditionvar>
            <setvar action="Set" varname="SCORE">100</setvar>
          </respcondition>
        </resprocessing>
        <itemfeedback ident="text2qti_choice_2eacfb2438c141d26f4f2639d03b24a0eacd39d414afcb2ac36f1e63be3834bd_fb">
          <flow_mat>
            <material>
              <mattext texttype="text/html">&lt;p&gt;SLA&amp;rsquo;s laser-cured resin yields high-resolution prints with smooth surfaces, perfect for detailed dental models.&lt;/p&gt;</mattext>
            </material>
          </flow_mat>
        </itemfeedback>
      </item>
      <item ident="text2qti_question_b4cd2a848e4601c1277505fb3db4a7a4fe804d6fcd064fb8d65e001dfd257078" title="Question">
        <itemmetadata>
          <qtimetadata>
            <qtimetadatafield>
              <fieldlabel>question_type</fieldlabel>
              <fieldentry>multiple_choice_question</fieldentry>
            </qtimetadatafield>
            <qtimetadatafield>
              <fieldlabel>points_possible</fieldlabel>
              <fieldentry>1</fieldentry>
            </qtimetadatafield>
            <qtimetadatafield>
              <fieldlabel>original_answer_ids</fieldlabel>
              <fieldentry>text2qti_choice_4b029f595ae6502cb74b31b3879c434aabc400cf1bd12ce533b7f9fb3745e1dc,text2qti_choice_c0dca3ac489b98d75c3ceeabff4b96a4ba27f6ac542b7b4e486550f8694a2b9a,text2qti_choice_6af54e7fe4a1fa3de1d50b7136161600e09bb53e6dc90aa532dd740fe538b294</fieldentry>
            </qtimetadatafield>
            <qtimetadatafield>
              <fieldlabel>assessment_question_identifierref</fieldlabel>
              <fieldentry>text2qti_question_ref_b4cd2a848e4601c1277505fb3db4a7a4fe804d6fcd064fb8d65e001dfd257078</fieldentry>
            </qtimetadatafield>
          </qtimetadata>
        </itemmetadata>
        <presentation>
          <material>
            <mattext texttype="text/html">&lt;p&gt;What is a key advantage of additive manufacturing over subtractive methods?&lt;/p&gt;</mattext>
          </material>
          <response_lid ident="response1" rcardinality="Single">
            <render_choice>
              <response_label ident="text2qti_choice_4b029f595ae6502cb74b31b3879c434aabc400cf1bd12ce533b7f9fb3745e1dc">
                <material>
                  <mattext texttype="text/html">&lt;p&gt;Reduced material waste&lt;/p&gt;</mattext>
                </material>
              </response_label>
              <response_label ident="text2qti_choice_c0dca3ac489b98d75c3ceeabff4b96a4ba27f6ac542b7b4e486550f8694a2b9a">
                <material>
                  <mattext texttype="text/html">&lt;p&gt;Faster machining speeds&lt;/p&gt;</mattext>
                </material>
              </response_label>
              <response_label ident="text2qti_choice_6af54e7fe4a1fa3de1d50b7136161600e09bb53e6dc90aa532dd740fe538b294">
                <material>
                  <mattext texttype="text/html">&lt;p&gt;Easier material removal&lt;/p&gt;</mattext>
                </material>
              </response_label>
            </render_choice>
          </response_lid>
        </presentation>
        <resprocessing>
          <outcomes>
            <decvar maxvalue="100" minvalue="0" varname="SCORE" vartype="Decimal"/>
          </outcomes>
          <respcondition continue="Yes">
            <conditionvar>
              <varequal respident="response1">text2qti_choice_4b029f595ae6502cb74b31b3879c434aabc400cf1bd12ce533b7f9fb3745e1dc</varequal>
            </conditionvar>
            <displayfeedback feedbacktype="Response" linkrefid="text2qti_choice_4b029f595ae6502cb74b31b3879c434aabc400cf1bd12ce533b7f9fb3745e1dc_fb"/>
          </respcondition>
          <respcondition continue="No">
            <conditionvar>
              <varequal respident="response1">text2qti_choice_4b029f595ae6502cb74b31b3879c434aabc400cf1bd12ce533b7f9fb3745e1dc</varequal>
            </conditionvar>
            <setvar action="Set" varname="SCORE">100</setvar>
          </respcondition>
        </resprocessing>
        <itemfeedback ident="text2qti_choice_4b029f595ae6502cb74b31b3879c434aabc400cf1bd12ce533b7f9fb3745e1dc_fb">
          <flow_mat>
            <material>
              <mattext texttype="text/html">&lt;p&gt;Additive manufacturing builds objects layer by layer, minimizing scrap.&lt;/p&gt;</mattext>
            </material>
          </flow_mat>
        </itemfeedback>
      </item>
      <item ident="text2qti_question_bd808de85a4115e3428198919348ee29faa4d0292057fec89aad26547edb01f5" title="Question">
        <itemmetadata>
          <qtimetadata>
            <qtimetadatafield>
              <fieldlabel>question_type</fieldlabel>
              <fieldentry>multiple_choice_question</fieldentry>
            </qtimetadatafield>
            <qtimetadatafield>
              <fieldlabel>points_possible</fieldlabel>
              <fieldentry>1</fieldentry>
            </qtimetadatafield>
            <qtimetadatafield>
              <fieldlabel>original_answer_ids</fieldlabel>
              <fieldentry>text2qti_choice_24a00677ce820f827a8027a70387cdb019b6f0b54f354ffea4902b02da11f264,text2qti_choice_64b008bee861188f1a5e552a0ec91ec8bbd8f6915d203fe093fb365c01991e7c,text2qti_choice_92caeed968427b4eb5a4930c428a02964394f868b4092e34367a88872b184879</fieldentry>
            </qtimetadatafield>
            <qtimetadatafield>
              <fieldlabel>assessment_question_identifierref</fieldlabel>
              <fieldentry>text2qti_question_ref_bd808de85a4115e3428198919348ee29faa4d0292057fec89aad26547edb01f5</fieldentry>
            </qtimetadatafield>
          </qtimetadata>
        </itemmetadata>
        <presentation>
          <material>
            <mattext texttype="text/html">&lt;p&gt;Which component ensures precise positioning of the printer&amp;rsquo;s axes?&lt;/p&gt;</mattext>
          </material>
          <response_lid ident="response1" rcardinality="Single">
            <render_choice>
              <response_label ident="text2qti_choice_24a00677ce820f827a8027a70387cdb019b6f0b54f354ffea4902b02da11f264">
                <material>
                  <mattext texttype="text/html">&lt;p&gt;Hotend&lt;/p&gt;</mattext>
                </material>
              </response_label>
              <response_label ident="text2qti_choice_64b008bee861188f1a5e552a0ec91ec8bbd8f6915d203fe093fb365c01991e7c">
                <material>
                  <mattext texttype="text/html">&lt;p&gt;Stepper motors&lt;/p&gt;</mattext>
                </material>
              </response_label>
              <response_label ident="text2qti_choice_92caeed968427b4eb5a4930c428a02964394f868b4092e34367a88872b184879">
                <material>
                  <mattext texttype="text/html">&lt;p&gt;Cooling fans&lt;/p&gt;</mattext>
                </material>
              </response_label>
            </render_choice>
          </response_lid>
        </presentation>
        <resprocessing>
          <outcomes>
            <decvar maxvalue="100" minvalue="0" varname="SCORE" vartype="Decimal"/>
          </outcomes>
          <respcondition continue="Yes">
            <conditionvar>
              <varequal respident="response1">text2qti_choice_64b008bee861188f1a5e552a0ec91ec8bbd8f6915d203fe093fb365c01991e7c</varequal>
            </conditionvar>
            <displayfeedback feedbacktype="Response" linkrefid="text2qti_choice_64b008bee861188f1a5e552a0ec91ec8bbd8f6915d203fe093fb365c01991e7c_fb"/>
          </respcondition>
          <respcondition continue="No">
            <conditionvar>
              <varequal respident="response1">text2qti_choice_64b008bee861188f1a5e552a0ec91ec8bbd8f6915d203fe093fb365c01991e7c</varequal>
            </conditionvar>
            <setvar action="Set" varname="SCORE">100</setvar>
          </respcondition>
        </resprocessing>
        <itemfeedback ident="text2qti_choice_64b008bee861188f1a5e552a0ec91ec8bbd8f6915d203fe093fb365c01991e7c_fb">
          <flow_mat>
            <material>
              <mattext texttype="text/html">&lt;p&gt;Stepper motors move the axes and extruder with precision.&lt;/p&gt;</mattext>
            </material>
          </flow_mat>
        </itemfeedback>
      </item>
      <item ident="text2qti_question_34b94d37a96d39860df02ae827a7ec32f1efcf8d1a350294d8624ab101819f05" title="Question">
        <itemmetadata>
          <qtimetadata>
            <qtimetadatafield>
              <fieldlabel>question_type</fieldlabel>
              <fieldentry>multiple_choice_question</fieldentry>
            </qtimetadatafield>
            <qtimetadatafield>
              <fieldlabel>points_possible</fieldlabel>
              <fieldentry>1</fieldentry>
            </qtimetadatafield>
            <qtimetadatafield>
              <fieldlabel>original_answer_ids</fieldlabel>
              <fieldentry>text2qti_choice_1906372cb04dd4620f52513a36cac69c8ed5862596e3e65b4ed46af0ee9f34ad,text2qti_choice_9bb4a88c431172679e8372a7b46c7f7ee3407af782dca5a4f23c5def0d0ad03c,text2qti_choice_aa6426da538f2f9f25a71eb786ab6191ff89cbe98d52bc48ba9c59e9789b5b8d</fieldentry>
            </qtimetadatafield>
            <qtimetadatafield>
              <fieldlabel>assessment_question_identifierref</fieldlabel>
              <fieldentry>text2qti_question_ref_34b94d37a96d39860df02ae827a7ec32f1efcf8d1a350294d8624ab101819f05</fieldentry>
            </qtimetadatafield>
          </qtimetadata>
        </itemmetadata>
        <presentation>
          <material>
            <mattext texttype="text/html">&lt;p&gt;During the basic operation cycle, which step converts a 3D model into G-code?&lt;/p&gt;</mattext>
          </material>
          <response_lid ident="response1" rcardinality="Single">
            <render_choice>
              <response_label ident="text2qti_choice_1906372cb04dd4620f52513a36cac69c8ed5862596e3e65b4ed46af0ee9f34ad">
                <material>
                  <mattext texttype="text/html">&lt;p&gt;Printing&lt;/p&gt;</mattext>
                </material>
              </response_label>
              <response_label ident="text2qti_choice_9bb4a88c431172679e8372a7b46c7f7ee3407af782dca5a4f23c5def0d0ad03c">
                <material>
                  <mattext texttype="text/html">&lt;p&gt;Slicing&lt;/p&gt;</mattext>
                </material>
              </response_label>
              <response_label ident="text2qti_choice_aa6426da538f2f9f25a71eb786ab6191ff89cbe98d52bc48ba9c59e9789b5b8d">
                <material>
                  <mattext texttype="text/html">&lt;p&gt;Post-processing&lt;/p&gt;</mattext>
                </material>
              </response_label>
            </render_choice>
          </response_lid>
        </presentation>
        <resprocessing>
          <outcomes>
            <decvar maxvalue="100" minvalue="0" varname="SCORE" vartype="Decimal"/>
          </outcomes>
          <respcondition continue="Yes">
            <conditionvar>
              <varequal respident="response1">text2qti_choice_9bb4a88c431172679e8372a7b46c7f7ee3407af782dca5a4f23c5def0d0ad03c</varequal>
            </conditionvar>
            <displayfeedback feedbacktype="Response" linkrefid="text2qti_choice_9bb4a88c431172679e8372a7b46c7f7ee3407af782dca5a4f23c5def0d0ad03c_fb"/>
          </respcondition>
          <respcondition continue="No">
            <conditionvar>
              <varequal respident="response1">text2qti_choice_9bb4a88c431172679e8372a7b46c7f7ee3407af782dca5a4f23c5def0d0ad03c</varequal>
            </conditionvar>
            <setvar action="Set" varname="SCORE">100</setvar>
          </respcondition>
        </resprocessing>
        <itemfeedback ident="text2qti_choice_9bb4a88c431172679e8372a7b46c7f7ee3407af782dca5a4f23c5def0d0ad03c_fb">
          <flow_mat>
            <material>
              <mattext texttype="text/html">&lt;p&gt;Slicing translates the model into layer-by-layer instructions.&lt;/p&gt;</mattext>
            </material>
          </flow_mat>
        </itemfeedback>
      </item>
      <item ident="text2qti_question_77ffca1c958c8f449aafd7fc50cfc30c4a0ae54fdff28681c47d940f81f30308" title="Question">
        <itemmetadata>
          <qtimetadata>
            <qtimetadatafield>
              <fieldlabel>question_type</fieldlabel>
              <fieldentry>multiple_choice_question</fieldentry>
            </qtimetadatafield>
            <qtimetadatafield>
              <fieldlabel>points_possible</fieldlabel>
              <fieldentry>1</fieldentry>
            </qtimetadatafield>
            <qtimetadatafield>
              <fieldlabel>original_answer_ids</fieldlabel>
              <fieldentry>text2qti_choice_934fef4bf300c12d627abc2f1fd7aae303ced2b71455b0da81d1be6da52dbf80,text2qti_choice_a62707c37bfac2bba698ae42151477d22c6ad45e7fa9da29e244ff5cb117f568,text2qti_choice_1238103ea24d83b1d21d92643a4fbd528ba79493b5e3a1f3167a550e1de80d5a</fieldentry>
            </qtimetadatafield>
            <qtimetadatafield>
              <fieldlabel>assessment_question_identifierref</fieldlabel>
              <fieldentry>text2qti_question_ref_77ffca1c958c8f449aafd7fc50cfc30c4a0ae54fdff28681c47d940f81f30308</fieldentry>
            </qtimetadatafield>
          </qtimetadata>
        </itemmetadata>
        <presentation>
          <material>
            <mattext texttype="text/html">&lt;p&gt;Why are FDM printers a good fit for educational environments like USF?&lt;/p&gt;</mattext>
          </material>
          <response_lid ident="response1" rcardinality="Single">
            <render_choice>
              <response_label ident="text2qti_choice_934fef4bf300c12d627abc2f1fd7aae303ced2b71455b0da81d1be6da52dbf80">
                <material>
                  <mattext texttype="text/html">&lt;p&gt;They require hazardous materials&lt;/p&gt;</mattext>
                </material>
              </response_label>
              <response_label ident="text2qti_choice_a62707c37bfac2bba698ae42151477d22c6ad45e7fa9da29e244ff5cb117f568">
                <material>
                  <mattext texttype="text/html">&lt;p&gt;They are reliable, affordable, and easy to use&lt;/p&gt;</mattext>
                </material>
              </response_label>
              <response_label ident="text2qti_choice_1238103ea24d83b1d21d92643a4fbd528ba79493b5e3a1f3167a550e1de80d5a">
                <material>
                  <mattext texttype="text/html">&lt;p&gt;They produce the highest-resolution prints&lt;/p&gt;</mattext>
                </material>
              </response_label>
            </render_choice>
          </response_lid>
        </presentation>
        <resprocessing>
          <outcomes>
            <decvar maxvalue="100" minvalue="0" varname="SCORE" vartype="Decimal"/>
          </outcomes>
          <respcondition continue="Yes">
            <conditionvar>
              <varequal respident="response1">text2qti_choice_a62707c37bfac2bba698ae42151477d22c6ad45e7fa9da29e244ff5cb117f568</varequal>
            </conditionvar>
            <displayfeedback feedbacktype="Response" linkrefid="text2qti_choice_a62707c37bfac2bba698ae42151477d22c6ad45e7fa9da29e244ff5cb117f568_fb"/>
          </respcondition>
          <respcondition continue="No">
            <conditionvar>
              <varequal respident="response1">text2qti_choice_a62707c37bfac2bba698ae42151477d22c6ad45e7fa9da29e244ff5cb117f568</varequal>
            </conditionvar>
            <setvar action="Set" varname="SCORE">100</setvar>
          </respcondition>
        </resprocessing>
        <itemfeedback ident="text2qti_choice_a62707c37bfac2bba698ae42151477d22c6ad45e7fa9da29e244ff5cb117f568_fb">
          <flow_mat>
            <material>
              <mattext texttype="text/html">&lt;p&gt;These traits make FDM printers accessible for students while teaching core concepts.&lt;/p&gt;</mattext>
            </material>
          </flow_mat>
        </itemfeedback>
      </item>
    </section>
  </assessment>
</questestinterop>
