<?xml version="1.0" encoding="UTF-8"?>
<questestinterop xmlns="http://www.imsglobal.org/xsd/ims_qtiasiv1p2" xmlns:xsi="http://www.w3.org/2001/XMLSchema-instance" xsi:schemaLocation="http://www.imsglobal.org/xsd/ims_qtiasiv1p2 http://www.imsglobal.org/xsd/ims_qtiasiv1p2p1.xsd">
  <assessment ident="text2qti_assessment_3b3beb1a5c5181cbd49e6288cf7e37af9fb83d74bbe91dd5d345642b701298a1" title="Design For Printing">
    <qtimetadata>
      <qtimetadatafield>
        <fieldlabel>cc_maxattempts</fieldlabel>
        <fieldentry>1</fieldentry>
      </qtimetadatafield>
    </qtimetadata>
    <section ident="root_section">
      <item ident="text2qti_question_b084a07967e0055b5aa8422d11df247dc143994b54c4c020d2313bfca1b45e26" title="Question">
        <itemmetadata>
          <qtimetadata>
            <qtimetadatafield>
              <fieldlabel>question_type</fieldlabel>
              <fieldentry>multiple_choice_question</fieldentry>
            </qtimetadatafield>
            <qtimetadatafield>
              <fieldlabel>points_possible</fieldlabel>
              <fieldentry>1</fieldentry>
            </qtimetadatafield>
            <qtimetadatafield>
              <fieldlabel>original_answer_ids</fieldlabel>
              <fieldentry>text2qti_choice_22940ed8fb44309b52438bc84b8217951c9de788bd5a308cea7d2123a5f71aca,text2qti_choice_0c4bdc4ab4aca4be754b5dddfb42804fc6610ca0e6bd4d18dcb306c78a7f8f48,text2qti_choice_ab8a5c26f7311d45d9153a8411a82c633385afc1ecb18ca13ee7145d68b06b92</fieldentry>
            </qtimetadatafield>
            <qtimetadatafield>
              <fieldlabel>assessment_question_identifierref</fieldlabel>
              <fieldentry>text2qti_question_ref_b084a07967e0055b5aa8422d11df247dc143994b54c4c020d2313bfca1b45e26</fieldentry>
            </qtimetadatafield>
          </qtimetadata>
        </itemmetadata>
        <presentation>
          <material>
            <mattext texttype="text/html">&lt;p&gt;Which file format supports color and texture information?&lt;/p&gt;</mattext>
          </material>
          <response_lid ident="response1" rcardinality="Single">
            <render_choice>
              <response_label ident="text2qti_choice_22940ed8fb44309b52438bc84b8217951c9de788bd5a308cea7d2123a5f71aca">
                <material>
                  <mattext texttype="text/html">&lt;p&gt;STL&lt;/p&gt;</mattext>
                </material>
              </response_label>
              <response_label ident="text2qti_choice_0c4bdc4ab4aca4be754b5dddfb42804fc6610ca0e6bd4d18dcb306c78a7f8f48">
                <material>
                  <mattext texttype="text/html">&lt;p&gt;OBJ&lt;/p&gt;</mattext>
                </material>
              </response_label>
              <response_label ident="text2qti_choice_ab8a5c26f7311d45d9153a8411a82c633385afc1ecb18ca13ee7145d68b06b92">
                <material>
                  <mattext texttype="text/html">&lt;p&gt;STEP&lt;/p&gt;</mattext>
                </material>
              </response_label>
            </render_choice>
          </response_lid>
        </presentation>
        <resprocessing>
          <outcomes>
            <decvar maxvalue="100" minvalue="0" varname="SCORE" vartype="Decimal"/>
          </outcomes>
          <respcondition continue="Yes">
            <conditionvar>
              <varequal respident="response1">text2qti_choice_0c4bdc4ab4aca4be754b5dddfb42804fc6610ca0e6bd4d18dcb306c78a7f8f48</varequal>
            </conditionvar>
            <displayfeedback feedbacktype="Response" linkrefid="text2qti_choice_0c4bdc4ab4aca4be754b5dddfb42804fc6610ca0e6bd4d18dcb306c78a7f8f48_fb"/>
          </respcondition>
          <respcondition continue="No">
            <conditionvar>
              <varequal respident="response1">text2qti_choice_0c4bdc4ab4aca4be754b5dddfb42804fc6610ca0e6bd4d18dcb306c78a7f8f48</varequal>
            </conditionvar>
            <setvar action="Set" varname="SCORE">100</setvar>
          </respcondition>
        </resprocessing>
        <itemfeedback ident="text2qti_choice_0c4bdc4ab4aca4be754b5dddfb42804fc6610ca0e6bd4d18dcb306c78a7f8f48_fb">
          <flow_mat>
            <material>
              <mattext texttype="text/html">&lt;p&gt;OBJ files can include color and texture data.&lt;/p&gt;</mattext>
            </material>
          </flow_mat>
        </itemfeedback>
      </item>
      <item ident="text2qti_question_1d06aa4d2962100c7c782cf6d4d14d9530a76b88b539e8c38de4065d33e8a16e" title="Question">
        <itemmetadata>
          <qtimetadata>
            <qtimetadatafield>
              <fieldlabel>question_type</fieldlabel>
              <fieldentry>multiple_choice_question</fieldentry>
            </qtimetadatafield>
            <qtimetadatafield>
              <fieldlabel>points_possible</fieldlabel>
              <fieldentry>1</fieldentry>
            </qtimetadatafield>
            <qtimetadatafield>
              <fieldlabel>original_answer_ids</fieldlabel>
              <fieldentry>text2qti_choice_03d2a0cef049144f0d447bd0fee757a511ba1d1fa17d2ccf68c7351f6e3f2ae3,text2qti_choice_5f40f48772ce75b9b69af0f5aff288406f9b3c679f5c885c054a58129fa987cc,text2qti_choice_91dbd9b97ef980aad0b240bd71f80527e6b9a696b3bca45aa09d27ec06947554</fieldentry>
            </qtimetadatafield>
            <qtimetadatafield>
              <fieldlabel>assessment_question_identifierref</fieldlabel>
              <fieldentry>text2qti_question_ref_1d06aa4d2962100c7c782cf6d4d14d9530a76b88b539e8c38de4065d33e8a16e</fieldentry>
            </qtimetadatafield>
          </qtimetadata>
        </itemmetadata>
        <presentation>
          <material>
            <mattext texttype="text/html">&lt;p&gt;You want to share a complex assembly with another CAD program while keeping precise geometry. Which format should you use?&lt;/p&gt;</mattext>
          </material>
          <response_lid ident="response1" rcardinality="Single">
            <render_choice>
              <response_label ident="text2qti_choice_03d2a0cef049144f0d447bd0fee757a511ba1d1fa17d2ccf68c7351f6e3f2ae3">
                <material>
                  <mattext texttype="text/html">&lt;p&gt;STL&lt;/p&gt;</mattext>
                </material>
              </response_label>
              <response_label ident="text2qti_choice_5f40f48772ce75b9b69af0f5aff288406f9b3c679f5c885c054a58129fa987cc">
                <material>
                  <mattext texttype="text/html">&lt;p&gt;STEP&lt;/p&gt;</mattext>
                </material>
              </response_label>
              <response_label ident="text2qti_choice_91dbd9b97ef980aad0b240bd71f80527e6b9a696b3bca45aa09d27ec06947554">
                <material>
                  <mattext texttype="text/html">&lt;p&gt;OBJ&lt;/p&gt;</mattext>
                </material>
              </response_label>
            </render_choice>
          </response_lid>
        </presentation>
        <resprocessing>
          <outcomes>
            <decvar maxvalue="100" minvalue="0" varname="SCORE" vartype="Decimal"/>
          </outcomes>
          <respcondition continue="Yes">
            <conditionvar>
              <varequal respident="response1">text2qti_choice_5f40f48772ce75b9b69af0f5aff288406f9b3c679f5c885c054a58129fa987cc</varequal>
            </conditionvar>
            <displayfeedback feedbacktype="Response" linkrefid="text2qti_choice_5f40f48772ce75b9b69af0f5aff288406f9b3c679f5c885c054a58129fa987cc_fb"/>
          </respcondition>
          <respcondition continue="No">
            <conditionvar>
              <varequal respident="response1">text2qti_choice_5f40f48772ce75b9b69af0f5aff288406f9b3c679f5c885c054a58129fa987cc</varequal>
            </conditionvar>
            <setvar action="Set" varname="SCORE">100</setvar>
          </respcondition>
        </resprocessing>
        <itemfeedback ident="text2qti_choice_5f40f48772ce75b9b69af0f5aff288406f9b3c679f5c885c054a58129fa987cc_fb">
          <flow_mat>
            <material>
              <mattext texttype="text/html">&lt;p&gt;STEP preserves detailed geometry and assembly information for CAD tools.&lt;/p&gt;</mattext>
            </material>
          </flow_mat>
        </itemfeedback>
      </item>
      <item ident="text2qti_question_8a18e268cff2aa0efe6e9c821b30471a0fdd8b7d44d75739199a7c05235a953b" title="Question">
        <itemmetadata>
          <qtimetadata>
            <qtimetadatafield>
              <fieldlabel>question_type</fieldlabel>
              <fieldentry>multiple_choice_question</fieldentry>
            </qtimetadatafield>
            <qtimetadatafield>
              <fieldlabel>points_possible</fieldlabel>
              <fieldentry>1</fieldentry>
            </qtimetadatafield>
            <qtimetadatafield>
              <fieldlabel>original_answer_ids</fieldlabel>
              <fieldentry>text2qti_choice_0251420ecd9a79ab2152131656ae8b2b406513abce6545eeadaada2e583fe837,text2qti_choice_86d6dff117086caef51761c3d11470d2a817dc18ea83047be915656cf381f1b3,text2qti_choice_dab2e8f327bbd5dc713597215ae3cc0022fe7393f0b9f9c50f6433ce97ba4f0f</fieldentry>
            </qtimetadatafield>
            <qtimetadatafield>
              <fieldlabel>assessment_question_identifierref</fieldlabel>
              <fieldentry>text2qti_question_ref_8a18e268cff2aa0efe6e9c821b30471a0fdd8b7d44d75739199a7c05235a953b</fieldentry>
            </qtimetadatafield>
          </qtimetadata>
        </itemmetadata>
        <presentation>
          <material>
            <mattext texttype="text/html">&lt;p&gt;If your model needs to include material and manufacturing metadata, which file type is best?&lt;/p&gt;</mattext>
          </material>
          <response_lid ident="response1" rcardinality="Single">
            <render_choice>
              <response_label ident="text2qti_choice_0251420ecd9a79ab2152131656ae8b2b406513abce6545eeadaada2e583fe837">
                <material>
                  <mattext texttype="text/html">&lt;p&gt;STL&lt;/p&gt;</mattext>
                </material>
              </response_label>
              <response_label ident="text2qti_choice_86d6dff117086caef51761c3d11470d2a817dc18ea83047be915656cf381f1b3">
                <material>
                  <mattext texttype="text/html">&lt;p&gt;OBJ&lt;/p&gt;</mattext>
                </material>
              </response_label>
              <response_label ident="text2qti_choice_dab2e8f327bbd5dc713597215ae3cc0022fe7393f0b9f9c50f6433ce97ba4f0f">
                <material>
                  <mattext texttype="text/html">&lt;p&gt;3MF&lt;/p&gt;</mattext>
                </material>
              </response_label>
            </render_choice>
          </response_lid>
        </presentation>
        <resprocessing>
          <outcomes>
            <decvar maxvalue="100" minvalue="0" varname="SCORE" vartype="Decimal"/>
          </outcomes>
          <respcondition continue="Yes">
            <conditionvar>
              <varequal respident="response1">text2qti_choice_dab2e8f327bbd5dc713597215ae3cc0022fe7393f0b9f9c50f6433ce97ba4f0f</varequal>
            </conditionvar>
            <displayfeedback feedbacktype="Response" linkrefid="text2qti_choice_dab2e8f327bbd5dc713597215ae3cc0022fe7393f0b9f9c50f6433ce97ba4f0f_fb"/>
          </respcondition>
          <respcondition continue="No">
            <conditionvar>
              <varequal respident="response1">text2qti_choice_dab2e8f327bbd5dc713597215ae3cc0022fe7393f0b9f9c50f6433ce97ba4f0f</varequal>
            </conditionvar>
            <setvar action="Set" varname="SCORE">100</setvar>
          </respcondition>
        </resprocessing>
        <itemfeedback ident="text2qti_choice_dab2e8f327bbd5dc713597215ae3cc0022fe7393f0b9f9c50f6433ce97ba4f0f_fb">
          <flow_mat>
            <material>
              <mattext texttype="text/html">&lt;p&gt;3MF stores color, material, and other data useful for 3D printing.&lt;/p&gt;</mattext>
            </material>
          </flow_mat>
        </itemfeedback>
      </item>
      <item ident="text2qti_question_21500d7ca16c1dba32aedd82b688709bc643f65a6daa42027a1519c14a943ec6" title="Question">
        <itemmetadata>
          <qtimetadata>
            <qtimetadatafield>
              <fieldlabel>question_type</fieldlabel>
              <fieldentry>multiple_choice_question</fieldentry>
            </qtimetadatafield>
            <qtimetadatafield>
              <fieldlabel>points_possible</fieldlabel>
              <fieldentry>1</fieldentry>
            </qtimetadatafield>
            <qtimetadatafield>
              <fieldlabel>original_answer_ids</fieldlabel>
              <fieldentry>text2qti_choice_70ed9020bfd9ace8d7ba1f748a3a179183c24066f558a685055d0c0ec6dee50f,text2qti_choice_50cb6c3702923cdc8ae8e9ff4164f241dad0075f282a3ba35e7db1a3bfddeeea,text2qti_choice_ff05cde1723b19d6ad6a296501a23cd36771c86ef8106089af1171577f611097</fieldentry>
            </qtimetadatafield>
            <qtimetadatafield>
              <fieldlabel>assessment_question_identifierref</fieldlabel>
              <fieldentry>text2qti_question_ref_21500d7ca16c1dba32aedd82b688709bc643f65a6daa42027a1519c14a943ec6</fieldentry>
            </qtimetadatafield>
          </qtimetadata>
        </itemmetadata>
        <presentation>
          <material>
            <mattext texttype="text/html">&lt;p&gt;Why are overhangs below roughly 45° a problem for FDM printing?&lt;/p&gt;</mattext>
          </material>
          <response_lid ident="response1" rcardinality="Single">
            <render_choice>
              <response_label ident="text2qti_choice_70ed9020bfd9ace8d7ba1f748a3a179183c24066f558a685055d0c0ec6dee50f">
                <material>
                  <mattext texttype="text/html">&lt;p&gt;The filament can droop without support&lt;/p&gt;</mattext>
                </material>
              </response_label>
              <response_label ident="text2qti_choice_50cb6c3702923cdc8ae8e9ff4164f241dad0075f282a3ba35e7db1a3bfddeeea">
                <material>
                  <mattext texttype="text/html">&lt;p&gt;They always require more infill&lt;/p&gt;</mattext>
                </material>
              </response_label>
              <response_label ident="text2qti_choice_ff05cde1723b19d6ad6a296501a23cd36771c86ef8106089af1171577f611097">
                <material>
                  <mattext texttype="text/html">&lt;p&gt;Printers cannot move at that angle&lt;/p&gt;</mattext>
                </material>
              </response_label>
            </render_choice>
          </response_lid>
        </presentation>
        <resprocessing>
          <outcomes>
            <decvar maxvalue="100" minvalue="0" varname="SCORE" vartype="Decimal"/>
          </outcomes>
          <respcondition continue="Yes">
            <conditionvar>
              <varequal respident="response1">text2qti_choice_70ed9020bfd9ace8d7ba1f748a3a179183c24066f558a685055d0c0ec6dee50f</varequal>
            </conditionvar>
            <displayfeedback feedbacktype="Response" linkrefid="text2qti_choice_70ed9020bfd9ace8d7ba1f748a3a179183c24066f558a685055d0c0ec6dee50f_fb"/>
          </respcondition>
          <respcondition continue="No">
            <conditionvar>
              <varequal respident="response1">text2qti_choice_70ed9020bfd9ace8d7ba1f748a3a179183c24066f558a685055d0c0ec6dee50f</varequal>
            </conditionvar>
            <setvar action="Set" varname="SCORE">100</setvar>
          </respcondition>
        </resprocessing>
        <itemfeedback ident="text2qti_choice_70ed9020bfd9ace8d7ba1f748a3a179183c24066f558a685055d0c0ec6dee50f_fb">
          <flow_mat>
            <material>
              <mattext texttype="text/html">&lt;p&gt;Low-angle overhangs lack underlying material, causing sagging.&lt;/p&gt;</mattext>
            </material>
          </flow_mat>
        </itemfeedback>
      </item>
      <item ident="text2qti_question_ff24b7d8edda8fd8e19f9379a629d08dd7e9b32662893657a4ca9cfabff10434" title="Question">
        <itemmetadata>
          <qtimetadata>
            <qtimetadatafield>
              <fieldlabel>question_type</fieldlabel>
              <fieldentry>multiple_choice_question</fieldentry>
            </qtimetadatafield>
            <qtimetadatafield>
              <fieldlabel>points_possible</fieldlabel>
              <fieldentry>1</fieldentry>
            </qtimetadatafield>
            <qtimetadatafield>
              <fieldlabel>original_answer_ids</fieldlabel>
              <fieldentry>text2qti_choice_1746d4d2be53267a42e9c0d34fabd4ac5de5a2d5d4505f21ec51bac8284d11e0,text2qti_choice_2beecb026509aa75eb3b7143161ee411d17a20b47a8eecd8e1aeaa8dad6aad00,text2qti_choice_e29e5b85715b5f99f46bd01b7f49ef31b1d876a9f98f34b12f567f015236d7ac</fieldentry>
            </qtimetadatafield>
            <qtimetadatafield>
              <fieldlabel>assessment_question_identifierref</fieldlabel>
              <fieldentry>text2qti_question_ref_ff24b7d8edda8fd8e19f9379a629d08dd7e9b32662893657a4ca9cfabff10434</fieldentry>
            </qtimetadatafield>
          </qtimetadata>
        </itemmetadata>
        <presentation>
          <material>
            <mattext texttype="text/html">&lt;p&gt;If you must print a 20° overhang and want to improve the result without supports, what setting might you adjust?&lt;/p&gt;</mattext>
          </material>
          <response_lid ident="response1" rcardinality="Single">
            <render_choice>
              <response_label ident="text2qti_choice_1746d4d2be53267a42e9c0d34fabd4ac5de5a2d5d4505f21ec51bac8284d11e0">
                <material>
                  <mattext texttype="text/html">&lt;p&gt;Increase layer height&lt;/p&gt;</mattext>
                </material>
              </response_label>
              <response_label ident="text2qti_choice_2beecb026509aa75eb3b7143161ee411d17a20b47a8eecd8e1aeaa8dad6aad00">
                <material>
                  <mattext texttype="text/html">&lt;p&gt;Decrease layer height&lt;/p&gt;</mattext>
                </material>
              </response_label>
              <response_label ident="text2qti_choice_e29e5b85715b5f99f46bd01b7f49ef31b1d876a9f98f34b12f567f015236d7ac">
                <material>
                  <mattext texttype="text/html">&lt;p&gt;Remove infill&lt;/p&gt;</mattext>
                </material>
              </response_label>
            </render_choice>
          </response_lid>
        </presentation>
        <resprocessing>
          <outcomes>
            <decvar maxvalue="100" minvalue="0" varname="SCORE" vartype="Decimal"/>
          </outcomes>
          <respcondition continue="Yes">
            <conditionvar>
              <varequal respident="response1">text2qti_choice_2beecb026509aa75eb3b7143161ee411d17a20b47a8eecd8e1aeaa8dad6aad00</varequal>
            </conditionvar>
            <displayfeedback feedbacktype="Response" linkrefid="text2qti_choice_2beecb026509aa75eb3b7143161ee411d17a20b47a8eecd8e1aeaa8dad6aad00_fb"/>
          </respcondition>
          <respcondition continue="No">
            <conditionvar>
              <varequal respident="response1">text2qti_choice_2beecb026509aa75eb3b7143161ee411d17a20b47a8eecd8e1aeaa8dad6aad00</varequal>
            </conditionvar>
            <setvar action="Set" varname="SCORE">100</setvar>
          </respcondition>
        </resprocessing>
        <itemfeedback ident="text2qti_choice_2beecb026509aa75eb3b7143161ee411d17a20b47a8eecd8e1aeaa8dad6aad00_fb">
          <flow_mat>
            <material>
              <mattext texttype="text/html">&lt;p&gt;Thinner layers reduce sag on shallow angles.&lt;/p&gt;</mattext>
            </material>
          </flow_mat>
        </itemfeedback>
      </item>
      <item ident="text2qti_question_dbe0e264ea73c909d4c68be4845f060ce31cb73b65b1dd5761df4e8e1083451e" title="Question">
        <itemmetadata>
          <qtimetadata>
            <qtimetadatafield>
              <fieldlabel>question_type</fieldlabel>
              <fieldentry>multiple_choice_question</fieldentry>
            </qtimetadatafield>
            <qtimetadatafield>
              <fieldlabel>points_possible</fieldlabel>
              <fieldentry>1</fieldentry>
            </qtimetadatafield>
            <qtimetadatafield>
              <fieldlabel>original_answer_ids</fieldlabel>
              <fieldentry>text2qti_choice_27e5b3cfcd9eaac097a6539c7fae7cd94f5138ce0af396ef7456acfef6ae7545,text2qti_choice_de2e64a5682ea99278be0af92ceb55403698ad311a8c736781cabcd1ef55dec0,text2qti_choice_ad891b01380bbcda4bb91241aea21a737abf2b6b2ff69dcb53c8ef61e3691ee7</fieldentry>
            </qtimetadatafield>
            <qtimetadatafield>
              <fieldlabel>assessment_question_identifierref</fieldlabel>
              <fieldentry>text2qti_question_ref_dbe0e264ea73c909d4c68be4845f060ce31cb73b65b1dd5761df4e8e1083451e</fieldentry>
            </qtimetadatafield>
          </qtimetadata>
        </itemmetadata>
        <presentation>
          <material>
            <mattext texttype="text/html">&lt;p&gt;You need a press fit between a 10 mm peg and hole. What clearance should you design for?&lt;/p&gt;</mattext>
          </material>
          <response_lid ident="response1" rcardinality="Single">
            <render_choice>
              <response_label ident="text2qti_choice_27e5b3cfcd9eaac097a6539c7fae7cd94f5138ce0af396ef7456acfef6ae7545">
                <material>
                  <mattext texttype="text/html">&lt;p&gt;0.1 mm&lt;/p&gt;</mattext>
                </material>
              </response_label>
              <response_label ident="text2qti_choice_de2e64a5682ea99278be0af92ceb55403698ad311a8c736781cabcd1ef55dec0">
                <material>
                  <mattext texttype="text/html">&lt;p&gt;0.2 mm&lt;/p&gt;</mattext>
                </material>
              </response_label>
              <response_label ident="text2qti_choice_ad891b01380bbcda4bb91241aea21a737abf2b6b2ff69dcb53c8ef61e3691ee7">
                <material>
                  <mattext texttype="text/html">&lt;p&gt;0.3 mm&lt;/p&gt;</mattext>
                </material>
              </response_label>
            </render_choice>
          </response_lid>
        </presentation>
        <resprocessing>
          <outcomes>
            <decvar maxvalue="100" minvalue="0" varname="SCORE" vartype="Decimal"/>
          </outcomes>
          <respcondition continue="Yes">
            <conditionvar>
              <varequal respident="response1">text2qti_choice_27e5b3cfcd9eaac097a6539c7fae7cd94f5138ce0af396ef7456acfef6ae7545</varequal>
            </conditionvar>
            <displayfeedback feedbacktype="Response" linkrefid="text2qti_choice_27e5b3cfcd9eaac097a6539c7fae7cd94f5138ce0af396ef7456acfef6ae7545_fb"/>
          </respcondition>
          <respcondition continue="No">
            <conditionvar>
              <varequal respident="response1">text2qti_choice_27e5b3cfcd9eaac097a6539c7fae7cd94f5138ce0af396ef7456acfef6ae7545</varequal>
            </conditionvar>
            <setvar action="Set" varname="SCORE">100</setvar>
          </respcondition>
        </resprocessing>
        <itemfeedback ident="text2qti_choice_27e5b3cfcd9eaac097a6539c7fae7cd94f5138ce0af396ef7456acfef6ae7545_fb">
          <flow_mat>
            <material>
              <mattext texttype="text/html">&lt;p&gt;A 0.1 mm clearance gives a snug press fit.&lt;/p&gt;</mattext>
            </material>
          </flow_mat>
        </itemfeedback>
      </item>
      <item ident="text2qti_question_e608268eddae841faac214e16e387942263b8d650d3010de0180d1f490648804" title="Question">
        <itemmetadata>
          <qtimetadata>
            <qtimetadatafield>
              <fieldlabel>question_type</fieldlabel>
              <fieldentry>multiple_choice_question</fieldentry>
            </qtimetadatafield>
            <qtimetadatafield>
              <fieldlabel>points_possible</fieldlabel>
              <fieldentry>1</fieldentry>
            </qtimetadatafield>
            <qtimetadatafield>
              <fieldlabel>original_answer_ids</fieldlabel>
              <fieldentry>text2qti_choice_817288549ae9182a3428c18bdf7298f08f1973003fe7efe8c52aec2acaabd07a,text2qti_choice_f6abb66d14b5a470c42b7fc0468fb8848583f653970d70a7a2d95d0214d0a879,text2qti_choice_588cb1b3715d50e4b9457b2f8befb979dc644646be7caca2d9ccc831af12caa7</fieldentry>
            </qtimetadatafield>
            <qtimetadatafield>
              <fieldlabel>assessment_question_identifierref</fieldlabel>
              <fieldentry>text2qti_question_ref_e608268eddae841faac214e16e387942263b8d650d3010de0180d1f490648804</fieldentry>
            </qtimetadatafield>
          </qtimetadata>
        </itemmetadata>
        <presentation>
          <material>
            <mattext texttype="text/html">&lt;p&gt;A bridge in your model spans 25 mm of open air. What is the best design adjustment?&lt;/p&gt;</mattext>
          </material>
          <response_lid ident="response1" rcardinality="Single">
            <render_choice>
              <response_label ident="text2qti_choice_817288549ae9182a3428c18bdf7298f08f1973003fe7efe8c52aec2acaabd07a">
                <material>
                  <mattext texttype="text/html">&lt;p&gt;Leave it as-is; bridges work at any length&lt;/p&gt;</mattext>
                </material>
              </response_label>
              <response_label ident="text2qti_choice_f6abb66d14b5a470c42b7fc0468fb8848583f653970d70a7a2d95d0214d0a879">
                <material>
                  <mattext texttype="text/html">&lt;p&gt;Add supports or redesign to shorten the span&lt;/p&gt;</mattext>
                </material>
              </response_label>
              <response_label ident="text2qti_choice_588cb1b3715d50e4b9457b2f8befb979dc644646be7caca2d9ccc831af12caa7">
                <material>
                  <mattext texttype="text/html">&lt;p&gt;Increase wall count only&lt;/p&gt;</mattext>
                </material>
              </response_label>
            </render_choice>
          </response_lid>
        </presentation>
        <resprocessing>
          <outcomes>
            <decvar maxvalue="100" minvalue="0" varname="SCORE" vartype="Decimal"/>
          </outcomes>
          <respcondition continue="Yes">
            <conditionvar>
              <varequal respident="response1">text2qti_choice_f6abb66d14b5a470c42b7fc0468fb8848583f653970d70a7a2d95d0214d0a879</varequal>
            </conditionvar>
            <displayfeedback feedbacktype="Response" linkrefid="text2qti_choice_f6abb66d14b5a470c42b7fc0468fb8848583f653970d70a7a2d95d0214d0a879_fb"/>
          </respcondition>
          <respcondition continue="No">
            <conditionvar>
              <varequal respident="response1">text2qti_choice_f6abb66d14b5a470c42b7fc0468fb8848583f653970d70a7a2d95d0214d0a879</varequal>
            </conditionvar>
            <setvar action="Set" varname="SCORE">100</setvar>
          </respcondition>
        </resprocessing>
        <itemfeedback ident="text2qti_choice_f6abb66d14b5a470c42b7fc0468fb8848583f653970d70a7a2d95d0214d0a879_fb">
          <flow_mat>
            <material>
              <mattext texttype="text/html">&lt;p&gt;Bridges are most reliable at ~20 mm or less; longer spans need support or redesign.&lt;/p&gt;</mattext>
            </material>
          </flow_mat>
        </itemfeedback>
      </item>
    </section>
  </assessment>
</questestinterop>
