<?xml version="1.0" encoding="UTF-8"?>
<questestinterop xmlns="http://www.imsglobal.org/xsd/ims_qtiasiv1p2" xmlns:xsi="http://www.w3.org/2001/XMLSchema-instance" xsi:schemaLocation="http://www.imsglobal.org/xsd/ims_qtiasiv1p2 http://www.imsglobal.org/xsd/ims_qtiasiv1p2p1.xsd">
  <assessment ident="text2qti_assessment_cecc75bc1536aebe8b867597d30e5ab8a2112c1fcc4e310b3098b73c96313ae6" title="Variables">
    <qtimetadata>
      <qtimetadatafield>
        <fieldlabel>cc_maxattempts</fieldlabel>
        <fieldentry>1</fieldentry>
      </qtimetadatafield>
    </qtimetadata>
    <section ident="root_section">
      <item ident="text2qti_question_107375d298ea4d2b6a621bc719befb7fb8bca360778adc2b771ccdf6bbf608b4" title="Question">
        <itemmetadata>
          <qtimetadata>
            <qtimetadatafield>
              <fieldlabel>question_type</fieldlabel>
              <fieldentry>multiple_choice_question</fieldentry>
            </qtimetadatafield>
            <qtimetadatafield>
              <fieldlabel>points_possible</fieldlabel>
              <fieldentry>1</fieldentry>
            </qtimetadatafield>
            <qtimetadatafield>
              <fieldlabel>original_answer_ids</fieldlabel>
              <fieldentry>text2qti_choice_7722de755d4059e096afb980c4624f287c0fd905048f1ff05504d2a0ac5d3f74,text2qti_choice_60da3c26113187ed1bc9854e34f98830e76dcb16bf94740a00d61b019dd220ea,text2qti_choice_c80950d81721bdc865b1f65028a5aa43001700d582e7fa3e11a0ed61e6ef5a43</fieldentry>
            </qtimetadatafield>
            <qtimetadatafield>
              <fieldlabel>assessment_question_identifierref</fieldlabel>
              <fieldentry>text2qti_question_ref_107375d298ea4d2b6a621bc719befb7fb8bca360778adc2b771ccdf6bbf608b4</fieldentry>
            </qtimetadatafield>
          </qtimetadata>
        </itemmetadata>
        <presentation>
          <material>
            <mattext texttype="text/html">&lt;p&gt;Which keyword defines a constant variable?&lt;/p&gt;</mattext>
          </material>
          <response_lid ident="response1" rcardinality="Single">
            <render_choice>
              <response_label ident="text2qti_choice_7722de755d4059e096afb980c4624f287c0fd905048f1ff05504d2a0ac5d3f74">
                <material>
                  <mattext texttype="text/html">&lt;p&gt;var&lt;/p&gt;</mattext>
                </material>
              </response_label>
              <response_label ident="text2qti_choice_60da3c26113187ed1bc9854e34f98830e76dcb16bf94740a00d61b019dd220ea">
                <material>
                  <mattext texttype="text/html">&lt;p&gt;const&lt;/p&gt;</mattext>
                </material>
              </response_label>
              <response_label ident="text2qti_choice_c80950d81721bdc865b1f65028a5aa43001700d582e7fa3e11a0ed61e6ef5a43">
                <material>
                  <mattext texttype="text/html">&lt;p&gt;static&lt;/p&gt;</mattext>
                </material>
              </response_label>
            </render_choice>
          </response_lid>
        </presentation>
        <resprocessing>
          <outcomes>
            <decvar maxvalue="100" minvalue="0" varname="SCORE" vartype="Decimal"/>
          </outcomes>
          <respcondition continue="Yes">
            <conditionvar>
              <varequal respident="response1">text2qti_choice_60da3c26113187ed1bc9854e34f98830e76dcb16bf94740a00d61b019dd220ea</varequal>
            </conditionvar>
            <displayfeedback feedbacktype="Response" linkrefid="text2qti_choice_60da3c26113187ed1bc9854e34f98830e76dcb16bf94740a00d61b019dd220ea_fb"/>
          </respcondition>
          <respcondition continue="No">
            <conditionvar>
              <varequal respident="response1">text2qti_choice_60da3c26113187ed1bc9854e34f98830e76dcb16bf94740a00d61b019dd220ea</varequal>
            </conditionvar>
            <setvar action="Set" varname="SCORE">100</setvar>
          </respcondition>
        </resprocessing>
        <itemfeedback ident="text2qti_choice_60da3c26113187ed1bc9854e34f98830e76dcb16bf94740a00d61b019dd220ea_fb">
          <flow_mat>
            <material>
              <mattext texttype="text/html">&lt;p&gt;Use &lt;code&gt;const&lt;/code&gt; to make a variable read-only.&lt;/p&gt;</mattext>
            </material>
          </flow_mat>
        </itemfeedback>
      </item>
      <item ident="text2qti_question_8781e8a136dd49048954f2a020a28b07bf302934d259753afedc0b8b9fcdb44c" title="Question">
        <itemmetadata>
          <qtimetadata>
            <qtimetadatafield>
              <fieldlabel>question_type</fieldlabel>
              <fieldentry>multiple_choice_question</fieldentry>
            </qtimetadatafield>
            <qtimetadatafield>
              <fieldlabel>points_possible</fieldlabel>
              <fieldentry>1</fieldentry>
            </qtimetadatafield>
            <qtimetadatafield>
              <fieldlabel>original_answer_ids</fieldlabel>
              <fieldentry>text2qti_choice_a5007fda8337adf3020363e8682311975c806a1a2e9d92f85869e9c2111ea70c,text2qti_choice_4bd3ac81329d014e15c412a0cdecf8cd083c9686b53c78bb253c09a1e667b2c8,text2qti_choice_861836f067901e90227b04ee3922556944e61d1bba9dbd7852fcc97e57f917ca,text2qti_choice_1fde416ca192988e32262e0859984248e1140e1b9ea0de527ca3cac8063e292c</fieldentry>
            </qtimetadatafield>
            <qtimetadatafield>
              <fieldlabel>assessment_question_identifierref</fieldlabel>
              <fieldentry>text2qti_question_ref_8781e8a136dd49048954f2a020a28b07bf302934d259753afedc0b8b9fcdb44c</fieldentry>
            </qtimetadatafield>
          </qtimetadata>
        </itemmetadata>
        <presentation>
          <material>
            <mattext texttype="text/html">&lt;p&gt;How do you declare an integer variable named &lt;code&gt;count&lt;/code&gt; with an initial value of 0?&lt;/p&gt;</mattext>
          </material>
          <response_lid ident="response1" rcardinality="Single">
            <render_choice>
              <response_label ident="text2qti_choice_a5007fda8337adf3020363e8682311975c806a1a2e9d92f85869e9c2111ea70c">
                <material>
                  <mattext texttype="text/html">&lt;p&gt;int count = 0;&lt;/p&gt;</mattext>
                </material>
              </response_label>
              <response_label ident="text2qti_choice_4bd3ac81329d014e15c412a0cdecf8cd083c9686b53c78bb253c09a1e667b2c8">
                <material>
                  <mattext texttype="text/html">&lt;p&gt;int = 0; count&lt;/p&gt;</mattext>
                </material>
              </response_label>
              <response_label ident="text2qti_choice_861836f067901e90227b04ee3922556944e61d1bba9dbd7852fcc97e57f917ca">
                <material>
                  <mattext texttype="text/html">&lt;p&gt;count int = 0;&lt;/p&gt;</mattext>
                </material>
              </response_label>
              <response_label ident="text2qti_choice_1fde416ca192988e32262e0859984248e1140e1b9ea0de527ca3cac8063e292c">
                <material>
                  <mattext texttype="text/html">&lt;p&gt;int count;&lt;/p&gt;</mattext>
                </material>
              </response_label>
            </render_choice>
          </response_lid>
        </presentation>
        <resprocessing>
          <outcomes>
            <decvar maxvalue="100" minvalue="0" varname="SCORE" vartype="Decimal"/>
          </outcomes>
          <respcondition continue="Yes">
            <conditionvar>
              <other/>
            </conditionvar>
            <displayfeedback feedbacktype="Response" linkrefid="general_fb"/>
          </respcondition>
          <respcondition continue="Yes">
            <conditionvar>
              <varequal respident="response1">text2qti_choice_a5007fda8337adf3020363e8682311975c806a1a2e9d92f85869e9c2111ea70c</varequal>
            </conditionvar>
            <displayfeedback feedbacktype="Response" linkrefid="text2qti_choice_a5007fda8337adf3020363e8682311975c806a1a2e9d92f85869e9c2111ea70c_fb"/>
          </respcondition>
          <respcondition continue="No">
            <conditionvar>
              <varequal respident="response1">text2qti_choice_a5007fda8337adf3020363e8682311975c806a1a2e9d92f85869e9c2111ea70c</varequal>
            </conditionvar>
            <setvar action="Set" varname="SCORE">100</setvar>
          </respcondition>
        </resprocessing>
        <itemfeedback ident="general_fb">
          <flow_mat>
            <material>
              <mattext texttype="text/html">&lt;p&gt;Variables use the format &lt;code&gt;&amp;lt;type&amp;gt; &amp;lt;name&amp;gt; = &amp;lt;value&amp;gt;;&lt;/code&gt;.&lt;/p&gt;</mattext>
            </material>
          </flow_mat>
        </itemfeedback>
        <itemfeedback ident="text2qti_choice_a5007fda8337adf3020363e8682311975c806a1a2e9d92f85869e9c2111ea70c_fb">
          <flow_mat>
            <material>
              <mattext texttype="text/html">&lt;p&gt;Correct. This declares and initializes &lt;code&gt;count&lt;/code&gt;.&lt;/p&gt;</mattext>
            </material>
          </flow_mat>
        </itemfeedback>
      </item>
      <item ident="text2qti_question_8ce117c8d1f1d46601c0a3c238622ec397770a9fdda323468146252791071954" title="Question">
        <itemmetadata>
          <qtimetadata>
            <qtimetadatafield>
              <fieldlabel>question_type</fieldlabel>
              <fieldentry>multiple_choice_question</fieldentry>
            </qtimetadatafield>
            <qtimetadatafield>
              <fieldlabel>points_possible</fieldlabel>
              <fieldentry>1</fieldentry>
            </qtimetadatafield>
            <qtimetadatafield>
              <fieldlabel>original_answer_ids</fieldlabel>
              <fieldentry>text2qti_choice_5c6169f583961acd78c71a53772f030a554a3d6fb39285f01d8c4ed16ff61847,text2qti_choice_6ddadf524838a81189f74d43e474546e4bd047810189ded7676c8747753d2eac,text2qti_choice_2773c24b67b340c49f013609bc761ce96b8bb924c92ff5c94537dd030f4504a1</fieldentry>
            </qtimetadatafield>
            <qtimetadatafield>
              <fieldlabel>assessment_question_identifierref</fieldlabel>
              <fieldentry>text2qti_question_ref_8ce117c8d1f1d46601c0a3c238622ec397770a9fdda323468146252791071954</fieldentry>
            </qtimetadatafield>
          </qtimetadata>
        </itemmetadata>
        <presentation>
          <material>
            <mattext texttype="text/html">&lt;p&gt;Which data type is best for storing decimal numbers?&lt;/p&gt;</mattext>
          </material>
          <response_lid ident="response1" rcardinality="Single">
            <render_choice>
              <response_label ident="text2qti_choice_5c6169f583961acd78c71a53772f030a554a3d6fb39285f01d8c4ed16ff61847">
                <material>
                  <mattext texttype="text/html">&lt;p&gt;float&lt;/p&gt;</mattext>
                </material>
              </response_label>
              <response_label ident="text2qti_choice_6ddadf524838a81189f74d43e474546e4bd047810189ded7676c8747753d2eac">
                <material>
                  <mattext texttype="text/html">&lt;p&gt;int&lt;/p&gt;</mattext>
                </material>
              </response_label>
              <response_label ident="text2qti_choice_2773c24b67b340c49f013609bc761ce96b8bb924c92ff5c94537dd030f4504a1">
                <material>
                  <mattext texttype="text/html">&lt;p&gt;char&lt;/p&gt;</mattext>
                </material>
              </response_label>
            </render_choice>
          </response_lid>
        </presentation>
        <resprocessing>
          <outcomes>
            <decvar maxvalue="100" minvalue="0" varname="SCORE" vartype="Decimal"/>
          </outcomes>
          <respcondition continue="Yes">
            <conditionvar>
              <varequal respident="response1">text2qti_choice_5c6169f583961acd78c71a53772f030a554a3d6fb39285f01d8c4ed16ff61847</varequal>
            </conditionvar>
            <displayfeedback feedbacktype="Response" linkrefid="text2qti_choice_5c6169f583961acd78c71a53772f030a554a3d6fb39285f01d8c4ed16ff61847_fb"/>
          </respcondition>
          <respcondition continue="No">
            <conditionvar>
              <varequal respident="response1">text2qti_choice_5c6169f583961acd78c71a53772f030a554a3d6fb39285f01d8c4ed16ff61847</varequal>
            </conditionvar>
            <setvar action="Set" varname="SCORE">100</setvar>
          </respcondition>
        </resprocessing>
        <itemfeedback ident="text2qti_choice_5c6169f583961acd78c71a53772f030a554a3d6fb39285f01d8c4ed16ff61847_fb">
          <flow_mat>
            <material>
              <mattext texttype="text/html">&lt;p&gt;&lt;code&gt;float&lt;/code&gt; holds values with fractional parts.&lt;/p&gt;</mattext>
            </material>
          </flow_mat>
        </itemfeedback>
      </item>
    </section>
  </assessment>
</questestinterop>
