<?xml version="1.0" encoding="UTF-8"?>
<questestinterop xmlns="http://www.imsglobal.org/xsd/ims_qtiasiv1p2" xmlns:xsi="http://www.w3.org/2001/XMLSchema-instance" xsi:schemaLocation="http://www.imsglobal.org/xsd/ims_qtiasiv1p2 http://www.imsglobal.org/xsd/ims_qtiasiv1p2p1.xsd">
  <assessment ident="text2qti_assessment_fcefd90f2706e064dcf4cf5945b3da714785181bf503311ccba3bf33bd371b5e" title="Loops">
    <qtimetadata>
      <qtimetadatafield>
        <fieldlabel>cc_maxattempts</fieldlabel>
        <fieldentry>1</fieldentry>
      </qtimetadatafield>
    </qtimetadata>
    <section ident="root_section">
      <item ident="text2qti_question_59e24d3058545a9d795d6b258be3acc4749789adf7f632e3874dc22fb9a2e32f" title="Question">
        <itemmetadata>
          <qtimetadata>
            <qtimetadatafield>
              <fieldlabel>question_type</fieldlabel>
              <fieldentry>multiple_choice_question</fieldentry>
            </qtimetadatafield>
            <qtimetadatafield>
              <fieldlabel>points_possible</fieldlabel>
              <fieldentry>1</fieldentry>
            </qtimetadatafield>
            <qtimetadatafield>
              <fieldlabel>original_answer_ids</fieldlabel>
              <fieldentry>text2qti_choice_26de42a450ad9236e70d8f1abb5e7d0009688be056a82a4e951733f2b0a5c138,text2qti_choice_e94893b546859fc1bd41f6dce06fd5dc368b56f1c4a9a8b6afcf8eedcc77da8e,text2qti_choice_964dd7e34285ec8d2e1c5f0223337fffc93ce705b413038a64ef73caf7e7e298</fieldentry>
            </qtimetadatafield>
            <qtimetadatafield>
              <fieldlabel>assessment_question_identifierref</fieldlabel>
              <fieldentry>text2qti_question_ref_59e24d3058545a9d795d6b258be3acc4749789adf7f632e3874dc22fb9a2e32f</fieldentry>
            </qtimetadatafield>
          </qtimetadata>
        </itemmetadata>
        <presentation>
          <material>
            <mattext texttype="text/html">&lt;p&gt;Which loop is best for iterating a known number of times?&lt;/p&gt;</mattext>
          </material>
          <response_lid ident="response1" rcardinality="Single">
            <render_choice>
              <response_label ident="text2qti_choice_26de42a450ad9236e70d8f1abb5e7d0009688be056a82a4e951733f2b0a5c138">
                <material>
                  <mattext texttype="text/html">&lt;p&gt;for loop&lt;/p&gt;</mattext>
                </material>
              </response_label>
              <response_label ident="text2qti_choice_e94893b546859fc1bd41f6dce06fd5dc368b56f1c4a9a8b6afcf8eedcc77da8e">
                <material>
                  <mattext texttype="text/html">&lt;p&gt;while loop&lt;/p&gt;</mattext>
                </material>
              </response_label>
              <response_label ident="text2qti_choice_964dd7e34285ec8d2e1c5f0223337fffc93ce705b413038a64ef73caf7e7e298">
                <material>
                  <mattext texttype="text/html">&lt;p&gt;loop()&lt;/p&gt;</mattext>
                </material>
              </response_label>
            </render_choice>
          </response_lid>
        </presentation>
        <resprocessing>
          <outcomes>
            <decvar maxvalue="100" minvalue="0" varname="SCORE" vartype="Decimal"/>
          </outcomes>
          <respcondition continue="Yes">
            <conditionvar>
              <other/>
            </conditionvar>
            <displayfeedback feedbacktype="Response" linkrefid="general_fb"/>
          </respcondition>
          <respcondition continue="Yes">
            <conditionvar>
              <varequal respident="response1">text2qti_choice_26de42a450ad9236e70d8f1abb5e7d0009688be056a82a4e951733f2b0a5c138</varequal>
            </conditionvar>
            <displayfeedback feedbacktype="Response" linkrefid="text2qti_choice_26de42a450ad9236e70d8f1abb5e7d0009688be056a82a4e951733f2b0a5c138_fb"/>
          </respcondition>
          <respcondition continue="Yes">
            <conditionvar>
              <varequal respident="response1">text2qti_choice_964dd7e34285ec8d2e1c5f0223337fffc93ce705b413038a64ef73caf7e7e298</varequal>
            </conditionvar>
            <displayfeedback feedbacktype="Response" linkrefid="text2qti_choice_964dd7e34285ec8d2e1c5f0223337fffc93ce705b413038a64ef73caf7e7e298_fb"/>
          </respcondition>
          <respcondition continue="No">
            <conditionvar>
              <varequal respident="response1">text2qti_choice_26de42a450ad9236e70d8f1abb5e7d0009688be056a82a4e951733f2b0a5c138</varequal>
            </conditionvar>
            <setvar action="Set" varname="SCORE">100</setvar>
          </respcondition>
        </resprocessing>
        <itemfeedback ident="general_fb">
          <flow_mat>
            <material>
              <mattext texttype="text/html">&lt;p&gt;Use this loop when you know exactly how many iterations you need.&lt;/p&gt;</mattext>
            </material>
          </flow_mat>
        </itemfeedback>
        <itemfeedback ident="text2qti_choice_26de42a450ad9236e70d8f1abb5e7d0009688be056a82a4e951733f2b0a5c138_fb">
          <flow_mat>
            <material>
              <mattext texttype="text/html">&lt;p&gt;Correct. &lt;code&gt;for&lt;/code&gt; loops handle a fixed count.&lt;/p&gt;</mattext>
            </material>
          </flow_mat>
        </itemfeedback>
        <itemfeedback ident="text2qti_choice_964dd7e34285ec8d2e1c5f0223337fffc93ce705b413038a64ef73caf7e7e298_fb">
          <flow_mat>
            <material>
              <mattext texttype="text/html">&lt;p&gt;&lt;code&gt;loop()&lt;/code&gt; is the main Arduino function, not a counting loop.&lt;/p&gt;</mattext>
            </material>
          </flow_mat>
        </itemfeedback>
      </item>
      <item ident="text2qti_question_29db79c6c6830150fd40469d844cf88e16dad6242d0015d19d65bbdee205bebc" title="Question">
        <itemmetadata>
          <qtimetadata>
            <qtimetadatafield>
              <fieldlabel>question_type</fieldlabel>
              <fieldentry>multiple_choice_question</fieldentry>
            </qtimetadatafield>
            <qtimetadatafield>
              <fieldlabel>points_possible</fieldlabel>
              <fieldentry>1</fieldentry>
            </qtimetadatafield>
            <qtimetadatafield>
              <fieldlabel>original_answer_ids</fieldlabel>
              <fieldentry>text2qti_choice_904f5c668994fd7502629b7b262ec28c448ab0b431801c4ceb6cac302d43300a,text2qti_choice_3a819ae525917919b62c05faa48afbf036ffd30e841fdc04b0a45ed05baa55e2,text2qti_choice_8b3750f1b5b274188a274efc74eea431fa4f180c40b3ff69bdd52df48f2be4f8</fieldentry>
            </qtimetadatafield>
            <qtimetadatafield>
              <fieldlabel>assessment_question_identifierref</fieldlabel>
              <fieldentry>text2qti_question_ref_29db79c6c6830150fd40469d844cf88e16dad6242d0015d19d65bbdee205bebc</fieldentry>
            </qtimetadatafield>
          </qtimetadata>
        </itemmetadata>
        <presentation>
          <material>
            <mattext texttype="text/html">&lt;p&gt;Which statement stops a loop immediately?&lt;/p&gt;</mattext>
          </material>
          <response_lid ident="response1" rcardinality="Single">
            <render_choice>
              <response_label ident="text2qti_choice_904f5c668994fd7502629b7b262ec28c448ab0b431801c4ceb6cac302d43300a">
                <material>
                  <mattext texttype="text/html">&lt;p&gt;continue&lt;/p&gt;</mattext>
                </material>
              </response_label>
              <response_label ident="text2qti_choice_3a819ae525917919b62c05faa48afbf036ffd30e841fdc04b0a45ed05baa55e2">
                <material>
                  <mattext texttype="text/html">&lt;p&gt;break&lt;/p&gt;</mattext>
                </material>
              </response_label>
              <response_label ident="text2qti_choice_8b3750f1b5b274188a274efc74eea431fa4f180c40b3ff69bdd52df48f2be4f8">
                <material>
                  <mattext texttype="text/html">&lt;p&gt;next&lt;/p&gt;</mattext>
                </material>
              </response_label>
            </render_choice>
          </response_lid>
        </presentation>
        <resprocessing>
          <outcomes>
            <decvar maxvalue="100" minvalue="0" varname="SCORE" vartype="Decimal"/>
          </outcomes>
          <respcondition continue="Yes">
            <conditionvar>
              <other/>
            </conditionvar>
            <displayfeedback feedbacktype="Response" linkrefid="general_fb"/>
          </respcondition>
          <respcondition continue="Yes">
            <conditionvar>
              <varequal respident="response1">text2qti_choice_3a819ae525917919b62c05faa48afbf036ffd30e841fdc04b0a45ed05baa55e2</varequal>
            </conditionvar>
            <displayfeedback feedbacktype="Response" linkrefid="text2qti_choice_3a819ae525917919b62c05faa48afbf036ffd30e841fdc04b0a45ed05baa55e2_fb"/>
          </respcondition>
          <respcondition continue="No">
            <conditionvar>
              <varequal respident="response1">text2qti_choice_3a819ae525917919b62c05faa48afbf036ffd30e841fdc04b0a45ed05baa55e2</varequal>
            </conditionvar>
            <setvar action="Set" varname="SCORE">100</setvar>
          </respcondition>
        </resprocessing>
        <itemfeedback ident="general_fb">
          <flow_mat>
            <material>
              <mattext texttype="text/html">&lt;p&gt;Think about prematurely ending the loop.&lt;/p&gt;</mattext>
            </material>
          </flow_mat>
        </itemfeedback>
        <itemfeedback ident="text2qti_choice_3a819ae525917919b62c05faa48afbf036ffd30e841fdc04b0a45ed05baa55e2_fb">
          <flow_mat>
            <material>
              <mattext texttype="text/html">&lt;p&gt;&lt;code&gt;break&lt;/code&gt; exits the loop immediately.&lt;/p&gt;</mattext>
            </material>
          </flow_mat>
        </itemfeedback>
      </item>
      <item ident="text2qti_question_add426dabdd6549c3fd3a065f2f4fe1d103329739ed80ff7efbbb93fd1d84987" title="Question">
        <itemmetadata>
          <qtimetadata>
            <qtimetadatafield>
              <fieldlabel>question_type</fieldlabel>
              <fieldentry>multiple_choice_question</fieldentry>
            </qtimetadatafield>
            <qtimetadatafield>
              <fieldlabel>points_possible</fieldlabel>
              <fieldentry>1</fieldentry>
            </qtimetadatafield>
            <qtimetadatafield>
              <fieldlabel>original_answer_ids</fieldlabel>
              <fieldentry>text2qti_choice_09741390b0d3bb5a6efe65b45fe33939e2ada8f3de799e8a076e8d3b3f1b478b,text2qti_choice_26348da315563e07d07c27fc9a08c0894a23392dfc2727225d044d57e3cacda8,text2qti_choice_cff3e707ae24f652837c89ef0bf8b745c54353d2b419188a471a0e60d099b161,text2qti_choice_9bcaeab3ed6ae3155ccb93db434e27deb7ce874f395aa8b210a583d0325cd707</fieldentry>
            </qtimetadatafield>
            <qtimetadatafield>
              <fieldlabel>assessment_question_identifierref</fieldlabel>
              <fieldentry>text2qti_question_ref_add426dabdd6549c3fd3a065f2f4fe1d103329739ed80ff7efbbb93fd1d84987</fieldentry>
            </qtimetadatafield>
          </qtimetadata>
        </itemmetadata>
        <presentation>
          <material>
            <mattext texttype="text/html">&lt;p&gt;What numbers does this loop print?&lt;/p&gt;</mattext>
          </material>
          <response_lid ident="response1" rcardinality="Single">
            <render_choice>
              <response_label ident="text2qti_choice_09741390b0d3bb5a6efe65b45fe33939e2ada8f3de799e8a076e8d3b3f1b478b">
                <material>
                  <mattext texttype="text/html">&lt;p&gt;1 2 3&lt;/p&gt;</mattext>
                </material>
              </response_label>
              <response_label ident="text2qti_choice_26348da315563e07d07c27fc9a08c0894a23392dfc2727225d044d57e3cacda8">
                <material>
                  <mattext texttype="text/html">&lt;p&gt;0 1 2&lt;/p&gt;</mattext>
                </material>
              </response_label>
              <response_label ident="text2qti_choice_cff3e707ae24f652837c89ef0bf8b745c54353d2b419188a471a0e60d099b161">
                <material>
                  <mattext texttype="text/html">&lt;p&gt;0 1 2 3&lt;/p&gt;</mattext>
                </material>
              </response_label>
              <response_label ident="text2qti_choice_9bcaeab3ed6ae3155ccb93db434e27deb7ce874f395aa8b210a583d0325cd707">
                <material>
                  <mattext texttype="text/html">&lt;p&gt;2 3 4&lt;/p&gt;</mattext>
                </material>
              </response_label>
            </render_choice>
          </response_lid>
        </presentation>
        <resprocessing>
          <outcomes>
            <decvar maxvalue="100" minvalue="0" varname="SCORE" vartype="Decimal"/>
          </outcomes>
          <respcondition continue="Yes">
            <conditionvar>
              <varequal respident="response1">text2qti_choice_09741390b0d3bb5a6efe65b45fe33939e2ada8f3de799e8a076e8d3b3f1b478b</varequal>
            </conditionvar>
            <displayfeedback feedbacktype="Response" linkrefid="text2qti_choice_09741390b0d3bb5a6efe65b45fe33939e2ada8f3de799e8a076e8d3b3f1b478b_fb"/>
          </respcondition>
          <respcondition continue="No">
            <conditionvar>
              <varequal respident="response1">text2qti_choice_09741390b0d3bb5a6efe65b45fe33939e2ada8f3de799e8a076e8d3b3f1b478b</varequal>
            </conditionvar>
            <setvar action="Set" varname="SCORE">100</setvar>
          </respcondition>
        </resprocessing>
        <itemfeedback ident="text2qti_choice_09741390b0d3bb5a6efe65b45fe33939e2ada8f3de799e8a076e8d3b3f1b478b_fb">
          <flow_mat>
            <material>
              <mattext texttype="text/html">&lt;p&gt;The loop begins at 1 and stops after printing 3.&lt;/p&gt;</mattext>
            </material>
          </flow_mat>
        </itemfeedback>
      </item>
    </section>
  </assessment>
</questestinterop>
