<?xml version="1.0" encoding="UTF-8"?>
<questestinterop xmlns="http://www.imsglobal.org/xsd/ims_qtiasiv1p2" xmlns:xsi="http://www.w3.org/2001/XMLSchema-instance" xsi:schemaLocation="http://www.imsglobal.org/xsd/ims_qtiasiv1p2 http://www.imsglobal.org/xsd/ims_qtiasiv1p2p1.xsd">
  <assessment ident="text2qti_assessment_fdb6c6bcf7fa9a0701e44d89c0f50d109120951c734ceb7e9981f1a1a443e9f8" title="Arrays">
    <qtimetadata>
      <qtimetadatafield>
        <fieldlabel>cc_maxattempts</fieldlabel>
        <fieldentry>1</fieldentry>
      </qtimetadatafield>
    </qtimetadata>
    <section ident="root_section">
      <item ident="text2qti_question_03fbbfbe77e3dba8156752332dc179b37c915251ef4f39aaa2a8d5fdb943dfca" title="Question">
        <itemmetadata>
          <qtimetadata>
            <qtimetadatafield>
              <fieldlabel>question_type</fieldlabel>
              <fieldentry>multiple_choice_question</fieldentry>
            </qtimetadatafield>
            <qtimetadatafield>
              <fieldlabel>points_possible</fieldlabel>
              <fieldentry>1</fieldentry>
            </qtimetadatafield>
            <qtimetadatafield>
              <fieldlabel>original_answer_ids</fieldlabel>
              <fieldentry>text2qti_choice_dea23d31ec851847bf4a5b2e48a95d01d67b11b41bb1867dbc49e435204f63a6,text2qti_choice_5de32d97d1888fc08efa083ee767d3a1dda86a277edf0f738a67d91d67db81d8,text2qti_choice_e351522676a2e344faedcebade76999f67999c44ed9dc5a245881c895d16b991</fieldentry>
            </qtimetadatafield>
            <qtimetadatafield>
              <fieldlabel>assessment_question_identifierref</fieldlabel>
              <fieldentry>text2qti_question_ref_03fbbfbe77e3dba8156752332dc179b37c915251ef4f39aaa2a8d5fdb943dfca</fieldentry>
            </qtimetadatafield>
          </qtimetadata>
        </itemmetadata>
        <presentation>
          <material>
            <mattext texttype="text/html">&lt;p&gt;How do you access the second element of an array named &lt;code&gt;values&lt;/code&gt;?&lt;/p&gt;</mattext>
          </material>
          <response_lid ident="response1" rcardinality="Single">
            <render_choice>
              <response_label ident="text2qti_choice_dea23d31ec851847bf4a5b2e48a95d01d67b11b41bb1867dbc49e435204f63a6">
                <material>
                  <mattext texttype="text/html">&lt;p&gt;values(1);&lt;/p&gt;</mattext>
                </material>
              </response_label>
              <response_label ident="text2qti_choice_5de32d97d1888fc08efa083ee767d3a1dda86a277edf0f738a67d91d67db81d8">
                <material>
                  <mattext texttype="text/html">&lt;p&gt;values[1];&lt;/p&gt;</mattext>
                </material>
              </response_label>
              <response_label ident="text2qti_choice_e351522676a2e344faedcebade76999f67999c44ed9dc5a245881c895d16b991">
                <material>
                  <mattext texttype="text/html">&lt;p&gt;values&amp;lt;1&amp;gt;;&lt;/p&gt;</mattext>
                </material>
              </response_label>
            </render_choice>
          </response_lid>
        </presentation>
        <resprocessing>
          <outcomes>
            <decvar maxvalue="100" minvalue="0" varname="SCORE" vartype="Decimal"/>
          </outcomes>
          <respcondition continue="Yes">
            <conditionvar>
              <other/>
            </conditionvar>
            <displayfeedback feedbacktype="Response" linkrefid="general_fb"/>
          </respcondition>
          <respcondition continue="Yes">
            <conditionvar>
              <varequal respident="response1">text2qti_choice_5de32d97d1888fc08efa083ee767d3a1dda86a277edf0f738a67d91d67db81d8</varequal>
            </conditionvar>
            <displayfeedback feedbacktype="Response" linkrefid="text2qti_choice_5de32d97d1888fc08efa083ee767d3a1dda86a277edf0f738a67d91d67db81d8_fb"/>
          </respcondition>
          <respcondition continue="No">
            <conditionvar>
              <varequal respident="response1">text2qti_choice_5de32d97d1888fc08efa083ee767d3a1dda86a277edf0f738a67d91d67db81d8</varequal>
            </conditionvar>
            <setvar action="Set" varname="SCORE">100</setvar>
          </respcondition>
        </resprocessing>
        <itemfeedback ident="general_fb">
          <flow_mat>
            <material>
              <mattext texttype="text/html">&lt;p&gt;Remember that C-style arrays are zero indexed.&lt;/p&gt;</mattext>
            </material>
          </flow_mat>
        </itemfeedback>
        <itemfeedback ident="text2qti_choice_5de32d97d1888fc08efa083ee767d3a1dda86a277edf0f738a67d91d67db81d8_fb">
          <flow_mat>
            <material>
              <mattext texttype="text/html">&lt;p&gt;Square brackets with index 1 retrieve the second element.&lt;/p&gt;</mattext>
            </material>
          </flow_mat>
        </itemfeedback>
      </item>
      <item ident="text2qti_question_2135dca9afd0d49be7c4a4559fbe85d6de712b3cdd1f3e0014403898d83d86a9" title="Question">
        <itemmetadata>
          <qtimetadata>
            <qtimetadatafield>
              <fieldlabel>question_type</fieldlabel>
              <fieldentry>multiple_choice_question</fieldentry>
            </qtimetadatafield>
            <qtimetadatafield>
              <fieldlabel>points_possible</fieldlabel>
              <fieldentry>1</fieldentry>
            </qtimetadatafield>
            <qtimetadatafield>
              <fieldlabel>original_answer_ids</fieldlabel>
              <fieldentry>text2qti_choice_ecd137b066e9ad5a8e75b510653f7e581dbee137d13ad1db5a0615b5d52f9803,text2qti_choice_5952268be3c7116600c55329e00c5946e0c32f8165232bdcf2edcc58397fb527,text2qti_choice_5cc8fd564a08bdfe5a5a66cdeacef3075680393ec2d532b2bd0d5079d775ab40,text2qti_choice_b37cefaab96504aecdbd1a21a17ab6e55a02c89592fa6daa39baf2e5095b9764</fieldentry>
            </qtimetadatafield>
            <qtimetadatafield>
              <fieldlabel>assessment_question_identifierref</fieldlabel>
              <fieldentry>text2qti_question_ref_2135dca9afd0d49be7c4a4559fbe85d6de712b3cdd1f3e0014403898d83d86a9</fieldentry>
            </qtimetadatafield>
          </qtimetadata>
        </itemmetadata>
        <presentation>
          <material>
            <mattext texttype="text/html">&lt;p&gt;Which line declares an array of five integers named &lt;code&gt;readings&lt;/code&gt;?&lt;/p&gt;</mattext>
          </material>
          <response_lid ident="response1" rcardinality="Single">
            <render_choice>
              <response_label ident="text2qti_choice_ecd137b066e9ad5a8e75b510653f7e581dbee137d13ad1db5a0615b5d52f9803">
                <material>
                  <mattext texttype="text/html">&lt;p&gt;readings int[5];&lt;/p&gt;</mattext>
                </material>
              </response_label>
              <response_label ident="text2qti_choice_5952268be3c7116600c55329e00c5946e0c32f8165232bdcf2edcc58397fb527">
                <material>
                  <mattext texttype="text/html">&lt;p&gt;int readings[5];&lt;/p&gt;</mattext>
                </material>
              </response_label>
              <response_label ident="text2qti_choice_5cc8fd564a08bdfe5a5a66cdeacef3075680393ec2d532b2bd0d5079d775ab40">
                <material>
                  <mattext texttype="text/html">&lt;p&gt;int[5] readings;&lt;/p&gt;</mattext>
                </material>
              </response_label>
              <response_label ident="text2qti_choice_b37cefaab96504aecdbd1a21a17ab6e55a02c89592fa6daa39baf2e5095b9764">
                <material>
                  <mattext texttype="text/html">&lt;p&gt;array&lt;int,5&gt; readings;&lt;/p&gt;</mattext>
                </material>
              </response_label>
            </render_choice>
          </response_lid>
        </presentation>
        <resprocessing>
          <outcomes>
            <decvar maxvalue="100" minvalue="0" varname="SCORE" vartype="Decimal"/>
          </outcomes>
          <respcondition continue="Yes">
            <conditionvar>
              <other/>
            </conditionvar>
            <displayfeedback feedbacktype="Response" linkrefid="general_fb"/>
          </respcondition>
          <respcondition continue="Yes">
            <conditionvar>
              <varequal respident="response1">text2qti_choice_5952268be3c7116600c55329e00c5946e0c32f8165232bdcf2edcc58397fb527</varequal>
            </conditionvar>
            <displayfeedback feedbacktype="Response" linkrefid="text2qti_choice_5952268be3c7116600c55329e00c5946e0c32f8165232bdcf2edcc58397fb527_fb"/>
          </respcondition>
          <respcondition continue="No">
            <conditionvar>
              <varequal respident="response1">text2qti_choice_5952268be3c7116600c55329e00c5946e0c32f8165232bdcf2edcc58397fb527</varequal>
            </conditionvar>
            <setvar action="Set" varname="SCORE">100</setvar>
          </respcondition>
        </resprocessing>
        <itemfeedback ident="general_fb">
          <flow_mat>
            <material>
              <mattext texttype="text/html">&lt;p&gt;Specify the type, then the name with a size in brackets.&lt;/p&gt;</mattext>
            </material>
          </flow_mat>
        </itemfeedback>
        <itemfeedback ident="text2qti_choice_5952268be3c7116600c55329e00c5946e0c32f8165232bdcf2edcc58397fb527_fb">
          <flow_mat>
            <material>
              <mattext texttype="text/html">&lt;p&gt;Correct syntax uses &lt;code&gt;int readings[5];&lt;/code&gt;.&lt;/p&gt;</mattext>
            </material>
          </flow_mat>
        </itemfeedback>
      </item>
      <item ident="text2qti_question_be556e8d0792bac328fc17ed89790763a379511beced17071a469d611124504e" title="Question">
        <itemmetadata>
          <qtimetadata>
            <qtimetadatafield>
              <fieldlabel>question_type</fieldlabel>
              <fieldentry>multiple_choice_question</fieldentry>
            </qtimetadatafield>
            <qtimetadatafield>
              <fieldlabel>points_possible</fieldlabel>
              <fieldentry>1</fieldentry>
            </qtimetadatafield>
            <qtimetadatafield>
              <fieldlabel>original_answer_ids</fieldlabel>
              <fieldentry>text2qti_choice_25c413f5b006cee91c57f530a870d9623b82951adae9d259674901974ee93fc4,text2qti_choice_6b0a3ad7b518b7a7be1815cf0afff62fb159e7909a8578bce88c2a14d9b8d3ac,text2qti_choice_6e95b5ea8e5e6eb621d0f32f2bc1dca95f6a34bb8cd2f889e82fc8d004fae759</fieldentry>
            </qtimetadatafield>
            <qtimetadatafield>
              <fieldlabel>assessment_question_identifierref</fieldlabel>
              <fieldentry>text2qti_question_ref_be556e8d0792bac328fc17ed89790763a379511beced17071a469d611124504e</fieldentry>
            </qtimetadatafield>
          </qtimetadata>
        </itemmetadata>
        <presentation>
          <material>
            <mattext texttype="text/html">&lt;p&gt;What index is used for the first element of an array?&lt;/p&gt;</mattext>
          </material>
          <response_lid ident="response1" rcardinality="Single">
            <render_choice>
              <response_label ident="text2qti_choice_25c413f5b006cee91c57f530a870d9623b82951adae9d259674901974ee93fc4">
                <material>
                  <mattext texttype="text/html">&lt;p&gt;0&lt;/p&gt;</mattext>
                </material>
              </response_label>
              <response_label ident="text2qti_choice_6b0a3ad7b518b7a7be1815cf0afff62fb159e7909a8578bce88c2a14d9b8d3ac">
                <material>
                  <mattext texttype="text/html">&lt;p&gt;1&lt;/p&gt;</mattext>
                </material>
              </response_label>
              <response_label ident="text2qti_choice_6e95b5ea8e5e6eb621d0f32f2bc1dca95f6a34bb8cd2f889e82fc8d004fae759">
                <material>
                  <mattext texttype="text/html">&lt;p&gt;It varies&lt;/p&gt;</mattext>
                </material>
              </response_label>
            </render_choice>
          </response_lid>
        </presentation>
        <resprocessing>
          <outcomes>
            <decvar maxvalue="100" minvalue="0" varname="SCORE" vartype="Decimal"/>
          </outcomes>
          <respcondition continue="Yes">
            <conditionvar>
              <other/>
            </conditionvar>
            <displayfeedback feedbacktype="Response" linkrefid="general_fb"/>
          </respcondition>
          <respcondition continue="Yes">
            <conditionvar>
              <varequal respident="response1">text2qti_choice_25c413f5b006cee91c57f530a870d9623b82951adae9d259674901974ee93fc4</varequal>
            </conditionvar>
            <displayfeedback feedbacktype="Response" linkrefid="text2qti_choice_25c413f5b006cee91c57f530a870d9623b82951adae9d259674901974ee93fc4_fb"/>
          </respcondition>
          <respcondition continue="No">
            <conditionvar>
              <varequal respident="response1">text2qti_choice_25c413f5b006cee91c57f530a870d9623b82951adae9d259674901974ee93fc4</varequal>
            </conditionvar>
            <setvar action="Set" varname="SCORE">100</setvar>
          </respcondition>
        </resprocessing>
        <itemfeedback ident="general_fb">
          <flow_mat>
            <material>
              <mattext texttype="text/html">&lt;p&gt;Arrays in Arduino start counting from this number.&lt;/p&gt;</mattext>
            </material>
          </flow_mat>
        </itemfeedback>
        <itemfeedback ident="text2qti_choice_25c413f5b006cee91c57f530a870d9623b82951adae9d259674901974ee93fc4_fb">
          <flow_mat>
            <material>
              <mattext texttype="text/html">&lt;p&gt;Index 0 refers to the first element.&lt;/p&gt;</mattext>
            </material>
          </flow_mat>
        </itemfeedback>
      </item>
    </section>
  </assessment>
</questestinterop>
