<?xml version="1.0" encoding="UTF-8"?>
<questestinterop xmlns="http://www.imsglobal.org/xsd/ims_qtiasiv1p2" xmlns:xsi="http://www.w3.org/2001/XMLSchema-instance" xsi:schemaLocation="http://www.imsglobal.org/xsd/ims_qtiasiv1p2 http://www.imsglobal.org/xsd/ims_qtiasiv1p2p1.xsd">
  <assessment ident="text2qti_assessment_bd250b4fada34a29aee5f937cab7d8ff3b5e430ef3318702ea502302875d0aa7" title="Libraries">
    <qtimetadata>
      <qtimetadatafield>
        <fieldlabel>cc_maxattempts</fieldlabel>
        <fieldentry>1</fieldentry>
      </qtimetadatafield>
    </qtimetadata>
    <section ident="root_section">
      <item ident="text2qti_question_66a26f53713c74535e67f85fd9c6a4a9e468a07fe21aad73cd8ea41ea5794bbc" title="Question">
        <itemmetadata>
          <qtimetadata>
            <qtimetadatafield>
              <fieldlabel>question_type</fieldlabel>
              <fieldentry>multiple_choice_question</fieldentry>
            </qtimetadatafield>
            <qtimetadatafield>
              <fieldlabel>points_possible</fieldlabel>
              <fieldentry>1</fieldentry>
            </qtimetadatafield>
            <qtimetadatafield>
              <fieldlabel>original_answer_ids</fieldlabel>
              <fieldentry>text2qti_choice_8ca8dc5bd62fdd2c0ff6aa2c91045294371948091f39805006001a3081b63ad8,text2qti_choice_f3623d205badf01e1b223aafbf85d70809f475d1df4c08f0e28c0455a2b9e6e2,text2qti_choice_7871ca3985d788484d305dd2d679617cca2ee4b2b66fc639646f92be5b467934</fieldentry>
            </qtimetadatafield>
            <qtimetadatafield>
              <fieldlabel>assessment_question_identifierref</fieldlabel>
              <fieldentry>text2qti_question_ref_66a26f53713c74535e67f85fd9c6a4a9e468a07fe21aad73cd8ea41ea5794bbc</fieldentry>
            </qtimetadatafield>
          </qtimetadata>
        </itemmetadata>
        <presentation>
          <material>
            <mattext texttype="text/html">&lt;p&gt;What keyword is used to include a library in your sketch?&lt;/p&gt;</mattext>
          </material>
          <response_lid ident="response1" rcardinality="Single">
            <render_choice>
              <response_label ident="text2qti_choice_8ca8dc5bd62fdd2c0ff6aa2c91045294371948091f39805006001a3081b63ad8">
                <material>
                  <mattext texttype="text/html">&lt;h1&gt;include&lt;/h1&gt;</mattext>
                </material>
              </response_label>
              <response_label ident="text2qti_choice_f3623d205badf01e1b223aafbf85d70809f475d1df4c08f0e28c0455a2b9e6e2">
                <material>
                  <mattext texttype="text/html">&lt;p&gt;import&lt;/p&gt;</mattext>
                </material>
              </response_label>
              <response_label ident="text2qti_choice_7871ca3985d788484d305dd2d679617cca2ee4b2b66fc639646f92be5b467934">
                <material>
                  <mattext texttype="text/html">&lt;p&gt;using&lt;/p&gt;</mattext>
                </material>
              </response_label>
            </render_choice>
          </response_lid>
        </presentation>
        <resprocessing>
          <outcomes>
            <decvar maxvalue="100" minvalue="0" varname="SCORE" vartype="Decimal"/>
          </outcomes>
          <respcondition continue="Yes">
            <conditionvar>
              <varequal respident="response1">text2qti_choice_8ca8dc5bd62fdd2c0ff6aa2c91045294371948091f39805006001a3081b63ad8</varequal>
            </conditionvar>
            <displayfeedback feedbacktype="Response" linkrefid="text2qti_choice_8ca8dc5bd62fdd2c0ff6aa2c91045294371948091f39805006001a3081b63ad8_fb"/>
          </respcondition>
          <respcondition continue="No">
            <conditionvar>
              <varequal respident="response1">text2qti_choice_8ca8dc5bd62fdd2c0ff6aa2c91045294371948091f39805006001a3081b63ad8</varequal>
            </conditionvar>
            <setvar action="Set" varname="SCORE">100</setvar>
          </respcondition>
        </resprocessing>
        <itemfeedback ident="text2qti_choice_8ca8dc5bd62fdd2c0ff6aa2c91045294371948091f39805006001a3081b63ad8_fb">
          <flow_mat>
            <material>
              <mattext texttype="text/html">&lt;p&gt;&lt;code&gt;#include&lt;/code&gt; tells the preprocessor to pull in a header file.&lt;/p&gt;</mattext>
            </material>
          </flow_mat>
        </itemfeedback>
      </item>
      <item ident="text2qti_question_9ff7b3c30444536731e892c816ec268f4de160e2cb888f2b308a39e2a1e702c5" title="Question">
        <itemmetadata>
          <qtimetadata>
            <qtimetadatafield>
              <fieldlabel>question_type</fieldlabel>
              <fieldentry>multiple_choice_question</fieldentry>
            </qtimetadatafield>
            <qtimetadatafield>
              <fieldlabel>points_possible</fieldlabel>
              <fieldentry>1</fieldentry>
            </qtimetadatafield>
            <qtimetadatafield>
              <fieldlabel>original_answer_ids</fieldlabel>
              <fieldentry>text2qti_choice_001a83260f57179b8ec6a0e43ded9d495b9068b60935c9ddac96e9473f573ea9,text2qti_choice_5dbf87e1c3e61b4b73737c04e574bb1c95cf9bcf6da2e182187ea426a50e9f59,text2qti_choice_cddb9fb81b5bcb18937ffe66cd61136d3d29bbc5d7394ca234d20e83777c2a47</fieldentry>
            </qtimetadatafield>
            <qtimetadatafield>
              <fieldlabel>assessment_question_identifierref</fieldlabel>
              <fieldentry>text2qti_question_ref_9ff7b3c30444536731e892c816ec268f4de160e2cb888f2b308a39e2a1e702c5</fieldentry>
            </qtimetadatafield>
          </qtimetadata>
        </itemmetadata>
        <presentation>
          <material>
            <mattext texttype="text/html">&lt;p&gt;Where do you typically install new libraries from inside the Arduino IDE?&lt;/p&gt;</mattext>
          </material>
          <response_lid ident="response1" rcardinality="Single">
            <render_choice>
              <response_label ident="text2qti_choice_001a83260f57179b8ec6a0e43ded9d495b9068b60935c9ddac96e9473f573ea9">
                <material>
                  <mattext texttype="text/html">&lt;p&gt;Library Manager&lt;/p&gt;</mattext>
                </material>
              </response_label>
              <response_label ident="text2qti_choice_5dbf87e1c3e61b4b73737c04e574bb1c95cf9bcf6da2e182187ea426a50e9f59">
                <material>
                  <mattext texttype="text/html">&lt;p&gt;Serial Monitor&lt;/p&gt;</mattext>
                </material>
              </response_label>
              <response_label ident="text2qti_choice_cddb9fb81b5bcb18937ffe66cd61136d3d29bbc5d7394ca234d20e83777c2a47">
                <material>
                  <mattext texttype="text/html">&lt;p&gt;Board Manager&lt;/p&gt;</mattext>
                </material>
              </response_label>
            </render_choice>
          </response_lid>
        </presentation>
        <resprocessing>
          <outcomes>
            <decvar maxvalue="100" minvalue="0" varname="SCORE" vartype="Decimal"/>
          </outcomes>
          <respcondition continue="Yes">
            <conditionvar>
              <other/>
            </conditionvar>
            <displayfeedback feedbacktype="Response" linkrefid="general_fb"/>
          </respcondition>
          <respcondition continue="Yes">
            <conditionvar>
              <varequal respident="response1">text2qti_choice_001a83260f57179b8ec6a0e43ded9d495b9068b60935c9ddac96e9473f573ea9</varequal>
            </conditionvar>
            <displayfeedback feedbacktype="Response" linkrefid="text2qti_choice_001a83260f57179b8ec6a0e43ded9d495b9068b60935c9ddac96e9473f573ea9_fb"/>
          </respcondition>
          <respcondition continue="No">
            <conditionvar>
              <varequal respident="response1">text2qti_choice_001a83260f57179b8ec6a0e43ded9d495b9068b60935c9ddac96e9473f573ea9</varequal>
            </conditionvar>
            <setvar action="Set" varname="SCORE">100</setvar>
          </respcondition>
        </resprocessing>
        <itemfeedback ident="general_fb">
          <flow_mat>
            <material>
              <mattext texttype="text/html">&lt;p&gt;This tool lets you search online packages.&lt;/p&gt;</mattext>
            </material>
          </flow_mat>
        </itemfeedback>
        <itemfeedback ident="text2qti_choice_001a83260f57179b8ec6a0e43ded9d495b9068b60935c9ddac96e9473f573ea9_fb">
          <flow_mat>
            <material>
              <mattext texttype="text/html">&lt;p&gt;The Library Manager downloads and installs libraries.&lt;/p&gt;</mattext>
            </material>
          </flow_mat>
        </itemfeedback>
      </item>
      <item ident="text2qti_question_f25044ffce33267b221112f9dd79e8c992cd19a5bcbd10d63d650b9f9535222a" title="Question">
        <itemmetadata>
          <qtimetadata>
            <qtimetadatafield>
              <fieldlabel>question_type</fieldlabel>
              <fieldentry>multiple_choice_question</fieldentry>
            </qtimetadatafield>
            <qtimetadatafield>
              <fieldlabel>points_possible</fieldlabel>
              <fieldentry>1</fieldentry>
            </qtimetadatafield>
            <qtimetadatafield>
              <fieldlabel>original_answer_ids</fieldlabel>
              <fieldentry>text2qti_choice_06fb8fc6cc543411bb0cc13f030e83747e2b4238fa39e677e422b1e3f62e4ca1,text2qti_choice_71dfedc9022c230f5dc44b616c88a5255f1daedce8f8c9cd269e00ca1dc27c33,text2qti_choice_7b7616b9b27627f64c47ad5f34b42680f678ea4c6211ff318248a2a49ff1a805,text2qti_choice_dc5c42759dce7a68363b4f9bcd97ae2c19d11b1eb442fcbb583131f446de4725</fieldentry>
            </qtimetadatafield>
            <qtimetadatafield>
              <fieldlabel>assessment_question_identifierref</fieldlabel>
              <fieldentry>text2qti_question_ref_f25044ffce33267b221112f9dd79e8c992cd19a5bcbd10d63d650b9f9535222a</fieldentry>
            </qtimetadatafield>
          </qtimetadata>
        </itemmetadata>
        <presentation>
          <material>
            <mattext texttype="text/html">&lt;p&gt;Which statement adds the &lt;code&gt;Wire&lt;/code&gt; library to your sketch?&lt;/p&gt;</mattext>
          </material>
          <response_lid ident="response1" rcardinality="Single">
            <render_choice>
              <response_label ident="text2qti_choice_06fb8fc6cc543411bb0cc13f030e83747e2b4238fa39e677e422b1e3f62e4ca1">
                <material>
                  <mattext texttype="text/html">&lt;h1&gt;include &lt;Wire.h&gt;&lt;/h1&gt;</mattext>
                </material>
              </response_label>
              <response_label ident="text2qti_choice_71dfedc9022c230f5dc44b616c88a5255f1daedce8f8c9cd269e00ca1dc27c33">
                <material>
                  <mattext texttype="text/html">&lt;p&gt;import Wire&lt;/p&gt;</mattext>
                </material>
              </response_label>
              <response_label ident="text2qti_choice_7b7616b9b27627f64c47ad5f34b42680f678ea4c6211ff318248a2a49ff1a805">
                <material>
                  <mattext texttype="text/html">&lt;p&gt;include &amp;ldquo;Wire&amp;rdquo;&lt;/p&gt;</mattext>
                </material>
              </response_label>
              <response_label ident="text2qti_choice_dc5c42759dce7a68363b4f9bcd97ae2c19d11b1eb442fcbb583131f446de4725">
                <material>
                  <mattext texttype="text/html">&lt;p&gt;using Wire;&lt;/p&gt;</mattext>
                </material>
              </response_label>
            </render_choice>
          </response_lid>
        </presentation>
        <resprocessing>
          <outcomes>
            <decvar maxvalue="100" minvalue="0" varname="SCORE" vartype="Decimal"/>
          </outcomes>
          <respcondition continue="Yes">
            <conditionvar>
              <varequal respident="response1">text2qti_choice_06fb8fc6cc543411bb0cc13f030e83747e2b4238fa39e677e422b1e3f62e4ca1</varequal>
            </conditionvar>
            <displayfeedback feedbacktype="Response" linkrefid="text2qti_choice_06fb8fc6cc543411bb0cc13f030e83747e2b4238fa39e677e422b1e3f62e4ca1_fb"/>
          </respcondition>
          <respcondition continue="No">
            <conditionvar>
              <varequal respident="response1">text2qti_choice_06fb8fc6cc543411bb0cc13f030e83747e2b4238fa39e677e422b1e3f62e4ca1</varequal>
            </conditionvar>
            <setvar action="Set" varname="SCORE">100</setvar>
          </respcondition>
        </resprocessing>
        <itemfeedback ident="text2qti_choice_06fb8fc6cc543411bb0cc13f030e83747e2b4238fa39e677e422b1e3f62e4ca1_fb">
          <flow_mat>
            <material>
              <mattext texttype="text/html">&lt;p&gt;Angle brackets include standard libraries like Wire.&lt;/p&gt;</mattext>
            </material>
          </flow_mat>
        </itemfeedback>
      </item>
    </section>
  </assessment>
</questestinterop>
