<?xml version="1.0" encoding="UTF-8"?>
<questestinterop xmlns="http://www.imsglobal.org/xsd/ims_qtiasiv1p2" xmlns:xsi="http://www.w3.org/2001/XMLSchema-instance" xsi:schemaLocation="http://www.imsglobal.org/xsd/ims_qtiasiv1p2 http://www.imsglobal.org/xsd/ims_qtiasiv1p2p1.xsd">
  <assessment ident="text2qti_assessment_e47a5c7a6edafb838c5dc1e65b41e3604cf3fbb0c7f0e3067f700e6b2a93c308" title="Control Structures">
    <qtimetadata>
      <qtimetadatafield>
        <fieldlabel>cc_maxattempts</fieldlabel>
        <fieldentry>1</fieldentry>
      </qtimetadatafield>
    </qtimetadata>
    <section ident="root_section">
      <item ident="text2qti_question_0b382a5443eb77076d762e949d2f81338c918f8fe4e15adae8b50593aa4f4add" title="Question">
        <itemmetadata>
          <qtimetadata>
            <qtimetadatafield>
              <fieldlabel>question_type</fieldlabel>
              <fieldentry>multiple_choice_question</fieldentry>
            </qtimetadatafield>
            <qtimetadatafield>
              <fieldlabel>points_possible</fieldlabel>
              <fieldentry>1</fieldentry>
            </qtimetadatafield>
            <qtimetadatafield>
              <fieldlabel>original_answer_ids</fieldlabel>
              <fieldentry>text2qti_choice_0733c035ed2264724033f86ab60424decabf518a183f820b2568b4b8a9a7d7fb,text2qti_choice_d6c2943e2d56e187d3434d88ba3bf03f396bb2be70834ee9f7bba919972ae530,text2qti_choice_2ac653723e9683098e7ec16f0b838105ccae0282b32b6cd58e47aa00955d04c9</fieldentry>
            </qtimetadatafield>
            <qtimetadatafield>
              <fieldlabel>assessment_question_identifierref</fieldlabel>
              <fieldentry>text2qti_question_ref_0b382a5443eb77076d762e949d2f81338c918f8fe4e15adae8b50593aa4f4add</fieldentry>
            </qtimetadatafield>
          </qtimetadata>
        </itemmetadata>
        <presentation>
          <material>
            <mattext texttype="text/html">&lt;p&gt;Which operator represents logical AND in Arduino?&lt;/p&gt;</mattext>
          </material>
          <response_lid ident="response1" rcardinality="Single">
            <render_choice>
              <response_label ident="text2qti_choice_0733c035ed2264724033f86ab60424decabf518a183f820b2568b4b8a9a7d7fb">
                <material>
                  <mattext texttype="text/html">&lt;p&gt;||&lt;/p&gt;</mattext>
                </material>
              </response_label>
              <response_label ident="text2qti_choice_d6c2943e2d56e187d3434d88ba3bf03f396bb2be70834ee9f7bba919972ae530">
                <material>
                  <mattext texttype="text/html">&lt;p&gt;&amp;amp;&amp;amp;&lt;/p&gt;</mattext>
                </material>
              </response_label>
              <response_label ident="text2qti_choice_2ac653723e9683098e7ec16f0b838105ccae0282b32b6cd58e47aa00955d04c9">
                <material>
                  <mattext texttype="text/html">&lt;p&gt;!&lt;/p&gt;</mattext>
                </material>
              </response_label>
            </render_choice>
          </response_lid>
        </presentation>
        <resprocessing>
          <outcomes>
            <decvar maxvalue="100" minvalue="0" varname="SCORE" vartype="Decimal"/>
          </outcomes>
          <respcondition continue="Yes">
            <conditionvar>
              <other/>
            </conditionvar>
            <displayfeedback feedbacktype="Response" linkrefid="general_fb"/>
          </respcondition>
          <respcondition continue="Yes">
            <conditionvar>
              <varequal respident="response1">text2qti_choice_d6c2943e2d56e187d3434d88ba3bf03f396bb2be70834ee9f7bba919972ae530</varequal>
            </conditionvar>
            <displayfeedback feedbacktype="Response" linkrefid="text2qti_choice_d6c2943e2d56e187d3434d88ba3bf03f396bb2be70834ee9f7bba919972ae530_fb"/>
          </respcondition>
          <respcondition continue="No">
            <conditionvar>
              <varequal respident="response1">text2qti_choice_d6c2943e2d56e187d3434d88ba3bf03f396bb2be70834ee9f7bba919972ae530</varequal>
            </conditionvar>
            <setvar action="Set" varname="SCORE">100</setvar>
          </respcondition>
        </resprocessing>
        <itemfeedback ident="general_fb">
          <flow_mat>
            <material>
              <mattext texttype="text/html">&lt;p&gt;This operator ensures both expressions are true.&lt;/p&gt;</mattext>
            </material>
          </flow_mat>
        </itemfeedback>
        <itemfeedback ident="text2qti_choice_d6c2943e2d56e187d3434d88ba3bf03f396bb2be70834ee9f7bba919972ae530_fb">
          <flow_mat>
            <material>
              <mattext texttype="text/html">&lt;p&gt;&lt;code&gt;&amp;amp;&amp;amp;&lt;/code&gt; returns true only if both sides are true.&lt;/p&gt;</mattext>
            </material>
          </flow_mat>
        </itemfeedback>
      </item>
      <item ident="text2qti_question_76557655ad94e55813c8f36da8701a55e6c69e74bfc4e60eba8d69004a5bd5b7" title="Question">
        <itemmetadata>
          <qtimetadata>
            <qtimetadatafield>
              <fieldlabel>question_type</fieldlabel>
              <fieldentry>multiple_choice_question</fieldentry>
            </qtimetadatafield>
            <qtimetadatafield>
              <fieldlabel>points_possible</fieldlabel>
              <fieldentry>1</fieldentry>
            </qtimetadatafield>
            <qtimetadatafield>
              <fieldlabel>original_answer_ids</fieldlabel>
              <fieldentry>text2qti_choice_5cb861f3674bb9b38dcbaf57796d802fa11452bc66629c62c16bae4a49529689,text2qti_choice_6d944bbb1239771513d447b691edad444e69525ecc48c36d6ecc1e52374d257a,text2qti_choice_1b91e28d81979c313dca22f067a1bc1490032521c22e07ad1ed2d68fde20df8d</fieldentry>
            </qtimetadatafield>
            <qtimetadatafield>
              <fieldlabel>assessment_question_identifierref</fieldlabel>
              <fieldentry>text2qti_question_ref_76557655ad94e55813c8f36da8701a55e6c69e74bfc4e60eba8d69004a5bd5b7</fieldentry>
            </qtimetadatafield>
          </qtimetadata>
        </itemmetadata>
        <presentation>
          <material>
            <mattext texttype="text/html">&lt;p&gt;Which keyword begins a decision-making statement?&lt;/p&gt;</mattext>
          </material>
          <response_lid ident="response1" rcardinality="Single">
            <render_choice>
              <response_label ident="text2qti_choice_5cb861f3674bb9b38dcbaf57796d802fa11452bc66629c62c16bae4a49529689">
                <material>
                  <mattext texttype="text/html">&lt;p&gt;if&lt;/p&gt;</mattext>
                </material>
              </response_label>
              <response_label ident="text2qti_choice_6d944bbb1239771513d447b691edad444e69525ecc48c36d6ecc1e52374d257a">
                <material>
                  <mattext texttype="text/html">&lt;p&gt;loop&lt;/p&gt;</mattext>
                </material>
              </response_label>
              <response_label ident="text2qti_choice_1b91e28d81979c313dca22f067a1bc1490032521c22e07ad1ed2d68fde20df8d">
                <material>
                  <mattext texttype="text/html">&lt;p&gt;goto&lt;/p&gt;</mattext>
                </material>
              </response_label>
            </render_choice>
          </response_lid>
        </presentation>
        <resprocessing>
          <outcomes>
            <decvar maxvalue="100" minvalue="0" varname="SCORE" vartype="Decimal"/>
          </outcomes>
          <respcondition continue="Yes">
            <conditionvar>
              <varequal respident="response1">text2qti_choice_5cb861f3674bb9b38dcbaf57796d802fa11452bc66629c62c16bae4a49529689</varequal>
            </conditionvar>
            <displayfeedback feedbacktype="Response" linkrefid="text2qti_choice_5cb861f3674bb9b38dcbaf57796d802fa11452bc66629c62c16bae4a49529689_fb"/>
          </respcondition>
          <respcondition continue="No">
            <conditionvar>
              <varequal respident="response1">text2qti_choice_5cb861f3674bb9b38dcbaf57796d802fa11452bc66629c62c16bae4a49529689</varequal>
            </conditionvar>
            <setvar action="Set" varname="SCORE">100</setvar>
          </respcondition>
        </resprocessing>
        <itemfeedback ident="text2qti_choice_5cb861f3674bb9b38dcbaf57796d802fa11452bc66629c62c16bae4a49529689_fb">
          <flow_mat>
            <material>
              <mattext texttype="text/html">&lt;p&gt;&lt;code&gt;if&lt;/code&gt; checks a condition before running code.&lt;/p&gt;</mattext>
            </material>
          </flow_mat>
        </itemfeedback>
      </item>
      <item ident="text2qti_question_80f61b8fc50b204a15974e6f387d475a1ec41a2e31c7719364d386074bec2f30" title="Question">
        <itemmetadata>
          <qtimetadata>
            <qtimetadatafield>
              <fieldlabel>question_type</fieldlabel>
              <fieldentry>multiple_choice_question</fieldentry>
            </qtimetadatafield>
            <qtimetadatafield>
              <fieldlabel>points_possible</fieldlabel>
              <fieldentry>1</fieldentry>
            </qtimetadatafield>
            <qtimetadatafield>
              <fieldlabel>original_answer_ids</fieldlabel>
              <fieldentry>text2qti_choice_f44d3b1ad7a602a2c8fd617bc7b259c80e504bc928c1a3f5ce8d8a6c6e65369e,text2qti_choice_0ffab62ffc18716fe15ece5def474603d7b2a146540127a5527bc27fc21b8862,text2qti_choice_07c76aca427ce6b1c6546741b216929e47ebcb99b7088f0cab207c3d31c0bd59</fieldentry>
            </qtimetadatafield>
            <qtimetadatafield>
              <fieldlabel>assessment_question_identifierref</fieldlabel>
              <fieldentry>text2qti_question_ref_80f61b8fc50b204a15974e6f387d475a1ec41a2e31c7719364d386074bec2f30</fieldentry>
            </qtimetadatafield>
          </qtimetadata>
        </itemmetadata>
        <presentation>
          <material>
            <mattext texttype="text/html">&lt;p&gt;What will this code print when &lt;code&gt;x&lt;/code&gt; is 3?&lt;/p&gt;</mattext>
          </material>
          <response_lid ident="response1" rcardinality="Single">
            <render_choice>
              <response_label ident="text2qti_choice_f44d3b1ad7a602a2c8fd617bc7b259c80e504bc928c1a3f5ce8d8a6c6e65369e">
                <material>
                  <mattext texttype="text/html">&lt;p&gt;yes&lt;/p&gt;</mattext>
                </material>
              </response_label>
              <response_label ident="text2qti_choice_0ffab62ffc18716fe15ece5def474603d7b2a146540127a5527bc27fc21b8862">
                <material>
                  <mattext texttype="text/html">&lt;p&gt;no&lt;/p&gt;</mattext>
                </material>
              </response_label>
              <response_label ident="text2qti_choice_07c76aca427ce6b1c6546741b216929e47ebcb99b7088f0cab207c3d31c0bd59">
                <material>
                  <mattext texttype="text/html">&lt;p&gt;It prints nothing.&lt;/p&gt;</mattext>
                </material>
              </response_label>
            </render_choice>
          </response_lid>
        </presentation>
        <resprocessing>
          <outcomes>
            <decvar maxvalue="100" minvalue="0" varname="SCORE" vartype="Decimal"/>
          </outcomes>
          <respcondition continue="Yes">
            <conditionvar>
              <varequal respident="response1">text2qti_choice_f44d3b1ad7a602a2c8fd617bc7b259c80e504bc928c1a3f5ce8d8a6c6e65369e</varequal>
            </conditionvar>
            <displayfeedback feedbacktype="Response" linkrefid="text2qti_choice_f44d3b1ad7a602a2c8fd617bc7b259c80e504bc928c1a3f5ce8d8a6c6e65369e_fb"/>
          </respcondition>
          <respcondition continue="No">
            <conditionvar>
              <varequal respident="response1">text2qti_choice_f44d3b1ad7a602a2c8fd617bc7b259c80e504bc928c1a3f5ce8d8a6c6e65369e</varequal>
            </conditionvar>
            <setvar action="Set" varname="SCORE">100</setvar>
          </respcondition>
        </resprocessing>
        <itemfeedback ident="text2qti_choice_f44d3b1ad7a602a2c8fd617bc7b259c80e504bc928c1a3f5ce8d8a6c6e65369e_fb">
          <flow_mat>
            <material>
              <mattext texttype="text/html">&lt;p&gt;3 is greater than 2, so the &lt;code&gt;if&lt;/code&gt; branch runs.&lt;/p&gt;</mattext>
            </material>
          </flow_mat>
        </itemfeedback>
      </item>
    </section>
  </assessment>
</questestinterop>
