<?xml version="1.0" encoding="UTF-8"?>
<questestinterop xmlns="http://www.imsglobal.org/xsd/ims_qtiasiv1p2" xmlns:xsi="http://www.w3.org/2001/XMLSchema-instance" xsi:schemaLocation="http://www.imsglobal.org/xsd/ims_qtiasiv1p2 http://www.imsglobal.org/xsd/ims_qtiasiv1p2p1.xsd">
  <assessment ident="text2qti_assessment_bce2bc4c7613d2e9c745ccd5b93bcab7a55dd823da88c748ce2b3f68a45d0356" title="Responsible Printing">
    <qtimetadata>
      <qtimetadatafield>
        <fieldlabel>cc_maxattempts</fieldlabel>
        <fieldentry>1</fieldentry>
      </qtimetadatafield>
    </qtimetadata>
    <section ident="root_section">
      <item ident="text2qti_question_03201a43847204e16f207d90d097a3e92d7bd36b3cf8ac75e24ccb4ea43451b6" title="Question">
        <itemmetadata>
          <qtimetadata>
            <qtimetadatafield>
              <fieldlabel>question_type</fieldlabel>
              <fieldentry>multiple_choice_question</fieldentry>
            </qtimetadatafield>
            <qtimetadatafield>
              <fieldlabel>points_possible</fieldlabel>
              <fieldentry>1</fieldentry>
            </qtimetadatafield>
            <qtimetadatafield>
              <fieldlabel>original_answer_ids</fieldlabel>
              <fieldentry>text2qti_choice_1fc202fbcfe95f3c52be7d06053c74f91a4ef8c64e1892341af84bc3ff6f6e38,text2qti_choice_e2dbcb9f7bc57abfcf3457885f269feb7801d8fc002d6747292e12ea3ac23478,text2qti_choice_9e717e01a8e5bd373bf883d829188bbf3b40426586f8cbdc39d09bb282471dfe</fieldentry>
            </qtimetadatafield>
            <qtimetadatafield>
              <fieldlabel>assessment_question_identifierref</fieldlabel>
              <fieldentry>text2qti_question_ref_03201a43847204e16f207d90d097a3e92d7bd36b3cf8ac75e24ccb4ea43451b6</fieldentry>
            </qtimetadatafield>
          </qtimetadata>
        </itemmetadata>
        <presentation>
          <material>
            <mattext texttype="text/html">&lt;p&gt;Why must you complete the DFX lab safety training before using the printers?&lt;/p&gt;</mattext>
          </material>
          <response_lid ident="response1" rcardinality="Single">
            <render_choice>
              <response_label ident="text2qti_choice_1fc202fbcfe95f3c52be7d06053c74f91a4ef8c64e1892341af84bc3ff6f6e38">
                <material>
                  <mattext texttype="text/html">&lt;p&gt;It ensures you understand necessary safety protocols&lt;/p&gt;</mattext>
                </material>
              </response_label>
              <response_label ident="text2qti_choice_e2dbcb9f7bc57abfcf3457885f269feb7801d8fc002d6747292e12ea3ac23478">
                <material>
                  <mattext texttype="text/html">&lt;p&gt;It grants free filament&lt;/p&gt;</mattext>
                </material>
              </response_label>
              <response_label ident="text2qti_choice_9e717e01a8e5bd373bf883d829188bbf3b40426586f8cbdc39d09bb282471dfe">
                <material>
                  <mattext texttype="text/html">&lt;p&gt;It unlocks advanced printer settings&lt;/p&gt;</mattext>
                </material>
              </response_label>
            </render_choice>
          </response_lid>
        </presentation>
        <resprocessing>
          <outcomes>
            <decvar maxvalue="100" minvalue="0" varname="SCORE" vartype="Decimal"/>
          </outcomes>
          <respcondition continue="Yes">
            <conditionvar>
              <varequal respident="response1">text2qti_choice_1fc202fbcfe95f3c52be7d06053c74f91a4ef8c64e1892341af84bc3ff6f6e38</varequal>
            </conditionvar>
            <displayfeedback feedbacktype="Response" linkrefid="text2qti_choice_1fc202fbcfe95f3c52be7d06053c74f91a4ef8c64e1892341af84bc3ff6f6e38_fb"/>
          </respcondition>
          <respcondition continue="No">
            <conditionvar>
              <varequal respident="response1">text2qti_choice_1fc202fbcfe95f3c52be7d06053c74f91a4ef8c64e1892341af84bc3ff6f6e38</varequal>
            </conditionvar>
            <setvar action="Set" varname="SCORE">100</setvar>
          </respcondition>
        </resprocessing>
        <itemfeedback ident="text2qti_choice_1fc202fbcfe95f3c52be7d06053c74f91a4ef8c64e1892341af84bc3ff6f6e38_fb">
          <flow_mat>
            <material>
              <mattext texttype="text/html">&lt;p&gt;Training prevents accidents and is required for lab access.&lt;/p&gt;</mattext>
            </material>
          </flow_mat>
        </itemfeedback>
      </item>
      <item ident="text2qti_question_abf1d7b5e2b4fcbe65bd7f2617fd6bb2ced48b556fe13fc012a80fa0fdd7c4aa" title="Question">
        <itemmetadata>
          <qtimetadata>
            <qtimetadatafield>
              <fieldlabel>question_type</fieldlabel>
              <fieldentry>multiple_choice_question</fieldentry>
            </qtimetadatafield>
            <qtimetadatafield>
              <fieldlabel>points_possible</fieldlabel>
              <fieldentry>1</fieldentry>
            </qtimetadatafield>
            <qtimetadatafield>
              <fieldlabel>original_answer_ids</fieldlabel>
              <fieldentry>text2qti_choice_310fe2e245538f96a367a58c1f3537585fc11ddb4a2ab22606201153f3492a7d,text2qti_choice_97dbce5ef0eeb7543bf66b7d695985ff99270bfd20eb2a380bb1fcfb566f5c56,text2qti_choice_42e824a2f721a14a16b69e4766ba4d1d8c0165a4d949f14e737cc685706ca037</fieldentry>
            </qtimetadatafield>
            <qtimetadatafield>
              <fieldlabel>assessment_question_identifierref</fieldlabel>
              <fieldentry>text2qti_question_ref_abf1d7b5e2b4fcbe65bd7f2617fd6bb2ced48b556fe13fc012a80fa0fdd7c4aa</fieldentry>
            </qtimetadatafield>
          </qtimetadata>
        </itemmetadata>
        <presentation>
          <material>
            <mattext texttype="text/html">&lt;p&gt;Which of the following is allowed in the DFX lab?&lt;/p&gt;</mattext>
          </material>
          <response_lid ident="response1" rcardinality="Single">
            <render_choice>
              <response_label ident="text2qti_choice_310fe2e245538f96a367a58c1f3537585fc11ddb4a2ab22606201153f3492a7d">
                <material>
                  <mattext texttype="text/html">&lt;p&gt;Storing personal projects without permission&lt;/p&gt;</mattext>
                </material>
              </response_label>
              <response_label ident="text2qti_choice_97dbce5ef0eeb7543bf66b7d695985ff99270bfd20eb2a380bb1fcfb566f5c56">
                <material>
                  <mattext texttype="text/html">&lt;p&gt;Bringing food and drink near the printers&lt;/p&gt;</mattext>
                </material>
              </response_label>
              <response_label ident="text2qti_choice_42e824a2f721a14a16b69e4766ba4d1d8c0165a4d949f14e737cc685706ca037">
                <material>
                  <mattext texttype="text/html">&lt;p&gt;Reporting missing tools to staff immediately&lt;/p&gt;</mattext>
                </material>
              </response_label>
            </render_choice>
          </response_lid>
        </presentation>
        <resprocessing>
          <outcomes>
            <decvar maxvalue="100" minvalue="0" varname="SCORE" vartype="Decimal"/>
          </outcomes>
          <respcondition continue="Yes">
            <conditionvar>
              <varequal respident="response1">text2qti_choice_42e824a2f721a14a16b69e4766ba4d1d8c0165a4d949f14e737cc685706ca037</varequal>
            </conditionvar>
            <displayfeedback feedbacktype="Response" linkrefid="text2qti_choice_42e824a2f721a14a16b69e4766ba4d1d8c0165a4d949f14e737cc685706ca037_fb"/>
          </respcondition>
          <respcondition continue="No">
            <conditionvar>
              <varequal respident="response1">text2qti_choice_42e824a2f721a14a16b69e4766ba4d1d8c0165a4d949f14e737cc685706ca037</varequal>
            </conditionvar>
            <setvar action="Set" varname="SCORE">100</setvar>
          </respcondition>
        </resprocessing>
        <itemfeedback ident="text2qti_choice_42e824a2f721a14a16b69e4766ba4d1d8c0165a4d949f14e737cc685706ca037_fb">
          <flow_mat>
            <material>
              <mattext texttype="text/html">&lt;p&gt;Notifying staff keeps the lab safe and organized.&lt;/p&gt;</mattext>
            </material>
          </flow_mat>
        </itemfeedback>
      </item>
      <item ident="text2qti_question_460e037db40c01c572d77a56b4454eacd7aa335ab1df7efdb0c9c5f0c07a6332" title="Question">
        <itemmetadata>
          <qtimetadata>
            <qtimetadatafield>
              <fieldlabel>question_type</fieldlabel>
              <fieldentry>multiple_choice_question</fieldentry>
            </qtimetadatafield>
            <qtimetadatafield>
              <fieldlabel>points_possible</fieldlabel>
              <fieldentry>1</fieldentry>
            </qtimetadatafield>
            <qtimetadatafield>
              <fieldlabel>original_answer_ids</fieldlabel>
              <fieldentry>text2qti_choice_e046025a5d5f3857cef98bc57923e8b966c64a746fb87395fef0951fc76331ad,text2qti_choice_928578a4f358dbb6864fecbd8584a90b41d8dc88046dd5eb4eecfa8b9b610adb,text2qti_choice_9b15ebdecd74a9bf0d1241e85fe365b0a62f7838d9be1a31fd520273a046c3df</fieldentry>
            </qtimetadatafield>
            <qtimetadatafield>
              <fieldlabel>assessment_question_identifierref</fieldlabel>
              <fieldentry>text2qti_question_ref_460e037db40c01c572d77a56b4454eacd7aa335ab1df7efdb0c9c5f0c07a6332</fieldentry>
            </qtimetadatafield>
          </qtimetadata>
        </itemmetadata>
        <presentation>
          <material>
            <mattext texttype="text/html">&lt;p&gt;If you witness a water leak or equipment problem, what should you do?&lt;/p&gt;</mattext>
          </material>
          <response_lid ident="response1" rcardinality="Single">
            <render_choice>
              <response_label ident="text2qti_choice_e046025a5d5f3857cef98bc57923e8b966c64a746fb87395fef0951fc76331ad">
                <material>
                  <mattext texttype="text/html">&lt;p&gt;Ignore it and continue printing&lt;/p&gt;</mattext>
                </material>
              </response_label>
              <response_label ident="text2qti_choice_928578a4f358dbb6864fecbd8584a90b41d8dc88046dd5eb4eecfa8b9b610adb">
                <material>
                  <mattext texttype="text/html">&lt;p&gt;Report it to TSS staff right away&lt;/p&gt;</mattext>
                </material>
              </response_label>
              <response_label ident="text2qti_choice_9b15ebdecd74a9bf0d1241e85fe365b0a62f7838d9be1a31fd520273a046c3df">
                <material>
                  <mattext texttype="text/html">&lt;p&gt;Try to fix it yourself&lt;/p&gt;</mattext>
                </material>
              </response_label>
            </render_choice>
          </response_lid>
        </presentation>
        <resprocessing>
          <outcomes>
            <decvar maxvalue="100" minvalue="0" varname="SCORE" vartype="Decimal"/>
          </outcomes>
          <respcondition continue="Yes">
            <conditionvar>
              <varequal respident="response1">text2qti_choice_928578a4f358dbb6864fecbd8584a90b41d8dc88046dd5eb4eecfa8b9b610adb</varequal>
            </conditionvar>
            <displayfeedback feedbacktype="Response" linkrefid="text2qti_choice_928578a4f358dbb6864fecbd8584a90b41d8dc88046dd5eb4eecfa8b9b610adb_fb"/>
          </respcondition>
          <respcondition continue="No">
            <conditionvar>
              <varequal respident="response1">text2qti_choice_928578a4f358dbb6864fecbd8584a90b41d8dc88046dd5eb4eecfa8b9b610adb</varequal>
            </conditionvar>
            <setvar action="Set" varname="SCORE">100</setvar>
          </respcondition>
        </resprocessing>
        <itemfeedback ident="text2qti_choice_928578a4f358dbb6864fecbd8584a90b41d8dc88046dd5eb4eecfa8b9b610adb_fb">
          <flow_mat>
            <material>
              <mattext texttype="text/html">&lt;p&gt;Prompt reporting prevents further damage or safety issues.&lt;/p&gt;</mattext>
            </material>
          </flow_mat>
        </itemfeedback>
      </item>
      <item ident="text2qti_question_c371131199fcb7ad2b7f8e55d4a008c5e36495dd597c2ac55cd66624783b374d" title="Question">
        <itemmetadata>
          <qtimetadata>
            <qtimetadatafield>
              <fieldlabel>question_type</fieldlabel>
              <fieldentry>multiple_choice_question</fieldentry>
            </qtimetadatafield>
            <qtimetadatafield>
              <fieldlabel>points_possible</fieldlabel>
              <fieldentry>1</fieldentry>
            </qtimetadatafield>
            <qtimetadatafield>
              <fieldlabel>original_answer_ids</fieldlabel>
              <fieldentry>text2qti_choice_549cfdbc430bae86661c2a0fd55657d09a576dc1c076cb02521c66bfcbbf2fef,text2qti_choice_f24713eb6b84c7e89c3f36aa8c7480145ffd6c4380e739faf4036574d9a4f636,text2qti_choice_c5de8b00cebe8efd186d98dfb7fd15c4d2b0ccb2c50c1f1240067733f5906bea</fieldentry>
            </qtimetadatafield>
            <qtimetadatafield>
              <fieldlabel>assessment_question_identifierref</fieldlabel>
              <fieldentry>text2qti_question_ref_c371131199fcb7ad2b7f8e55d4a008c5e36495dd597c2ac55cd66624783b374d</fieldentry>
            </qtimetadatafield>
          </qtimetadata>
        </itemmetadata>
        <presentation>
          <material>
            <mattext texttype="text/html">&lt;p&gt;Why should you stay near the printer for the first few layers?&lt;/p&gt;</mattext>
          </material>
          <response_lid ident="response1" rcardinality="Single">
            <render_choice>
              <response_label ident="text2qti_choice_549cfdbc430bae86661c2a0fd55657d09a576dc1c076cb02521c66bfcbbf2fef">
                <material>
                  <mattext texttype="text/html">&lt;p&gt;Most print failures happen early and can be stopped quickly&lt;/p&gt;</mattext>
                </material>
              </response_label>
              <response_label ident="text2qti_choice_f24713eb6b84c7e89c3f36aa8c7480145ffd6c4380e739faf4036574d9a4f636">
                <material>
                  <mattext texttype="text/html">&lt;p&gt;The printer requires constant manual control&lt;/p&gt;</mattext>
                </material>
              </response_label>
              <response_label ident="text2qti_choice_c5de8b00cebe8efd186d98dfb7fd15c4d2b0ccb2c50c1f1240067733f5906bea">
                <material>
                  <mattext texttype="text/html">&lt;p&gt;The filament changes color after three layers&lt;/p&gt;</mattext>
                </material>
              </response_label>
            </render_choice>
          </response_lid>
        </presentation>
        <resprocessing>
          <outcomes>
            <decvar maxvalue="100" minvalue="0" varname="SCORE" vartype="Decimal"/>
          </outcomes>
          <respcondition continue="Yes">
            <conditionvar>
              <varequal respident="response1">text2qti_choice_549cfdbc430bae86661c2a0fd55657d09a576dc1c076cb02521c66bfcbbf2fef</varequal>
            </conditionvar>
            <displayfeedback feedbacktype="Response" linkrefid="text2qti_choice_549cfdbc430bae86661c2a0fd55657d09a576dc1c076cb02521c66bfcbbf2fef_fb"/>
          </respcondition>
          <respcondition continue="No">
            <conditionvar>
              <varequal respident="response1">text2qti_choice_549cfdbc430bae86661c2a0fd55657d09a576dc1c076cb02521c66bfcbbf2fef</varequal>
            </conditionvar>
            <setvar action="Set" varname="SCORE">100</setvar>
          </respcondition>
        </resprocessing>
        <itemfeedback ident="text2qti_choice_549cfdbc430bae86661c2a0fd55657d09a576dc1c076cb02521c66bfcbbf2fef_fb">
          <flow_mat>
            <material>
              <mattext texttype="text/html">&lt;p&gt;Early monitoring prevents wasted time and material.&lt;/p&gt;</mattext>
            </material>
          </flow_mat>
        </itemfeedback>
      </item>
      <item ident="text2qti_question_acee5b7b38b4c6826aee78b6d38071a66bc2eb53c98ac7fbd61fab2b12bed005" title="Question">
        <itemmetadata>
          <qtimetadata>
            <qtimetadatafield>
              <fieldlabel>question_type</fieldlabel>
              <fieldentry>multiple_choice_question</fieldentry>
            </qtimetadatafield>
            <qtimetadatafield>
              <fieldlabel>points_possible</fieldlabel>
              <fieldentry>1</fieldentry>
            </qtimetadatafield>
            <qtimetadatafield>
              <fieldlabel>original_answer_ids</fieldlabel>
              <fieldentry>text2qti_choice_346716a2f9fc3bc0b96dda345fd061c6aadbedbe336fad35b887569088b438a8,text2qti_choice_927a332590dcee2add1794a45eae8bff09793708f715c2348809be084b5211b2,text2qti_choice_977fc376cd0de3f7e82bfea9ec5ec6f22b226c926a7979c8ed3311dd53965fd2</fieldentry>
            </qtimetadatafield>
            <qtimetadatafield>
              <fieldlabel>assessment_question_identifierref</fieldlabel>
              <fieldentry>text2qti_question_ref_acee5b7b38b4c6826aee78b6d38071a66bc2eb53c98ac7fbd61fab2b12bed005</fieldentry>
            </qtimetadatafield>
          </qtimetadata>
        </itemmetadata>
        <presentation>
          <material>
            <mattext texttype="text/html">&lt;p&gt;Before starting a print, which of the following should you verify?&lt;/p&gt;</mattext>
          </material>
          <response_lid ident="response1" rcardinality="Single">
            <render_choice>
              <response_label ident="text2qti_choice_346716a2f9fc3bc0b96dda345fd061c6aadbedbe336fad35b887569088b438a8">
                <material>
                  <mattext texttype="text/html">&lt;p&gt;Filament levels, clean bed, and correctly named file&lt;/p&gt;</mattext>
                </material>
              </response_label>
              <response_label ident="text2qti_choice_927a332590dcee2add1794a45eae8bff09793708f715c2348809be084b5211b2">
                <material>
                  <mattext texttype="text/html">&lt;p&gt;Only the color of the nozzle&lt;/p&gt;</mattext>
                </material>
              </response_label>
              <response_label ident="text2qti_choice_977fc376cd0de3f7e82bfea9ec5ec6f22b226c926a7979c8ed3311dd53965fd2">
                <material>
                  <mattext texttype="text/html">&lt;p&gt;That the printer is connected to Wi-Fi&lt;/p&gt;</mattext>
                </material>
              </response_label>
            </render_choice>
          </response_lid>
        </presentation>
        <resprocessing>
          <outcomes>
            <decvar maxvalue="100" minvalue="0" varname="SCORE" vartype="Decimal"/>
          </outcomes>
          <respcondition continue="Yes">
            <conditionvar>
              <varequal respident="response1">text2qti_choice_346716a2f9fc3bc0b96dda345fd061c6aadbedbe336fad35b887569088b438a8</varequal>
            </conditionvar>
            <displayfeedback feedbacktype="Response" linkrefid="text2qti_choice_346716a2f9fc3bc0b96dda345fd061c6aadbedbe336fad35b887569088b438a8_fb"/>
          </respcondition>
          <respcondition continue="No">
            <conditionvar>
              <varequal respident="response1">text2qti_choice_346716a2f9fc3bc0b96dda345fd061c6aadbedbe336fad35b887569088b438a8</varequal>
            </conditionvar>
            <setvar action="Set" varname="SCORE">100</setvar>
          </respcondition>
        </resprocessing>
        <itemfeedback ident="text2qti_choice_346716a2f9fc3bc0b96dda345fd061c6aadbedbe336fad35b887569088b438a8_fb">
          <flow_mat>
            <material>
              <mattext texttype="text/html">&lt;p&gt;These checks prevent common issues and cancellations.&lt;/p&gt;</mattext>
            </material>
          </flow_mat>
        </itemfeedback>
      </item>
      <item ident="text2qti_question_abf2f63268a50ff46a43b3ce38ce1ae5472ba04b9396c3eddbf0e9f77aaa1d87" title="Question">
        <itemmetadata>
          <qtimetadata>
            <qtimetadatafield>
              <fieldlabel>question_type</fieldlabel>
              <fieldentry>multiple_choice_question</fieldentry>
            </qtimetadatafield>
            <qtimetadatafield>
              <fieldlabel>points_possible</fieldlabel>
              <fieldentry>1</fieldentry>
            </qtimetadatafield>
            <qtimetadatafield>
              <fieldlabel>original_answer_ids</fieldlabel>
              <fieldentry>text2qti_choice_0db9b9a29cb9b37625dce6ba8ca429b285073a7804b75f4eb77726873f6b37ac,text2qti_choice_b37436da96d751dbe25b3f0c3257de8929548d13043b2138ff4dc979004b896c,text2qti_choice_43c73a4c2cfe30c003fcbea96f938f0be00e44251237a372e6488b8a3b8c78f7</fieldentry>
            </qtimetadatafield>
            <qtimetadatafield>
              <fieldlabel>assessment_question_identifierref</fieldlabel>
              <fieldentry>text2qti_question_ref_abf2f63268a50ff46a43b3ce38ce1ae5472ba04b9396c3eddbf0e9f77aaa1d87</fieldentry>
            </qtimetadatafield>
          </qtimetadata>
        </itemmetadata>
        <presentation>
          <material>
            <mattext texttype="text/html">&lt;p&gt;The printer runs out of filament during a print. What is the appropriate response?&lt;/p&gt;</mattext>
          </material>
          <response_lid ident="response1" rcardinality="Single">
            <render_choice>
              <response_label ident="text2qti_choice_0db9b9a29cb9b37625dce6ba8ca429b285073a7804b75f4eb77726873f6b37ac">
                <material>
                  <mattext texttype="text/html">&lt;p&gt;Replace the spool yourself immediately&lt;/p&gt;</mattext>
                </material>
              </response_label>
              <response_label ident="text2qti_choice_b37436da96d751dbe25b3f0c3257de8929548d13043b2138ff4dc979004b896c">
                <material>
                  <mattext texttype="text/html">&lt;p&gt;Pause the print and ask a TA or staff member for assistance&lt;/p&gt;</mattext>
                </material>
              </response_label>
              <response_label ident="text2qti_choice_43c73a4c2cfe30c003fcbea96f938f0be00e44251237a372e6488b8a3b8c78f7">
                <material>
                  <mattext texttype="text/html">&lt;p&gt;Ignore it and let the print continue&lt;/p&gt;</mattext>
                </material>
              </response_label>
            </render_choice>
          </response_lid>
        </presentation>
        <resprocessing>
          <outcomes>
            <decvar maxvalue="100" minvalue="0" varname="SCORE" vartype="Decimal"/>
          </outcomes>
          <respcondition continue="Yes">
            <conditionvar>
              <varequal respident="response1">text2qti_choice_b37436da96d751dbe25b3f0c3257de8929548d13043b2138ff4dc979004b896c</varequal>
            </conditionvar>
            <displayfeedback feedbacktype="Response" linkrefid="text2qti_choice_b37436da96d751dbe25b3f0c3257de8929548d13043b2138ff4dc979004b896c_fb"/>
          </respcondition>
          <respcondition continue="No">
            <conditionvar>
              <varequal respident="response1">text2qti_choice_b37436da96d751dbe25b3f0c3257de8929548d13043b2138ff4dc979004b896c</varequal>
            </conditionvar>
            <setvar action="Set" varname="SCORE">100</setvar>
          </respcondition>
        </resprocessing>
        <itemfeedback ident="text2qti_choice_b37436da96d751dbe25b3f0c3257de8929548d13043b2138ff4dc979004b896c_fb">
          <flow_mat>
            <material>
              <mattext texttype="text/html">&lt;p&gt;Staff manage filament changes to protect equipment.&lt;/p&gt;</mattext>
            </material>
          </flow_mat>
        </itemfeedback>
      </item>
      <item ident="text2qti_question_3816fe67ea98008f530ca722f7acd96c7ece0f2df275c510012a4cab0ab887b8" title="Question">
        <itemmetadata>
          <qtimetadata>
            <qtimetadatafield>
              <fieldlabel>question_type</fieldlabel>
              <fieldentry>multiple_choice_question</fieldentry>
            </qtimetadatafield>
            <qtimetadatafield>
              <fieldlabel>points_possible</fieldlabel>
              <fieldentry>1</fieldentry>
            </qtimetadatafield>
            <qtimetadatafield>
              <fieldlabel>original_answer_ids</fieldlabel>
              <fieldentry>text2qti_choice_c61e5688433ef06e74f47615b2621a1a4e04deb2a7a0f0b0b6d640ade820f9b1,text2qti_choice_70f346654251cd78598c9e6fb29c3e58f590bb913163b075aafd27b1b906ac37,text2qti_choice_0360bd183b620517eae35f4c8367009a8de08ab24baba84fa76489113142b3c4</fieldentry>
            </qtimetadatafield>
            <qtimetadatafield>
              <fieldlabel>assessment_question_identifierref</fieldlabel>
              <fieldentry>text2qti_question_ref_3816fe67ea98008f530ca722f7acd96c7ece0f2df275c510012a4cab0ab887b8</fieldentry>
            </qtimetadatafield>
          </qtimetadata>
        </itemmetadata>
        <presentation>
          <material>
            <mattext texttype="text/html">&lt;p&gt;What consequence might result from damaging equipment through rule violations?&lt;/p&gt;</mattext>
          </material>
          <response_lid ident="response1" rcardinality="Single">
            <render_choice>
              <response_label ident="text2qti_choice_c61e5688433ef06e74f47615b2621a1a4e04deb2a7a0f0b0b6d640ade820f9b1">
                <material>
                  <mattext texttype="text/html">&lt;p&gt;Nothing, accidents happen&lt;/p&gt;</mattext>
                </material>
              </response_label>
              <response_label ident="text2qti_choice_70f346654251cd78598c9e6fb29c3e58f590bb913163b075aafd27b1b906ac37">
                <material>
                  <mattext texttype="text/html">&lt;p&gt;Financial responsibility and potential loss of printing privileges&lt;/p&gt;</mattext>
                </material>
              </response_label>
              <response_label ident="text2qti_choice_0360bd183b620517eae35f4c8367009a8de08ab24baba84fa76489113142b3c4">
                <material>
                  <mattext texttype="text/html">&lt;p&gt;You get more filament as compensation&lt;/p&gt;</mattext>
                </material>
              </response_label>
            </render_choice>
          </response_lid>
        </presentation>
        <resprocessing>
          <outcomes>
            <decvar maxvalue="100" minvalue="0" varname="SCORE" vartype="Decimal"/>
          </outcomes>
          <respcondition continue="Yes">
            <conditionvar>
              <varequal respident="response1">text2qti_choice_70f346654251cd78598c9e6fb29c3e58f590bb913163b075aafd27b1b906ac37</varequal>
            </conditionvar>
            <displayfeedback feedbacktype="Response" linkrefid="text2qti_choice_70f346654251cd78598c9e6fb29c3e58f590bb913163b075aafd27b1b906ac37_fb"/>
          </respcondition>
          <respcondition continue="No">
            <conditionvar>
              <varequal respident="response1">text2qti_choice_70f346654251cd78598c9e6fb29c3e58f590bb913163b075aafd27b1b906ac37</varequal>
            </conditionvar>
            <setvar action="Set" varname="SCORE">100</setvar>
          </respcondition>
        </resprocessing>
        <itemfeedback ident="text2qti_choice_70f346654251cd78598c9e6fb29c3e58f590bb913163b075aafd27b1b906ac37_fb">
          <flow_mat>
            <material>
              <mattext texttype="text/html">&lt;p&gt;Breaking rules can lead to fees and revoked access.&lt;/p&gt;</mattext>
            </material>
          </flow_mat>
        </itemfeedback>
      </item>
    </section>
  </assessment>
</questestinterop>
