<?xml version="1.0" encoding="UTF-8"?>
<questestinterop xmlns="http://www.imsglobal.org/xsd/ims_qtiasiv1p2" xmlns:xsi="http://www.w3.org/2001/XMLSchema-instance" xsi:schemaLocation="http://www.imsglobal.org/xsd/ims_qtiasiv1p2 http://www.imsglobal.org/xsd/ims_qtiasiv1p2p1.xsd">
  <assessment ident="text2qti_assessment_07a136ecc482d97d96f6eccfbda73daf2ac87876e63b3af90d0c2af5f9c9f28d" title="Iterating Design">
    <qtimetadata>
      <qtimetadatafield>
        <fieldlabel>cc_maxattempts</fieldlabel>
        <fieldentry>1</fieldentry>
      </qtimetadatafield>
    </qtimetadata>
    <section ident="root_section">
      <item ident="text2qti_question_777d59f6951fc4986ef97c53998b10af6989e3069cb04ae235de21a7186c2bc9" title="Question">
        <itemmetadata>
          <qtimetadata>
            <qtimetadatafield>
              <fieldlabel>question_type</fieldlabel>
              <fieldentry>multiple_choice_question</fieldentry>
            </qtimetadatafield>
            <qtimetadatafield>
              <fieldlabel>points_possible</fieldlabel>
              <fieldentry>1</fieldentry>
            </qtimetadatafield>
            <qtimetadatafield>
              <fieldlabel>original_answer_ids</fieldlabel>
              <fieldentry>text2qti_choice_652967e0d92da66956e8e5f38be69d6e3aa7853d8ed0c278f102343f9e7f7e6b,text2qti_choice_095b7cc7471bf578f5807f6734291d5c3fc58ed34cc7fe099275f798ea0046b8,text2qti_choice_ff33e87661988ebbce34ec5caba16e9d6e84bb86d29a4baefbd00be392e48dc6</fieldentry>
            </qtimetadatafield>
            <qtimetadatafield>
              <fieldlabel>assessment_question_identifierref</fieldlabel>
              <fieldentry>text2qti_question_ref_777d59f6951fc4986ef97c53998b10af6989e3069cb04ae235de21a7186c2bc9</fieldentry>
            </qtimetadatafield>
          </qtimetadata>
        </itemmetadata>
        <presentation>
          <material>
            <mattext texttype="text/html">&lt;p&gt;What print issue is indicated when the corners of your model lift off the bed?&lt;/p&gt;</mattext>
          </material>
          <response_lid ident="response1" rcardinality="Single">
            <render_choice>
              <response_label ident="text2qti_choice_652967e0d92da66956e8e5f38be69d6e3aa7853d8ed0c278f102343f9e7f7e6b">
                <material>
                  <mattext texttype="text/html">&lt;p&gt;Warping&lt;/p&gt;</mattext>
                </material>
              </response_label>
              <response_label ident="text2qti_choice_095b7cc7471bf578f5807f6734291d5c3fc58ed34cc7fe099275f798ea0046b8">
                <material>
                  <mattext texttype="text/html">&lt;p&gt;Stringing&lt;/p&gt;</mattext>
                </material>
              </response_label>
              <response_label ident="text2qti_choice_ff33e87661988ebbce34ec5caba16e9d6e84bb86d29a4baefbd00be392e48dc6">
                <material>
                  <mattext texttype="text/html">&lt;p&gt;Layer shifting&lt;/p&gt;</mattext>
                </material>
              </response_label>
            </render_choice>
          </response_lid>
        </presentation>
        <resprocessing>
          <outcomes>
            <decvar maxvalue="100" minvalue="0" varname="SCORE" vartype="Decimal"/>
          </outcomes>
          <respcondition continue="Yes">
            <conditionvar>
              <varequal respident="response1">text2qti_choice_652967e0d92da66956e8e5f38be69d6e3aa7853d8ed0c278f102343f9e7f7e6b</varequal>
            </conditionvar>
            <displayfeedback feedbacktype="Response" linkrefid="text2qti_choice_652967e0d92da66956e8e5f38be69d6e3aa7853d8ed0c278f102343f9e7f7e6b_fb"/>
          </respcondition>
          <respcondition continue="No">
            <conditionvar>
              <varequal respident="response1">text2qti_choice_652967e0d92da66956e8e5f38be69d6e3aa7853d8ed0c278f102343f9e7f7e6b</varequal>
            </conditionvar>
            <setvar action="Set" varname="SCORE">100</setvar>
          </respcondition>
        </resprocessing>
        <itemfeedback ident="text2qti_choice_652967e0d92da66956e8e5f38be69d6e3aa7853d8ed0c278f102343f9e7f7e6b_fb">
          <flow_mat>
            <material>
              <mattext texttype="text/html">&lt;p&gt;Warping occurs when poor adhesion or temperature differences lift corners.&lt;/p&gt;</mattext>
            </material>
          </flow_mat>
        </itemfeedback>
      </item>
      <item ident="text2qti_question_c434e0c5135de14a3fd8c44b5613edefa9fd394a196aca2efbc9c6952a35a81b" title="Question">
        <itemmetadata>
          <qtimetadata>
            <qtimetadatafield>
              <fieldlabel>question_type</fieldlabel>
              <fieldentry>multiple_choice_question</fieldentry>
            </qtimetadatafield>
            <qtimetadatafield>
              <fieldlabel>points_possible</fieldlabel>
              <fieldentry>1</fieldentry>
            </qtimetadatafield>
            <qtimetadatafield>
              <fieldlabel>original_answer_ids</fieldlabel>
              <fieldentry>text2qti_choice_ca9acf1d672aa5fcebc2e486ad811786a339f8d96360116ff269287aba157926,text2qti_choice_5d18cebdab163e2825d104bd56bf5f8cdf9559c612cce5df462ea437d9330169,text2qti_choice_d3850442584e1d45a01bf7f76f42e03f67cc8b56e0f08d0f7d93d293988a22e9</fieldentry>
            </qtimetadatafield>
            <qtimetadatafield>
              <fieldlabel>assessment_question_identifierref</fieldlabel>
              <fieldentry>text2qti_question_ref_c434e0c5135de14a3fd8c44b5613edefa9fd394a196aca2efbc9c6952a35a81b</fieldentry>
            </qtimetadatafield>
          </qtimetadata>
        </itemmetadata>
        <presentation>
          <material>
            <mattext texttype="text/html">&lt;p&gt;Layers misaligned horizontally during a print are usually a sign of?&lt;/p&gt;</mattext>
          </material>
          <response_lid ident="response1" rcardinality="Single">
            <render_choice>
              <response_label ident="text2qti_choice_ca9acf1d672aa5fcebc2e486ad811786a339f8d96360116ff269287aba157926">
                <material>
                  <mattext texttype="text/html">&lt;p&gt;Warping&lt;/p&gt;</mattext>
                </material>
              </response_label>
              <response_label ident="text2qti_choice_5d18cebdab163e2825d104bd56bf5f8cdf9559c612cce5df462ea437d9330169">
                <material>
                  <mattext texttype="text/html">&lt;p&gt;Layer shifts&lt;/p&gt;</mattext>
                </material>
              </response_label>
              <response_label ident="text2qti_choice_d3850442584e1d45a01bf7f76f42e03f67cc8b56e0f08d0f7d93d293988a22e9">
                <material>
                  <mattext texttype="text/html">&lt;p&gt;Over-extrusion&lt;/p&gt;</mattext>
                </material>
              </response_label>
            </render_choice>
          </response_lid>
        </presentation>
        <resprocessing>
          <outcomes>
            <decvar maxvalue="100" minvalue="0" varname="SCORE" vartype="Decimal"/>
          </outcomes>
          <respcondition continue="Yes">
            <conditionvar>
              <varequal respident="response1">text2qti_choice_5d18cebdab163e2825d104bd56bf5f8cdf9559c612cce5df462ea437d9330169</varequal>
            </conditionvar>
            <displayfeedback feedbacktype="Response" linkrefid="text2qti_choice_5d18cebdab163e2825d104bd56bf5f8cdf9559c612cce5df462ea437d9330169_fb"/>
          </respcondition>
          <respcondition continue="No">
            <conditionvar>
              <varequal respident="response1">text2qti_choice_5d18cebdab163e2825d104bd56bf5f8cdf9559c612cce5df462ea437d9330169</varequal>
            </conditionvar>
            <setvar action="Set" varname="SCORE">100</setvar>
          </respcondition>
        </resprocessing>
        <itemfeedback ident="text2qti_choice_5d18cebdab163e2825d104bd56bf5f8cdf9559c612cce5df462ea437d9330169_fb">
          <flow_mat>
            <material>
              <mattext texttype="text/html">&lt;p&gt;Layer shifts can be caused by excessive speed or movement of the printer.&lt;/p&gt;</mattext>
            </material>
          </flow_mat>
        </itemfeedback>
      </item>
      <item ident="text2qti_question_105952289ea99a3cd8f4d45aab9d9d5fdc9b5345fbd982313e6cb4fd69f23995" title="Question">
        <itemmetadata>
          <qtimetadata>
            <qtimetadatafield>
              <fieldlabel>question_type</fieldlabel>
              <fieldentry>multiple_choice_question</fieldentry>
            </qtimetadatafield>
            <qtimetadatafield>
              <fieldlabel>points_possible</fieldlabel>
              <fieldentry>1</fieldentry>
            </qtimetadatafield>
            <qtimetadatafield>
              <fieldlabel>original_answer_ids</fieldlabel>
              <fieldentry>text2qti_choice_ca1aa99674a84af9361ae407f029ae012a8f3507e8bd3d3083648883526e1ea0,text2qti_choice_36db7b27228c36428f49d3c0be718afbe0db967ed035150359d2a12d6b382609,text2qti_choice_21e3763162a3edef6ea3316a84030966fdd012e5aac791905d1ed58ef2455588</fieldentry>
            </qtimetadatafield>
            <qtimetadatafield>
              <fieldlabel>assessment_question_identifierref</fieldlabel>
              <fieldentry>text2qti_question_ref_105952289ea99a3cd8f4d45aab9d9d5fdc9b5345fbd982313e6cb4fd69f23995</fieldentry>
            </qtimetadatafield>
          </qtimetadata>
        </itemmetadata>
        <presentation>
          <material>
            <mattext texttype="text/html">&lt;p&gt;To reduce stringing between features, which adjustment is a good first step?&lt;/p&gt;</mattext>
          </material>
          <response_lid ident="response1" rcardinality="Single">
            <render_choice>
              <response_label ident="text2qti_choice_ca1aa99674a84af9361ae407f029ae012a8f3507e8bd3d3083648883526e1ea0">
                <material>
                  <mattext texttype="text/html">&lt;p&gt;Lower the nozzle temperature slightly&lt;/p&gt;</mattext>
                </material>
              </response_label>
              <response_label ident="text2qti_choice_36db7b27228c36428f49d3c0be718afbe0db967ed035150359d2a12d6b382609">
                <material>
                  <mattext texttype="text/html">&lt;p&gt;Increase bed temperature&lt;/p&gt;</mattext>
                </material>
              </response_label>
              <response_label ident="text2qti_choice_21e3763162a3edef6ea3316a84030966fdd012e5aac791905d1ed58ef2455588">
                <material>
                  <mattext texttype="text/html">&lt;p&gt;Disable retraction&lt;/p&gt;</mattext>
                </material>
              </response_label>
            </render_choice>
          </response_lid>
        </presentation>
        <resprocessing>
          <outcomes>
            <decvar maxvalue="100" minvalue="0" varname="SCORE" vartype="Decimal"/>
          </outcomes>
          <respcondition continue="Yes">
            <conditionvar>
              <varequal respident="response1">text2qti_choice_ca1aa99674a84af9361ae407f029ae012a8f3507e8bd3d3083648883526e1ea0</varequal>
            </conditionvar>
            <displayfeedback feedbacktype="Response" linkrefid="text2qti_choice_ca1aa99674a84af9361ae407f029ae012a8f3507e8bd3d3083648883526e1ea0_fb"/>
          </respcondition>
          <respcondition continue="No">
            <conditionvar>
              <varequal respident="response1">text2qti_choice_ca1aa99674a84af9361ae407f029ae012a8f3507e8bd3d3083648883526e1ea0</varequal>
            </conditionvar>
            <setvar action="Set" varname="SCORE">100</setvar>
          </respcondition>
        </resprocessing>
        <itemfeedback ident="text2qti_choice_ca1aa99674a84af9361ae407f029ae012a8f3507e8bd3d3083648883526e1ea0_fb">
          <flow_mat>
            <material>
              <mattext texttype="text/html">&lt;p&gt;Reducing temperature or checking support settings can cut down on stringing.&lt;/p&gt;</mattext>
            </material>
          </flow_mat>
        </itemfeedback>
      </item>
      <item ident="text2qti_question_b73c70c87d9bd3a6f2704a1665dbe62b83abc4ade14e2531b62a63bc20894db3" title="Question">
        <itemmetadata>
          <qtimetadata>
            <qtimetadatafield>
              <fieldlabel>question_type</fieldlabel>
              <fieldentry>multiple_choice_question</fieldentry>
            </qtimetadatafield>
            <qtimetadatafield>
              <fieldlabel>points_possible</fieldlabel>
              <fieldentry>1</fieldentry>
            </qtimetadatafield>
            <qtimetadatafield>
              <fieldlabel>original_answer_ids</fieldlabel>
              <fieldentry>text2qti_choice_4f37716527853d1c0d0561e67f3f986317e22384cb6accf8e508fbf792565ec9,text2qti_choice_6abf0ae78aff09bca0ebc11ef1dfd33c61d7843b2353baebce47ea9c3a70957a,text2qti_choice_19b0a72dcc5d522a98fa4005d4f657464a95d42727d93113372d09498d607494</fieldentry>
            </qtimetadatafield>
            <qtimetadatafield>
              <fieldlabel>assessment_question_identifierref</fieldlabel>
              <fieldentry>text2qti_question_ref_b73c70c87d9bd3a6f2704a1665dbe62b83abc4ade14e2531b62a63bc20894db3</fieldentry>
            </qtimetadatafield>
          </qtimetadata>
        </itemmetadata>
        <presentation>
          <material>
            <mattext texttype="text/html">&lt;p&gt;Which step starts the iteration cycle for improving a 3D print?&lt;/p&gt;</mattext>
          </material>
          <response_lid ident="response1" rcardinality="Single">
            <render_choice>
              <response_label ident="text2qti_choice_4f37716527853d1c0d0561e67f3f986317e22384cb6accf8e508fbf792565ec9">
                <material>
                  <mattext texttype="text/html">&lt;p&gt;Design&lt;/p&gt;</mattext>
                </material>
              </response_label>
              <response_label ident="text2qti_choice_6abf0ae78aff09bca0ebc11ef1dfd33c61d7843b2353baebce47ea9c3a70957a">
                <material>
                  <mattext texttype="text/html">&lt;p&gt;Evaluate&lt;/p&gt;</mattext>
                </material>
              </response_label>
              <response_label ident="text2qti_choice_19b0a72dcc5d522a98fa4005d4f657464a95d42727d93113372d09498d607494">
                <material>
                  <mattext texttype="text/html">&lt;p&gt;Repeat&lt;/p&gt;</mattext>
                </material>
              </response_label>
            </render_choice>
          </response_lid>
        </presentation>
        <resprocessing>
          <outcomes>
            <decvar maxvalue="100" minvalue="0" varname="SCORE" vartype="Decimal"/>
          </outcomes>
          <respcondition continue="Yes">
            <conditionvar>
              <varequal respident="response1">text2qti_choice_4f37716527853d1c0d0561e67f3f986317e22384cb6accf8e508fbf792565ec9</varequal>
            </conditionvar>
            <displayfeedback feedbacktype="Response" linkrefid="text2qti_choice_4f37716527853d1c0d0561e67f3f986317e22384cb6accf8e508fbf792565ec9_fb"/>
          </respcondition>
          <respcondition continue="No">
            <conditionvar>
              <varequal respident="response1">text2qti_choice_4f37716527853d1c0d0561e67f3f986317e22384cb6accf8e508fbf792565ec9</varequal>
            </conditionvar>
            <setvar action="Set" varname="SCORE">100</setvar>
          </respcondition>
        </resprocessing>
        <itemfeedback ident="text2qti_choice_4f37716527853d1c0d0561e67f3f986317e22384cb6accf8e508fbf792565ec9_fb">
          <flow_mat>
            <material>
              <mattext texttype="text/html">&lt;p&gt;You begin by modeling or adjusting your design.&lt;/p&gt;</mattext>
            </material>
          </flow_mat>
        </itemfeedback>
      </item>
      <item ident="text2qti_question_19d655eb6a4af4696043b4d5d1be971b710c91db39838cc65e88b38c17b118ae" title="Question">
        <itemmetadata>
          <qtimetadata>
            <qtimetadatafield>
              <fieldlabel>question_type</fieldlabel>
              <fieldentry>multiple_choice_question</fieldentry>
            </qtimetadatafield>
            <qtimetadatafield>
              <fieldlabel>points_possible</fieldlabel>
              <fieldentry>1</fieldentry>
            </qtimetadatafield>
            <qtimetadatafield>
              <fieldlabel>original_answer_ids</fieldlabel>
              <fieldentry>text2qti_choice_cfab8032438753a6e9564ddba904004a7ede48334c1ab8d02cf29d248f380802,text2qti_choice_0973442d1fa63a4da9baa7f64d365a017c9b3389f0a1efb5c15e663b7d6c3b10,text2qti_choice_4ef81312c19765ca45cc34d839d9a7f71ff2eb29d2b508eb95a6134a7edca433</fieldentry>
            </qtimetadatafield>
            <qtimetadatafield>
              <fieldlabel>assessment_question_identifierref</fieldlabel>
              <fieldentry>text2qti_question_ref_19d655eb6a4af4696043b4d5d1be971b710c91db39838cc65e88b38c17b118ae</fieldentry>
            </qtimetadatafield>
          </qtimetadata>
        </itemmetadata>
        <presentation>
          <material>
            <mattext texttype="text/html">&lt;p&gt;What information should you record in a troubleshooting log for failed prints?&lt;/p&gt;</mattext>
          </material>
          <response_lid ident="response1" rcardinality="Single">
            <render_choice>
              <response_label ident="text2qti_choice_cfab8032438753a6e9564ddba904004a7ede48334c1ab8d02cf29d248f380802">
                <material>
                  <mattext texttype="text/html">&lt;p&gt;Only the filament color&lt;/p&gt;</mattext>
                </material>
              </response_label>
              <response_label ident="text2qti_choice_0973442d1fa63a4da9baa7f64d365a017c9b3389f0a1efb5c15e663b7d6c3b10">
                <material>
                  <mattext texttype="text/html">&lt;p&gt;Iteration number, changes made, and results&lt;/p&gt;</mattext>
                </material>
              </response_label>
              <response_label ident="text2qti_choice_4ef81312c19765ca45cc34d839d9a7f71ff2eb29d2b508eb95a6134a7edca433">
                <material>
                  <mattext texttype="text/html">&lt;p&gt;Nothing; logs aren&amp;rsquo;t useful&lt;/p&gt;</mattext>
                </material>
              </response_label>
            </render_choice>
          </response_lid>
        </presentation>
        <resprocessing>
          <outcomes>
            <decvar maxvalue="100" minvalue="0" varname="SCORE" vartype="Decimal"/>
          </outcomes>
          <respcondition continue="Yes">
            <conditionvar>
              <varequal respident="response1">text2qti_choice_0973442d1fa63a4da9baa7f64d365a017c9b3389f0a1efb5c15e663b7d6c3b10</varequal>
            </conditionvar>
            <displayfeedback feedbacktype="Response" linkrefid="text2qti_choice_0973442d1fa63a4da9baa7f64d365a017c9b3389f0a1efb5c15e663b7d6c3b10_fb"/>
          </respcondition>
          <respcondition continue="No">
            <conditionvar>
              <varequal respident="response1">text2qti_choice_0973442d1fa63a4da9baa7f64d365a017c9b3389f0a1efb5c15e663b7d6c3b10</varequal>
            </conditionvar>
            <setvar action="Set" varname="SCORE">100</setvar>
          </respcondition>
        </resprocessing>
        <itemfeedback ident="text2qti_choice_0973442d1fa63a4da9baa7f64d365a017c9b3389f0a1efb5c15e663b7d6c3b10_fb">
          <flow_mat>
            <material>
              <mattext texttype="text/html">&lt;p&gt;Detailed logs help track what works and what doesn&amp;rsquo;t.&lt;/p&gt;</mattext>
            </material>
          </flow_mat>
        </itemfeedback>
      </item>
      <item ident="text2qti_question_bb3c8cc7039412b3e4dec7e36e6278f2e85a27ca86cb87ca7ff788dbf657b48c" title="Question">
        <itemmetadata>
          <qtimetadata>
            <qtimetadatafield>
              <fieldlabel>question_type</fieldlabel>
              <fieldentry>multiple_choice_question</fieldentry>
            </qtimetadatafield>
            <qtimetadatafield>
              <fieldlabel>points_possible</fieldlabel>
              <fieldentry>1</fieldentry>
            </qtimetadatafield>
            <qtimetadatafield>
              <fieldlabel>original_answer_ids</fieldlabel>
              <fieldentry>text2qti_choice_cc0dafa23db7fcb3ad9487a806e85981ff42d2df8d7c13afe9c89902933a74aa,text2qti_choice_fc5feeba73f7c46fed87682483e68ecce6608829afc893a03bf3ca767a589d4b,text2qti_choice_0bf8ae9074b7fe4094177ed7d275ae01da97a54af12e8ba9894a508cbaa23d11</fieldentry>
            </qtimetadatafield>
            <qtimetadatafield>
              <fieldlabel>assessment_question_identifierref</fieldlabel>
              <fieldentry>text2qti_question_ref_bb3c8cc7039412b3e4dec7e36e6278f2e85a27ca86cb87ca7ff788dbf657b48c</fieldentry>
            </qtimetadatafield>
          </qtimetadata>
        </itemmetadata>
        <presentation>
          <material>
            <mattext texttype="text/html">&lt;p&gt;After addressing warping, your next print still fails the same way. What should you do?&lt;/p&gt;</mattext>
          </material>
          <response_lid ident="response1" rcardinality="Single">
            <render_choice>
              <response_label ident="text2qti_choice_cc0dafa23db7fcb3ad9487a806e85981ff42d2df8d7c13afe9c89902933a74aa">
                <material>
                  <mattext texttype="text/html">&lt;p&gt;Keep reprinting without changes&lt;/p&gt;</mattext>
                </material>
              </response_label>
              <response_label ident="text2qti_choice_fc5feeba73f7c46fed87682483e68ecce6608829afc893a03bf3ca767a589d4b">
                <material>
                  <mattext texttype="text/html">&lt;p&gt;Re-analyze the problem and adjust design or settings again&lt;/p&gt;</mattext>
                </material>
              </response_label>
              <response_label ident="text2qti_choice_0bf8ae9074b7fe4094177ed7d275ae01da97a54af12e8ba9894a508cbaa23d11">
                <material>
                  <mattext texttype="text/html">&lt;p&gt;Give up on the design&lt;/p&gt;</mattext>
                </material>
              </response_label>
            </render_choice>
          </response_lid>
        </presentation>
        <resprocessing>
          <outcomes>
            <decvar maxvalue="100" minvalue="0" varname="SCORE" vartype="Decimal"/>
          </outcomes>
          <respcondition continue="Yes">
            <conditionvar>
              <varequal respident="response1">text2qti_choice_fc5feeba73f7c46fed87682483e68ecce6608829afc893a03bf3ca767a589d4b</varequal>
            </conditionvar>
            <displayfeedback feedbacktype="Response" linkrefid="text2qti_choice_fc5feeba73f7c46fed87682483e68ecce6608829afc893a03bf3ca767a589d4b_fb"/>
          </respcondition>
          <respcondition continue="No">
            <conditionvar>
              <varequal respident="response1">text2qti_choice_fc5feeba73f7c46fed87682483e68ecce6608829afc893a03bf3ca767a589d4b</varequal>
            </conditionvar>
            <setvar action="Set" varname="SCORE">100</setvar>
          </respcondition>
        </resprocessing>
        <itemfeedback ident="text2qti_choice_fc5feeba73f7c46fed87682483e68ecce6608829afc893a03bf3ca767a589d4b_fb">
          <flow_mat>
            <material>
              <mattext texttype="text/html">&lt;p&gt;Each failure is data—use it to refine your approach.&lt;/p&gt;</mattext>
            </material>
          </flow_mat>
        </itemfeedback>
      </item>
      <item ident="text2qti_question_1f8672c9d9edc90d74b9fce9d12025d4b06b4149f976ec1f8ec2e2288cade52e" title="Question">
        <itemmetadata>
          <qtimetadata>
            <qtimetadatafield>
              <fieldlabel>question_type</fieldlabel>
              <fieldentry>multiple_choice_question</fieldentry>
            </qtimetadatafield>
            <qtimetadatafield>
              <fieldlabel>points_possible</fieldlabel>
              <fieldentry>1</fieldentry>
            </qtimetadatafield>
            <qtimetadatafield>
              <fieldlabel>original_answer_ids</fieldlabel>
              <fieldentry>text2qti_choice_a6b98ece502fee8b84f1b883ae828bfb971003d0b805f5e9d93a0f240fcf9cae,text2qti_choice_6aba7614c7a67070546c10e0ed188bd11928a006628998287d9154b05ed40052,text2qti_choice_84ea2dc323273d6fccfadea13439abfe2e8cf71316d4cc6b7af4d47cc29be6e1</fieldentry>
            </qtimetadatafield>
            <qtimetadatafield>
              <fieldlabel>assessment_question_identifierref</fieldlabel>
              <fieldentry>text2qti_question_ref_1f8672c9d9edc90d74b9fce9d12025d4b06b4149f976ec1f8ec2e2288cade52e</fieldentry>
            </qtimetadatafield>
          </qtimetadata>
        </itemmetadata>
        <presentation>
          <material>
            <mattext texttype="text/html">&lt;p&gt;Even after lowering print speed, layer shifts persist. What else might you check?&lt;/p&gt;</mattext>
          </material>
          <response_lid ident="response1" rcardinality="Single">
            <render_choice>
              <response_label ident="text2qti_choice_a6b98ece502fee8b84f1b883ae828bfb971003d0b805f5e9d93a0f240fcf9cae">
                <material>
                  <mattext texttype="text/html">&lt;p&gt;Ensure the printer rack wheels are locked to prevent movement&lt;/p&gt;</mattext>
                </material>
              </response_label>
              <response_label ident="text2qti_choice_6aba7614c7a67070546c10e0ed188bd11928a006628998287d9154b05ed40052">
                <material>
                  <mattext texttype="text/html">&lt;p&gt;Increase nozzle temperature&lt;/p&gt;</mattext>
                </material>
              </response_label>
              <response_label ident="text2qti_choice_84ea2dc323273d6fccfadea13439abfe2e8cf71316d4cc6b7af4d47cc29be6e1">
                <material>
                  <mattext texttype="text/html">&lt;p&gt;Remove all supports&lt;/p&gt;</mattext>
                </material>
              </response_label>
            </render_choice>
          </response_lid>
        </presentation>
        <resprocessing>
          <outcomes>
            <decvar maxvalue="100" minvalue="0" varname="SCORE" vartype="Decimal"/>
          </outcomes>
          <respcondition continue="Yes">
            <conditionvar>
              <varequal respident="response1">text2qti_choice_a6b98ece502fee8b84f1b883ae828bfb971003d0b805f5e9d93a0f240fcf9cae</varequal>
            </conditionvar>
            <displayfeedback feedbacktype="Response" linkrefid="text2qti_choice_a6b98ece502fee8b84f1b883ae828bfb971003d0b805f5e9d93a0f240fcf9cae_fb"/>
          </respcondition>
          <respcondition continue="No">
            <conditionvar>
              <varequal respident="response1">text2qti_choice_a6b98ece502fee8b84f1b883ae828bfb971003d0b805f5e9d93a0f240fcf9cae</varequal>
            </conditionvar>
            <setvar action="Set" varname="SCORE">100</setvar>
          </respcondition>
        </resprocessing>
        <itemfeedback ident="text2qti_choice_a6b98ece502fee8b84f1b883ae828bfb971003d0b805f5e9d93a0f240fcf9cae_fb">
          <flow_mat>
            <material>
              <mattext texttype="text/html">&lt;p&gt;A moving printer can cause layers to misalign.&lt;/p&gt;</mattext>
            </material>
          </flow_mat>
        </itemfeedback>
      </item>
    </section>
  </assessment>
</questestinterop>
