<?xml version="1.0" encoding="UTF-8"?>
<questestinterop xmlns="http://www.imsglobal.org/xsd/ims_qtiasiv1p2" xmlns:xsi="http://www.w3.org/2001/XMLSchema-instance" xsi:schemaLocation="http://www.imsglobal.org/xsd/ims_qtiasiv1p2 http://www.imsglobal.org/xsd/ims_qtiasiv1p2p1.xsd">
  <assessment ident="text2qti_assessment_bbf97fe9d82b947532e2185e4db4ab0435fe1931966986e9b5f88aa0c3f1b4f7" title="Basic Structure">
    <qtimetadata>
      <qtimetadatafield>
        <fieldlabel>cc_maxattempts</fieldlabel>
        <fieldentry>1</fieldentry>
      </qtimetadatafield>
    </qtimetadata>
    <section ident="root_section">
      <item ident="text2qti_question_8415b453f383120d3dbea5713e6026253873024d927d4965679811f55c97c214" title="Question">
        <itemmetadata>
          <qtimetadata>
            <qtimetadatafield>
              <fieldlabel>question_type</fieldlabel>
              <fieldentry>multiple_choice_question</fieldentry>
            </qtimetadatafield>
            <qtimetadatafield>
              <fieldlabel>points_possible</fieldlabel>
              <fieldentry>1</fieldentry>
            </qtimetadatafield>
            <qtimetadatafield>
              <fieldlabel>original_answer_ids</fieldlabel>
              <fieldentry>text2qti_choice_e8043881e0700d7d26389ae2220fb5c857c06d2c22c4bb469c96d8b135126648,text2qti_choice_a55053ba62a89385a337d5aeb7f4687b337efde3693d04d67f08da2a29b93b51,text2qti_choice_6ae40b316f5b21b73be33aec6c12ef2e08fb133fd3e3b8d0d66c6ee8694daa7c</fieldentry>
            </qtimetadatafield>
            <qtimetadatafield>
              <fieldlabel>assessment_question_identifierref</fieldlabel>
              <fieldentry>text2qti_question_ref_8415b453f383120d3dbea5713e6026253873024d927d4965679811f55c97c214</fieldentry>
            </qtimetadatafield>
          </qtimetadata>
        </itemmetadata>
        <presentation>
          <material>
            <mattext texttype="text/html">&lt;p&gt;Which character begins a single-line comment in Arduino?&lt;/p&gt;</mattext>
          </material>
          <response_lid ident="response1" rcardinality="Single">
            <render_choice>
              <response_label ident="text2qti_choice_e8043881e0700d7d26389ae2220fb5c857c06d2c22c4bb469c96d8b135126648">
                <material>
                  <mattext texttype="text/html">&lt;p&gt;//&lt;/p&gt;</mattext>
                </material>
              </response_label>
              <response_label ident="text2qti_choice_a55053ba62a89385a337d5aeb7f4687b337efde3693d04d67f08da2a29b93b51">
                <material>
                  <mattext texttype="text/html">&lt;p&gt;/**&lt;/p&gt;</mattext>
                </material>
              </response_label>
              <response_label ident="text2qti_choice_6ae40b316f5b21b73be33aec6c12ef2e08fb133fd3e3b8d0d66c6ee8694daa7c">
                <material>
                  <mattext texttype="text/html">&lt;p&gt;&amp;lt;!&amp;ndash;&lt;/p&gt;</mattext>
                </material>
              </response_label>
            </render_choice>
          </response_lid>
        </presentation>
        <resprocessing>
          <outcomes>
            <decvar maxvalue="100" minvalue="0" varname="SCORE" vartype="Decimal"/>
          </outcomes>
          <respcondition continue="Yes">
            <conditionvar>
              <varequal respident="response1">text2qti_choice_e8043881e0700d7d26389ae2220fb5c857c06d2c22c4bb469c96d8b135126648</varequal>
            </conditionvar>
            <displayfeedback feedbacktype="Response" linkrefid="text2qti_choice_e8043881e0700d7d26389ae2220fb5c857c06d2c22c4bb469c96d8b135126648_fb"/>
          </respcondition>
          <respcondition continue="No">
            <conditionvar>
              <varequal respident="response1">text2qti_choice_e8043881e0700d7d26389ae2220fb5c857c06d2c22c4bb469c96d8b135126648</varequal>
            </conditionvar>
            <setvar action="Set" varname="SCORE">100</setvar>
          </respcondition>
        </resprocessing>
        <itemfeedback ident="text2qti_choice_e8043881e0700d7d26389ae2220fb5c857c06d2c22c4bb469c96d8b135126648_fb">
          <flow_mat>
            <material>
              <mattext texttype="text/html">&lt;p&gt;Correct. Double slashes begin a comment.&lt;/p&gt;</mattext>
            </material>
          </flow_mat>
        </itemfeedback>
      </item>
      <item ident="text2qti_question_f6fd237157f69c486a99384aab9cf3eedf4cd3004955ce5452ed02d9b29e986a" title="Question">
        <itemmetadata>
          <qtimetadata>
            <qtimetadatafield>
              <fieldlabel>question_type</fieldlabel>
              <fieldentry>essay_question</fieldentry>
            </qtimetadatafield>
            <qtimetadatafield>
              <fieldlabel>points_possible</fieldlabel>
              <fieldentry>1</fieldentry>
            </qtimetadatafield>
            <qtimetadatafield>
              <fieldlabel>original_answer_ids</fieldlabel>
              <fieldentry></fieldentry>
            </qtimetadatafield>
            <qtimetadatafield>
              <fieldlabel>assessment_question_identifierref</fieldlabel>
              <fieldentry>text2qti_question_ref_f6fd237157f69c486a99384aab9cf3eedf4cd3004955ce5452ed02d9b29e986a</fieldentry>
            </qtimetadatafield>
          </qtimetadata>
        </itemmetadata>
        <presentation>
          <material>
            <mattext texttype="text/html">&lt;p&gt;Which two functions must be present in every Arduino sketch?&lt;/p&gt;</mattext>
          </material>
          <response_str ident="response1" rcardinality="Single">
            <render_fib>
              <response_label ident="answer1" rshuffle="No"/>
            </render_fib>
          </response_str>
        </presentation>
        <resprocessing>
          <outcomes>
            <decvar maxvalue="100" minvalue="0" varname="SCORE" vartype="Decimal"/>
          </outcomes>
          <respcondition continue="No">
            <conditionvar>
              <other/>
            </conditionvar>
          </respcondition>
          <respcondition continue="Yes">
            <conditionvar>
              <other/>
            </conditionvar>
            <displayfeedback feedbacktype="Response" linkrefid="general_fb"/>
          </respcondition>
        </resprocessing>
        <itemfeedback ident="general_fb">
          <flow_mat>
            <material>
              <mattext texttype="text/html">&lt;p&gt;These functions define what happens once and what repeats.&lt;/p&gt;</mattext>
            </material>
          </flow_mat>
        </itemfeedback>
      </item>
      <item ident="text2qti_question_8153a3d0fe76b9e43b09a06507987328bcc4f9ce840c849e052b936cd0512ba9" title="Question">
        <itemmetadata>
          <qtimetadata>
            <qtimetadatafield>
              <fieldlabel>question_type</fieldlabel>
              <fieldentry>multiple_choice_question</fieldentry>
            </qtimetadatafield>
            <qtimetadatafield>
              <fieldlabel>points_possible</fieldlabel>
              <fieldentry>1</fieldentry>
            </qtimetadatafield>
            <qtimetadatafield>
              <fieldlabel>original_answer_ids</fieldlabel>
              <fieldentry>text2qti_choice_a340a25f381f2b308e4daa8c390f69fc6acba69c6d280c9186fc5987db7caea2,text2qti_choice_fb55328fae0bad5c437a824bce42dec3bc0bf58787cfbc3a19b0bc90382684e2,text2qti_choice_9ef232d783d12957549da4da6d4d2e094d7f164095b8f8e8b9b0553d41299ada,text2qti_choice_80588e2403118f67e84174028c9dc1304065535185434152269837eb53b28831</fieldentry>
            </qtimetadatafield>
            <qtimetadatafield>
              <fieldlabel>assessment_question_identifierref</fieldlabel>
              <fieldentry>text2qti_question_ref_8153a3d0fe76b9e43b09a06507987328bcc4f9ce840c849e052b936cd0512ba9</fieldentry>
            </qtimetadatafield>
          </qtimetadata>
        </itemmetadata>
        <presentation>
          <material>
            <mattext texttype="text/html">&lt;p&gt;What does this sketch print to the Serial Monitor?&lt;/p&gt;</mattext>
          </material>
          <response_lid ident="response1" rcardinality="Single">
            <render_choice>
              <response_label ident="text2qti_choice_a340a25f381f2b308e4daa8c390f69fc6acba69c6d280c9186fc5987db7caea2">
                <material>
                  <mattext texttype="text/html">&lt;p&gt;It prints nothing.&lt;/p&gt;</mattext>
                </material>
              </response_label>
              <response_label ident="text2qti_choice_fb55328fae0bad5c437a824bce42dec3bc0bf58787cfbc3a19b0bc90382684e2">
                <material>
                  <mattext texttype="text/html">&lt;p&gt;It prints &amp;ldquo;Hi&amp;rdquo; once.&lt;/p&gt;</mattext>
                </material>
              </response_label>
              <response_label ident="text2qti_choice_9ef232d783d12957549da4da6d4d2e094d7f164095b8f8e8b9b0553d41299ada">
                <material>
                  <mattext texttype="text/html">&lt;p&gt;It prints &amp;ldquo;Hi&amp;rdquo; repeatedly.&lt;/p&gt;</mattext>
                </material>
              </response_label>
              <response_label ident="text2qti_choice_80588e2403118f67e84174028c9dc1304065535185434152269837eb53b28831">
                <material>
                  <mattext texttype="text/html">&lt;p&gt;It prints &amp;ldquo;HiHi&amp;rdquo;.&lt;/p&gt;</mattext>
                </material>
              </response_label>
            </render_choice>
          </response_lid>
        </presentation>
        <resprocessing>
          <outcomes>
            <decvar maxvalue="100" minvalue="0" varname="SCORE" vartype="Decimal"/>
          </outcomes>
          <respcondition continue="Yes">
            <conditionvar>
              <varequal respident="response1">text2qti_choice_fb55328fae0bad5c437a824bce42dec3bc0bf58787cfbc3a19b0bc90382684e2</varequal>
            </conditionvar>
            <displayfeedback feedbacktype="Response" linkrefid="text2qti_choice_fb55328fae0bad5c437a824bce42dec3bc0bf58787cfbc3a19b0bc90382684e2_fb"/>
          </respcondition>
          <respcondition continue="No">
            <conditionvar>
              <varequal respident="response1">text2qti_choice_fb55328fae0bad5c437a824bce42dec3bc0bf58787cfbc3a19b0bc90382684e2</varequal>
            </conditionvar>
            <setvar action="Set" varname="SCORE">100</setvar>
          </respcondition>
        </resprocessing>
        <itemfeedback ident="text2qti_choice_fb55328fae0bad5c437a824bce42dec3bc0bf58787cfbc3a19b0bc90382684e2_fb">
          <flow_mat>
            <material>
              <mattext texttype="text/html">&lt;p&gt;&lt;code&gt;Serial.println&lt;/code&gt; in &lt;code&gt;setup()&lt;/code&gt; executes a single time.&lt;/p&gt;</mattext>
            </material>
          </flow_mat>
        </itemfeedback>
      </item>
    </section>
  </assessment>
</questestinterop>
