<?xml version="1.0" encoding="UTF-8"?>
<questestinterop xmlns="http://www.imsglobal.org/xsd/ims_qtiasiv1p2" xmlns:xsi="http://www.w3.org/2001/XMLSchema-instance" xsi:schemaLocation="http://www.imsglobal.org/xsd/ims_qtiasiv1p2 http://www.imsglobal.org/xsd/ims_qtiasiv1p2p1.xsd">
  <assessment ident="text2qti_assessment_da9be7c130642225eed1da51451bc29431d04ee75c432efe323b372f44ebc695" title="Second Program">
    <qtimetadata>
      <qtimetadatafield>
        <fieldlabel>cc_maxattempts</fieldlabel>
        <fieldentry>1</fieldentry>
      </qtimetadatafield>
    </qtimetadata>
    <section ident="root_section">
      <item ident="text2qti_question_8dbbb5d4635baf329a40fca5ee2dd9544c47751229acf5aa9af1ed3e7dbd630c" title="Question">
        <itemmetadata>
          <qtimetadata>
            <qtimetadatafield>
              <fieldlabel>question_type</fieldlabel>
              <fieldentry>multiple_choice_question</fieldentry>
            </qtimetadatafield>
            <qtimetadatafield>
              <fieldlabel>points_possible</fieldlabel>
              <fieldentry>1</fieldentry>
            </qtimetadatafield>
            <qtimetadatafield>
              <fieldlabel>original_answer_ids</fieldlabel>
              <fieldentry>text2qti_choice_64827a6cb10e062e3b298237189a2d7e01355a570219f1539a31169d984ac9ee,text2qti_choice_76a1c4c0077f90da7593aa43dc9755f8584415827b0cb9261ddb6eb75c083322,text2qti_choice_03c3cc6c024476ec494c0ea0a12dd4a8fd9b013e4fbc4b8e545fe4cda0b582db</fieldentry>
            </qtimetadatafield>
            <qtimetadatafield>
              <fieldlabel>assessment_question_identifierref</fieldlabel>
              <fieldentry>text2qti_question_ref_8dbbb5d4635baf329a40fca5ee2dd9544c47751229acf5aa9af1ed3e7dbd630c</fieldentry>
            </qtimetadatafield>
          </qtimetadata>
        </itemmetadata>
        <presentation>
          <material>
            <mattext texttype="text/html">&lt;p&gt;Which function continuously repeats during program execution?&lt;/p&gt;</mattext>
          </material>
          <response_lid ident="response1" rcardinality="Single">
            <render_choice>
              <response_label ident="text2qti_choice_64827a6cb10e062e3b298237189a2d7e01355a570219f1539a31169d984ac9ee">
                <material>
                  <mattext texttype="text/html">&lt;p&gt;setup()&lt;/p&gt;</mattext>
                </material>
              </response_label>
              <response_label ident="text2qti_choice_76a1c4c0077f90da7593aa43dc9755f8584415827b0cb9261ddb6eb75c083322">
                <material>
                  <mattext texttype="text/html">&lt;p&gt;loop()&lt;/p&gt;</mattext>
                </material>
              </response_label>
              <response_label ident="text2qti_choice_03c3cc6c024476ec494c0ea0a12dd4a8fd9b013e4fbc4b8e545fe4cda0b582db">
                <material>
                  <mattext texttype="text/html">&lt;p&gt;start()&lt;/p&gt;</mattext>
                </material>
              </response_label>
            </render_choice>
          </response_lid>
        </presentation>
        <resprocessing>
          <outcomes>
            <decvar maxvalue="100" minvalue="0" varname="SCORE" vartype="Decimal"/>
          </outcomes>
          <respcondition continue="Yes">
            <conditionvar>
              <varequal respident="response1">text2qti_choice_76a1c4c0077f90da7593aa43dc9755f8584415827b0cb9261ddb6eb75c083322</varequal>
            </conditionvar>
            <displayfeedback feedbacktype="Response" linkrefid="text2qti_choice_76a1c4c0077f90da7593aa43dc9755f8584415827b0cb9261ddb6eb75c083322_fb"/>
          </respcondition>
          <respcondition continue="No">
            <conditionvar>
              <varequal respident="response1">text2qti_choice_76a1c4c0077f90da7593aa43dc9755f8584415827b0cb9261ddb6eb75c083322</varequal>
            </conditionvar>
            <setvar action="Set" varname="SCORE">100</setvar>
          </respcondition>
        </resprocessing>
        <itemfeedback ident="text2qti_choice_76a1c4c0077f90da7593aa43dc9755f8584415827b0cb9261ddb6eb75c083322_fb">
          <flow_mat>
            <material>
              <mattext texttype="text/html">&lt;p&gt;&lt;code&gt;loop()&lt;/code&gt; runs over and over after setup completes.&lt;/p&gt;</mattext>
            </material>
          </flow_mat>
        </itemfeedback>
      </item>
      <item ident="text2qti_question_d7d0d7e547adb23b848c4b2451ec7443828154ed36a310a6699da4700c59f306" title="Question">
        <itemmetadata>
          <qtimetadata>
            <qtimetadatafield>
              <fieldlabel>question_type</fieldlabel>
              <fieldentry>multiple_choice_question</fieldentry>
            </qtimetadatafield>
            <qtimetadatafield>
              <fieldlabel>points_possible</fieldlabel>
              <fieldentry>1</fieldentry>
            </qtimetadatafield>
            <qtimetadatafield>
              <fieldlabel>original_answer_ids</fieldlabel>
              <fieldentry>text2qti_choice_f6481f05760893cc39d7dc9ca2d630d41acb9febde882c835a67a2d4bcdddbeb,text2qti_choice_87e3a64ab18fa40c09531c52540c9d84acf33cbff92502e32150f863bb810b66,text2qti_choice_fedd7ef2ab202838f0ed1ac87b7ff03f8bfb4746d8869ba355f7af9da14ad565</fieldentry>
            </qtimetadatafield>
            <qtimetadatafield>
              <fieldlabel>assessment_question_identifierref</fieldlabel>
              <fieldentry>text2qti_question_ref_d7d0d7e547adb23b848c4b2451ec7443828154ed36a310a6699da4700c59f306</fieldentry>
            </qtimetadatafield>
          </qtimetadata>
        </itemmetadata>
        <presentation>
          <material>
            <mattext texttype="text/html">&lt;p&gt;Which operator increments a variable by one?&lt;/p&gt;</mattext>
          </material>
          <response_lid ident="response1" rcardinality="Single">
            <render_choice>
              <response_label ident="text2qti_choice_f6481f05760893cc39d7dc9ca2d630d41acb9febde882c835a67a2d4bcdddbeb">
                <material>
                  <mattext texttype="text/html">&lt;p&gt;++&lt;/p&gt;</mattext>
                </material>
              </response_label>
              <response_label ident="text2qti_choice_87e3a64ab18fa40c09531c52540c9d84acf33cbff92502e32150f863bb810b66">
                <material>
                  <mattext texttype="text/html">&lt;p&gt;+=2&lt;/p&gt;</mattext>
                </material>
              </response_label>
              <response_label ident="text2qti_choice_fedd7ef2ab202838f0ed1ac87b7ff03f8bfb4746d8869ba355f7af9da14ad565">
                <material>
                  <mattext texttype="text/html">&lt;p&gt;&amp;ndash;&lt;/p&gt;</mattext>
                </material>
              </response_label>
            </render_choice>
          </response_lid>
        </presentation>
        <resprocessing>
          <outcomes>
            <decvar maxvalue="100" minvalue="0" varname="SCORE" vartype="Decimal"/>
          </outcomes>
          <respcondition continue="Yes">
            <conditionvar>
              <varequal respident="response1">text2qti_choice_f6481f05760893cc39d7dc9ca2d630d41acb9febde882c835a67a2d4bcdddbeb</varequal>
            </conditionvar>
            <displayfeedback feedbacktype="Response" linkrefid="text2qti_choice_f6481f05760893cc39d7dc9ca2d630d41acb9febde882c835a67a2d4bcdddbeb_fb"/>
          </respcondition>
          <respcondition continue="No">
            <conditionvar>
              <varequal respident="response1">text2qti_choice_f6481f05760893cc39d7dc9ca2d630d41acb9febde882c835a67a2d4bcdddbeb</varequal>
            </conditionvar>
            <setvar action="Set" varname="SCORE">100</setvar>
          </respcondition>
        </resprocessing>
        <itemfeedback ident="text2qti_choice_f6481f05760893cc39d7dc9ca2d630d41acb9febde882c835a67a2d4bcdddbeb_fb">
          <flow_mat>
            <material>
              <mattext texttype="text/html">&lt;p&gt;&lt;code&gt;++&lt;/code&gt; increases the value by one.&lt;/p&gt;</mattext>
            </material>
          </flow_mat>
        </itemfeedback>
      </item>
      <item ident="text2qti_question_a69f4ad292ba086f038449c7d11a189ca0ddc91bec59ae87e1d3c81a04776f47" title="Question">
        <itemmetadata>
          <qtimetadata>
            <qtimetadatafield>
              <fieldlabel>question_type</fieldlabel>
              <fieldentry>multiple_choice_question</fieldentry>
            </qtimetadatafield>
            <qtimetadatafield>
              <fieldlabel>points_possible</fieldlabel>
              <fieldentry>1</fieldentry>
            </qtimetadatafield>
            <qtimetadatafield>
              <fieldlabel>original_answer_ids</fieldlabel>
              <fieldentry>text2qti_choice_8817c668a6d901d58e7c2e87e196e43f24367cebaad1910ff382b679e8744ebf,text2qti_choice_f2554b50d94454754f806b6acb96486a1dbb77ca6f2a88d17c4555615d7af255,text2qti_choice_cdb68f2917a514350e53bfe5de1a0e490a74e87ef74fbd7ec7b83f3d0b00e388</fieldentry>
            </qtimetadatafield>
            <qtimetadatafield>
              <fieldlabel>assessment_question_identifierref</fieldlabel>
              <fieldentry>text2qti_question_ref_a69f4ad292ba086f038449c7d11a189ca0ddc91bec59ae87e1d3c81a04776f47</fieldentry>
            </qtimetadatafield>
          </qtimetadata>
        </itemmetadata>
        <presentation>
          <material>
            <mattext texttype="text/html">&lt;p&gt;What value does &lt;code&gt;x&lt;/code&gt; hold after this code runs?&lt;/p&gt;</mattext>
          </material>
          <response_lid ident="response1" rcardinality="Single">
            <render_choice>
              <response_label ident="text2qti_choice_8817c668a6d901d58e7c2e87e196e43f24367cebaad1910ff382b679e8744ebf">
                <material>
                  <mattext texttype="text/html">&lt;p&gt;2&lt;/p&gt;</mattext>
                </material>
              </response_label>
              <response_label ident="text2qti_choice_f2554b50d94454754f806b6acb96486a1dbb77ca6f2a88d17c4555615d7af255">
                <material>
                  <mattext texttype="text/html">&lt;p&gt;1&lt;/p&gt;</mattext>
                </material>
              </response_label>
              <response_label ident="text2qti_choice_cdb68f2917a514350e53bfe5de1a0e490a74e87ef74fbd7ec7b83f3d0b00e388">
                <material>
                  <mattext texttype="text/html">&lt;p&gt;0&lt;/p&gt;</mattext>
                </material>
              </response_label>
            </render_choice>
          </response_lid>
        </presentation>
        <resprocessing>
          <outcomes>
            <decvar maxvalue="100" minvalue="0" varname="SCORE" vartype="Decimal"/>
          </outcomes>
          <respcondition continue="Yes">
            <conditionvar>
              <varequal respident="response1">text2qti_choice_8817c668a6d901d58e7c2e87e196e43f24367cebaad1910ff382b679e8744ebf</varequal>
            </conditionvar>
            <displayfeedback feedbacktype="Response" linkrefid="text2qti_choice_8817c668a6d901d58e7c2e87e196e43f24367cebaad1910ff382b679e8744ebf_fb"/>
          </respcondition>
          <respcondition continue="No">
            <conditionvar>
              <varequal respident="response1">text2qti_choice_8817c668a6d901d58e7c2e87e196e43f24367cebaad1910ff382b679e8744ebf</varequal>
            </conditionvar>
            <setvar action="Set" varname="SCORE">100</setvar>
          </respcondition>
        </resprocessing>
        <itemfeedback ident="text2qti_choice_8817c668a6d901d58e7c2e87e196e43f24367cebaad1910ff382b679e8744ebf_fb">
          <flow_mat>
            <material>
              <mattext texttype="text/html">&lt;p&gt;&lt;code&gt;x&lt;/code&gt; is incremented twice before being printed.&lt;/p&gt;</mattext>
            </material>
          </flow_mat>
        </itemfeedback>
      </item>
    </section>
  </assessment>
</questestinterop>
